time,power_mw
2025-01-01T00:00:00Z,0.000000
2025-01-01T01:00:00Z,0.000000
2025-01-01T02:00:00Z,0.000000
2025-01-01T03:00:00Z,0.000000
2025-01-01T04:00:00Z,0.000000
2025-01-01T05:00:00Z,0.000000
2025-01-01T06:00:00Z,0.000000
2025-01-01T07:00:00Z,0.000000
2025-01-01T08:00:00Z,0.000000
2025-01-01T09:00:00Z,0.000000
2025-01-01T10:00:00Z,0.000000
2025-01-01T11:00:00Z,0.000000
2025-01-01T12:00:00Z,0.000000
2025-01-01T13:00:00Z,0.000000
2025-01-01T14:00:00Z,0.000000
2025-01-01T15:00:00Z,0.000000
2025-01-01T16:00:00Z,0.000000
2025-01-01T17:00:00Z,0.000000
2025-01-01T18:00:00Z,0.000000
2025-01-01T19:00:00Z,0.000000
2025-01-01T20:00:00Z,0.000000
2025-01-01T21:00:00Z,0.000000
2025-01-01T22:00:00Z,0.000000
2025-01-01T23:00:00Z,0.000000
2025-01-02T00:00:00Z,0.000000
2025-01-02T01:00:00Z,0.000000
2025-01-02T02:00:00Z,0.000000
2025-01-02T03:00:00Z,0.000000
2025-01-02T04:00:00Z,0.000000
2025-01-02T05:00:00Z,0.000000
2025-01-02T06:00:00Z,0.000000
2025-01-02T07:00:00Z,0.000000
2025-01-02T08:00:00Z,0.000000
2025-01-02T09:00:00Z,0.000000
2025-01-02T10:00:00Z,0.963808
2025-01-02T11:00:00Z,1.246960
2025-01-02T12:00:00Z,0.000000
2025-01-02T13:00:00Z,0.000000
2025-01-02T14:00:00Z,0.000000
2025-01-02T15:00:00Z,0.000000
2025-01-02T16:00:00Z,0.000000
2025-01-02T17:00:00Z,0.000000
2025-01-02T18:00:00Z,0.000000
2025-01-02T19:00:00Z,0.000000
2025-01-02T20:00:00Z,0.000000
2025-01-02T21:00:00Z,0.000000
2025-01-02T22:00:00Z,0.000000
2025-01-02T23:00:00Z,0.000000
2025-01-03T00:00:00Z,0.000000
2025-01-03T01:00:00Z,0.000000
2025-01-03T02:00:00Z,0.000000
2025-01-03T03:00:00Z,0.000000
2025-01-03T04:00:00Z,0.000000
2025-01-03T05:00:00Z,0.000000
2025-01-03T06:00:00Z,0.000000
2025-01-03T07:00:00Z,0.000000
2025-01-03T08:00:00Z,0.000000
2025-01-03T09:00:00Z,0.000000
2025-01-03T10:00:00Z,0.796866
2025-01-03T11:00:00Z,1.376817
2025-01-03T12:00:00Z,0.550912
2025-01-03T13:00:00Z,0.000000
2025-01-03T14:00:00Z,0.000000
2025-01-03T15:00:00Z,0.000000
2025-01-03T16:00:00Z,0.000000
2025-01-03T17:00:00Z,0.000000
2025-01-03T18:00:00Z,0.000000
2025-01-03T19:00:00Z,0.000000
2025-01-03T20:00:00Z,0.000000
2025-01-03T21:00:00Z,0.000000
2025-01-03T22:00:00Z,0.000000
2025-01-03T23:00:00Z,0.000000
2025-01-04T00:00:00Z,0.000000
2025-01-04T01:00:00Z,0.000000
2025-01-04T02:00:00Z,0.000000
2025-01-04T03:00:00Z,0.000000
2025-01-04T04:00:00Z,0.000000
2025-01-04T05:00:00Z,0.000000
2025-01-04T06:00:00Z,0.000000
2025-01-04T07:00:00Z,0.000000
2025-01-04T08:00:00Z,0.000000
2025-01-04T09:00:00Z,0.000000
2025-01-04T10:00:00Z,0.000000
2025-01-04T11:00:00Z,0.000000
2025-01-04T12:00:00Z,0.000000
2025-01-04T13:00:00Z,0.000000
2025-01-04T14:00:00Z,0.000000
2025-01-04T15:00:00Z,0.000000
2025-01-04T16:00:00Z,0.000000
2025-01-04T17:00:00Z,0.000000
2025-01-04T18:00:00Z,0.000000
2025-01-04T19:00:00Z,0.000000
2025-01-04T20:00:00Z,0.000000
2025-01-04T21:00:00Z,0.000000
2025-01-04T22:00:00Z,0.000000
2025-01-04T23:00:00Z,0.000000
2025-01-05T00:00:00Z,0.000000
2025-01-05T01:00:00Z,0.000000
2025-01-05T02:00:00Z,0.000000
2025-01-05T03:00:00Z,0.000000
2025-01-05T04:00:00Z,0.000000
2025-01-05T05:00:00Z,0.000000
2025-01-05T06:00:00Z,0.000000
2025-01-05T07:00:00Z,0.000000
2025-01-05T08:00:00Z,0.000000
2025-01-05T09:00:00Z,0.000000
2025-01-05T10:00:00Z,0.000000
2025-01-05T11:00:00Z,0.000000
2025-01-05T12:00:00Z,0.000000
2025-01-05T13:00:00Z,0.000000
2025-01-05T14:00:00Z,0.000000
2025-01-05T15:00:00Z,0.000000
2025-01-05T16:00:00Z,0.000000
2025-01-05T17:00:00Z,0.000000
2025-01-05T18:00:00Z,0.000000
2025-01-05T19:00:00Z,0.000000
2025-01-05T20:00:00Z,0.000000
2025-01-05T21:00:00Z,0.000000
2025-01-05T22:00:00Z,0.000000
2025-01-05T23:00:00Z,0.000000
2025-01-06T00:00:00Z,0.000000
2025-01-06T01:00:00Z,0.000000
2025-01-06T02:00:00Z,0.000000
2025-01-06T03:00:00Z,0.000000
2025-01-06T04:00:00Z,0.000000
2025-01-06T05:00:00Z,0.000000
2025-01-06T06:00:00Z,0.000000
2025-01-06T07:00:00Z,0.000000
2025-01-06T08:00:00Z,0.000000
2025-01-06T09:00:00Z,0.000000
2025-01-06T10:00:00Z,0.000000
2025-01-06T11:00:00Z,0.000000
2025-01-06T12:00:00Z,0.000000
2025-01-06T13:00:00Z,0.000000
2025-01-06T14:00:00Z,0.000000
2025-01-06T15:00:00Z,0.000000
2025-01-06T16:00:00Z,0.000000
2025-01-06T17:00:00Z,0.000000
2025-01-06T18:00:00Z,0.000000
2025-01-06T19:00:00Z,0.000000
2025-01-06T20:00:00Z,0.000000
2025-01-06T21:00:00Z,0.000000
2025-01-06T22:00:00Z,0.000000
2025-01-06T23:00:00Z,0.000000
2025-01-07T00:00:00Z,0.000000
2025-01-07T01:00:00Z,0.000000
2025-01-07T02:00:00Z,0.000000
2025-01-07T03:00:00Z,0.000000
2025-01-07T04:00:00Z,0.000000
2025-01-07T05:00:00Z,0.000000
2025-01-07T06:00:00Z,0.000000
2025-01-07T07:00:00Z,0.000000
2025-01-07T08:00:00Z,0.000000
2025-01-07T09:00:00Z,0.000000
2025-01-07T10:00:00Z,0.000000
2025-01-07T11:00:00Z,0.000000
2025-01-07T12:00:00Z,0.000000
2025-01-07T13:00:00Z,0.000000
2025-01-07T14:00:00Z,0.000000
2025-01-07T15:00:00Z,0.000000
2025-01-07T16:00:00Z,0.000000
2025-01-07T17:00:00Z,0.000000
2025-01-07T18:00:00Z,0.000000
2025-01-07T19:00:00Z,0.000000
2025-01-07T20:00:00Z,0.000000
2025-01-07T21:00:00Z,0.000000
2025-01-07T22:00:00Z,0.000000
2025-01-07T23:00:00Z,0.000000
2025-01-08T00:00:00Z,0.000000
2025-01-08T01:00:00Z,0.000000
2025-01-08T02:00:00Z,0.000000
2025-01-08T03:00:00Z,0.000000
2025-01-08T04:00:00Z,0.000000
2025-01-08T05:00:00Z,0.000000
2025-01-08T06:00:00Z,0.000000
2025-01-08T07:00:00Z,0.000000
2025-01-08T08:00:00Z,0.000000
2025-01-08T09:00:00Z,0.000000
2025-01-08T10:00:00Z,0.000000
2025-01-08T11:00:00Z,0.000000
2025-01-08T12:00:00Z,0.000000
2025-01-08T13:00:00Z,0.000000
2025-01-08T14:00:00Z,0.000000
2025-01-08T15:00:00Z,0.000000
2025-01-08T16:00:00Z,0.000000
2025-01-08T17:00:00Z,0.000000
2025-01-08T18:00:00Z,0.000000
2025-01-08T19:00:00Z,0.000000
2025-01-08T20:00:00Z,0.000000
2025-01-08T21:00:00Z,0.000000
2025-01-08T22:00:00Z,0.000000
2025-01-08T23:00:00Z,0.000000
2025-01-09T00:00:00Z,0.000000
2025-01-09T01:00:00Z,0.000000
2025-01-09T02:00:00Z,0.000000
2025-01-09T03:00:00Z,0.000000
2025-01-09T04:00:00Z,0.000000
2025-01-09T05:00:00Z,0.000000
2025-01-09T06:00:00Z,0.000000
2025-01-09T07:00:00Z,0.000000
2025-01-09T08:00:00Z,0.000000
2025-01-09T09:00:00Z,0.000000
2025-01-09T10:00:00Z,0.000000
2025-01-09T11:00:00Z,0.828340
2025-01-09T12:00:00Z,0.000000
2025-01-09T13:00:00Z,0.000000
2025-01-09T14:00:00Z,0.000000
2025-01-09T15:00:00Z,0.000000
2025-01-09T16:00:00Z,0.000000
2025-01-09T17:00:00Z,0.000000
2025-01-09T18:00:00Z,0.000000
2025-01-09T19:00:00Z,0.000000
2025-01-09T20:00:00Z,0.000000
2025-01-09T21:00:00Z,0.000000
2025-01-09T22:00:00Z,0.000000
2025-01-09T23:00:00Z,0.000000
2025-01-10T00:00:00Z,0.000000
2025-01-10T01:00:00Z,0.000000
2025-01-10T02:00:00Z,0.000000
2025-01-10T03:00:00Z,0.000000
2025-01-10T04:00:00Z,0.000000
2025-01-10T05:00:00Z,0.000000
2025-01-10T06:00:00Z,0.000000
2025-01-10T07:00:00Z,0.000000
2025-01-10T08:00:00Z,0.000000
2025-01-10T09:00:00Z,0.000000
2025-01-10T10:00:00Z,0.000000
2025-01-10T11:00:00Z,0.000000
2025-01-10T12:00:00Z,0.000000
2025-01-10T13:00:00Z,0.000000
2025-01-10T14:00:00Z,0.000000
2025-01-10T15:00:00Z,0.000000
2025-01-10T16:00:00Z,0.000000
2025-01-10T17:00:00Z,0.000000
2025-01-10T18:00:00Z,0.000000
2025-01-10T19:00:00Z,0.000000
2025-01-10T20:00:00Z,0.000000
2025-01-10T21:00:00Z,0.000000
2025-01-10T22:00:00Z,0.000000
2025-01-10T23:00:00Z,0.000000
2025-01-11T00:00:00Z,0.000000
2025-01-11T01:00:00Z,0.000000
2025-01-11T02:00:00Z,0.000000
2025-01-11T03:00:00Z,0.000000
2025-01-11T04:00:00Z,0.000000
2025-01-11T05:00:00Z,0.000000
2025-01-11T06:00:00Z,0.000000
2025-01-11T07:00:00Z,0.000000
2025-01-11T08:00:00Z,0.000000
2025-01-11T09:00:00Z,0.000000
2025-01-11T10:00:00Z,1.704856
2025-01-11T11:00:00Z,2.367199
2025-01-11T12:00:00Z,1.637321
2025-01-11T13:00:00Z,0.000000
2025-01-11T14:00:00Z,0.000000
2025-01-11T15:00:00Z,0.000000
2025-01-11T16:00:00Z,0.000000
2025-01-11T17:00:00Z,0.000000
2025-01-11T18:00:00Z,0.000000
2025-01-11T19:00:00Z,0.000000
2025-01-11T20:00:00Z,0.000000
2025-01-11T21:00:00Z,0.000000
2025-01-11T22:00:00Z,0.000000
2025-01-11T23:00:00Z,0.000000
2025-01-12T00:00:00Z,0.000000
2025-01-12T01:00:00Z,0.000000
2025-01-12T02:00:00Z,0.000000
2025-01-12T03:00:00Z,0.000000
2025-01-12T04:00:00Z,0.000000
2025-01-12T05:00:00Z,0.000000
2025-01-12T06:00:00Z,0.000000
2025-01-12T07:00:00Z,0.000000
2025-01-12T08:00:00Z,0.000000
2025-01-12T09:00:00Z,0.000000
2025-01-12T10:00:00Z,1.621278
2025-01-12T11:00:00Z,2.567406
2025-01-12T12:00:00Z,1.772025
2025-01-12T13:00:00Z,0.000000
2025-01-12T14:00:00Z,0.000000
2025-01-12T15:00:00Z,0.000000
2025-01-12T16:00:00Z,0.000000
2025-01-12T17:00:00Z,0.000000
2025-01-12T18:00:00Z,0.000000
2025-01-12T19:00:00Z,0.000000
2025-01-12T20:00:00Z,0.000000
2025-01-12T21:00:00Z,0.000000
2025-01-12T22:00:00Z,0.000000
2025-01-12T23:00:00Z,0.000000
2025-01-13T00:00:00Z,0.000000
2025-01-13T01:00:00Z,0.000000
2025-01-13T02:00:00Z,0.000000
2025-01-13T03:00:00Z,0.000000
2025-01-13T04:00:00Z,0.000000
2025-01-13T05:00:00Z,0.000000
2025-01-13T06:00:00Z,0.000000
2025-01-13T07:00:00Z,0.000000
2025-01-13T08:00:00Z,0.000000
2025-01-13T09:00:00Z,0.000000
2025-01-13T10:00:00Z,0.000000
2025-01-13T11:00:00Z,0.000000
2025-01-13T12:00:00Z,0.000000
2025-01-13T13:00:00Z,0.000000
2025-01-13T14:00:00Z,0.000000
2025-01-13T15:00:00Z,0.000000
2025-01-13T16:00:00Z,0.000000
2025-01-13T17:00:00Z,0.000000
2025-01-13T18:00:00Z,0.000000
2025-01-13T19:00:00Z,0.000000
2025-01-13T20:00:00Z,0.000000
2025-01-13T21:00:00Z,0.000000
2025-01-13T22:00:00Z,0.000000
2025-01-13T23:00:00Z,0.000000
2025-01-14T00:00:00Z,0.000000
2025-01-14T01:00:00Z,0.000000
2025-01-14T02:00:00Z,0.000000
2025-01-14T03:00:00Z,0.000000
2025-01-14T04:00:00Z,0.000000
2025-01-14T05:00:00Z,0.000000
2025-01-14T06:00:00Z,0.000000
2025-01-14T07:00:00Z,0.000000
2025-01-14T08:00:00Z,0.000000
2025-01-14T09:00:00Z,0.000000
2025-01-14T10:00:00Z,0.000000
2025-01-14T11:00:00Z,0.000000
2025-01-14T12:00:00Z,0.000000
2025-01-14T13:00:00Z,0.000000
2025-01-14T14:00:00Z,0.000000
2025-01-14T15:00:00Z,0.000000
2025-01-14T16:00:00Z,0.000000
2025-01-14T17:00:00Z,0.000000
2025-01-14T18:00:00Z,0.000000
2025-01-14T19:00:00Z,0.000000
2025-01-14T20:00:00Z,0.000000
2025-01-14T21:00:00Z,0.000000
2025-01-14T22:00:00Z,0.000000
2025-01-14T23:00:00Z,0.000000
2025-01-15T00:00:00Z,0.000000
2025-01-15T01:00:00Z,0.000000
2025-01-15T02:00:00Z,0.000000
2025-01-15T03:00:00Z,0.000000
2025-01-15T04:00:00Z,0.000000
2025-01-15T05:00:00Z,0.000000
2025-01-15T06:00:00Z,0.000000
2025-01-15T07:00:00Z,0.000000
2025-01-15T08:00:00Z,0.000000
2025-01-15T09:00:00Z,0.000000
2025-01-15T10:00:00Z,0.000000
2025-01-15T11:00:00Z,0.000000
2025-01-15T12:00:00Z,0.000000
2025-01-15T13:00:00Z,0.000000
2025-01-15T14:00:00Z,0.000000
2025-01-15T15:00:00Z,0.000000
2025-01-15T16:00:00Z,0.000000
2025-01-15T17:00:00Z,0.000000
2025-01-15T18:00:00Z,0.000000
2025-01-15T19:00:00Z,0.000000
2025-01-15T20:00:00Z,0.000000
2025-01-15T21:00:00Z,0.000000
2025-01-15T22:00:00Z,0.000000
2025-01-15T23:00:00Z,0.000000
2025-01-16T00:00:00Z,0.000000
2025-01-16T01:00:00Z,0.000000
2025-01-16T02:00:00Z,0.000000
2025-01-16T03:00:00Z,0.000000
2025-01-16T04:00:00Z,0.000000
2025-01-16T05:00:00Z,0.000000
2025-01-16T06:00:00Z,0.000000
2025-01-16T07:00:00Z,0.000000
2025-01-16T08:00:00Z,0.000000
2025-01-16T09:00:00Z,0.000000
2025-01-16T10:00:00Z,0.000000
2025-01-16T11:00:00Z,0.000000
2025-01-16T12:00:00Z,0.000000
2025-01-16T13:00:00Z,0.000000
2025-01-16T14:00:00Z,0.000000
2025-01-16T15:00:00Z,0.000000
2025-01-16T16:00:00Z,0.000000
2025-01-16T17:00:00Z,0.000000
2025-01-16T18:00:00Z,0.000000
2025-01-16T19:00:00Z,0.000000
2025-01-16T20:00:00Z,0.000000
2025-01-16T21:00:00Z,0.000000
2025-01-16T22:00:00Z,0.000000
2025-01-16T23:00:00Z,0.000000
2025-01-17T00:00:00Z,0.000000
2025-01-17T01:00:00Z,0.000000
2025-01-17T02:00:00Z,0.000000
2025-01-17T03:00:00Z,0.000000
2025-01-17T04:00:00Z,0.000000
2025-01-17T05:00:00Z,0.000000
2025-01-17T06:00:00Z,0.000000
2025-01-17T07:00:00Z,0.000000
2025-01-17T08:00:00Z,0.000000
2025-01-17T09:00:00Z,0.000000
2025-01-17T10:00:00Z,0.000000
2025-01-17T11:00:00Z,0.000000
2025-01-17T12:00:00Z,0.000000
2025-01-17T13:00:00Z,0.000000
2025-01-17T14:00:00Z,0.000000
2025-01-17T15:00:00Z,0.000000
2025-01-17T16:00:00Z,0.000000
2025-01-17T17:00:00Z,0.000000
2025-01-17T18:00:00Z,0.000000
2025-01-17T19:00:00Z,0.000000
2025-01-17T20:00:00Z,0.000000
2025-01-17T21:00:00Z,0.000000
2025-01-17T22:00:00Z,0.000000
2025-01-17T23:00:00Z,0.000000
2025-01-18T00:00:00Z,0.000000
2025-01-18T01:00:00Z,0.000000
2025-01-18T02:00:00Z,0.000000
2025-01-18T03:00:00Z,0.000000
2025-01-18T04:00:00Z,0.000000
2025-01-18T05:00:00Z,0.000000
2025-01-18T06:00:00Z,0.000000
2025-01-18T07:00:00Z,0.000000
2025-01-18T08:00:00Z,0.000000
2025-01-18T09:00:00Z,0.000000
2025-01-18T10:00:00Z,0.000000
2025-01-18T11:00:00Z,0.000000
2025-01-18T12:00:00Z,0.000000
2025-01-18T13:00:00Z,0.000000
2025-01-18T14:00:00Z,0.000000
2025-01-18T15:00:00Z,0.000000
2025-01-18T16:00:00Z,0.000000
2025-01-18T17:00:00Z,0.000000
2025-01-18T18:00:00Z,0.000000
2025-01-18T19:00:00Z,0.000000
2025-01-18T20:00:00Z,0.000000
2025-01-18T21:00:00Z,0.000000
2025-01-18T22:00:00Z,0.000000
2025-01-18T23:00:00Z,0.000000
2025-01-19T00:00:00Z,0.000000
2025-01-19T01:00:00Z,0.000000
2025-01-19T02:00:00Z,0.000000
2025-01-19T03:00:00Z,0.000000
2025-01-19T04:00:00Z,0.000000
2025-01-19T05:00:00Z,0.000000
2025-01-19T06:00:00Z,0.000000
2025-01-19T07:00:00Z,0.000000
2025-01-19T08:00:00Z,0.000000
2025-01-19T09:00:00Z,0.000000
2025-01-19T10:00:00Z,2.098342
2025-01-19T11:00:00Z,4.010919
2025-01-19T12:00:00Z,3.266467
2025-01-19T13:00:00Z,1.160446
2025-01-19T14:00:00Z,0.000000
2025-01-19T15:00:00Z,0.000000
2025-01-19T16:00:00Z,0.000000
2025-01-19T17:00:00Z,0.000000
2025-01-19T18:00:00Z,0.000000
2025-01-19T19:00:00Z,0.000000
2025-01-19T20:00:00Z,0.000000
2025-01-19T21:00:00Z,0.000000
2025-01-19T22:00:00Z,0.000000
2025-01-19T23:00:00Z,0.000000
2025-01-20T00:00:00Z,0.000000
2025-01-20T01:00:00Z,0.000000
2025-01-20T02:00:00Z,0.000000
2025-01-20T03:00:00Z,0.000000
2025-01-20T04:00:00Z,0.000000
2025-01-20T05:00:00Z,0.000000
2025-01-20T06:00:00Z,0.000000
2025-01-20T07:00:00Z,0.000000
2025-01-20T08:00:00Z,0.000000
2025-01-20T09:00:00Z,0.000000
2025-01-20T10:00:00Z,0.000000
2025-01-20T11:00:00Z,0.000000
2025-01-20T12:00:00Z,0.000000
2025-01-20T13:00:00Z,0.000000
2025-01-20T14:00:00Z,0.000000
2025-01-20T15:00:00Z,0.000000
2025-01-20T16:00:00Z,0.000000
2025-01-20T17:00:00Z,0.000000
2025-01-20T18:00:00Z,0.000000
2025-01-20T19:00:00Z,0.000000
2025-01-20T20:00:00Z,0.000000
2025-01-20T21:00:00Z,0.000000
2025-01-20T22:00:00Z,0.000000
2025-01-20T23:00:00Z,0.000000
2025-01-21T00:00:00Z,0.000000
2025-01-21T01:00:00Z,0.000000
2025-01-21T02:00:00Z,0.000000
2025-01-21T03:00:00Z,0.000000
2025-01-21T04:00:00Z,0.000000
2025-01-21T05:00:00Z,0.000000
2025-01-21T06:00:00Z,0.000000
2025-01-21T07:00:00Z,0.000000
2025-01-21T08:00:00Z,0.000000
2025-01-21T09:00:00Z,0.000000
2025-01-21T10:00:00Z,0.000000
2025-01-21T11:00:00Z,0.000000
2025-01-21T12:00:00Z,0.000000
2025-01-21T13:00:00Z,0.000000
2025-01-21T14:00:00Z,0.000000
2025-01-21T15:00:00Z,0.000000
2025-01-21T16:00:00Z,0.000000
2025-01-21T17:00:00Z,0.000000
2025-01-21T18:00:00Z,0.000000
2025-01-21T19:00:00Z,0.000000
2025-01-21T20:00:00Z,0.000000
2025-01-21T21:00:00Z,0.000000
2025-01-21T22:00:00Z,0.000000
2025-01-21T23:00:00Z,0.000000
2025-01-22T00:00:00Z,0.000000
2025-01-22T01:00:00Z,0.000000
2025-01-22T02:00:00Z,0.000000
2025-01-22T03:00:00Z,0.000000
2025-01-22T04:00:00Z,0.000000
2025-01-22T05:00:00Z,0.000000
2025-01-22T06:00:00Z,0.000000
2025-01-22T07:00:00Z,0.000000
2025-01-22T08:00:00Z,0.000000
2025-01-22T09:00:00Z,0.000000
2025-01-22T10:00:00Z,0.000000
2025-01-22T11:00:00Z,0.000000
2025-01-22T12:00:00Z,0.000000
2025-01-22T13:00:00Z,0.000000
2025-01-22T14:00:00Z,0.000000
2025-01-22T15:00:00Z,0.000000
2025-01-22T16:00:00Z,0.000000
2025-01-22T17:00:00Z,0.000000
2025-01-22T18:00:00Z,0.000000
2025-01-22T19:00:00Z,0.000000
2025-01-22T20:00:00Z,0.000000
2025-01-22T21:00:00Z,0.000000
2025-01-22T22:00:00Z,0.000000
2025-01-22T23:00:00Z,0.000000
2025-01-23T00:00:00Z,0.000000
2025-01-23T01:00:00Z,0.000000
2025-01-23T02:00:00Z,0.000000
2025-01-23T03:00:00Z,0.000000
2025-01-23T04:00:00Z,0.000000
2025-01-23T05:00:00Z,0.000000
2025-01-23T06:00:00Z,0.000000
2025-01-23T07:00:00Z,0.000000
2025-01-23T08:00:00Z,0.000000
2025-01-23T09:00:00Z,0.000000
2025-01-23T10:00:00Z,0.000000
2025-01-23T11:00:00Z,0.000000
2025-01-23T12:00:00Z,0.000000
2025-01-23T13:00:00Z,0.000000
2025-01-23T14:00:00Z,0.000000
2025-01-23T15:00:00Z,0.000000
2025-01-23T16:00:00Z,0.000000
2025-01-23T17:00:00Z,0.000000
2025-01-23T18:00:00Z,0.000000
2025-01-23T19:00:00Z,0.000000
2025-01-23T20:00:00Z,0.000000
2025-01-23T21:00:00Z,0.000000
2025-01-23T22:00:00Z,0.000000
2025-01-23T23:00:00Z,0.000000
2025-01-24T00:00:00Z,0.000000
2025-01-24T01:00:00Z,0.000000
2025-01-24T02:00:00Z,0.000000
2025-01-24T03:00:00Z,0.000000
2025-01-24T04:00:00Z,0.000000
2025-01-24T05:00:00Z,0.000000
2025-01-24T06:00:00Z,0.000000
2025-01-24T07:00:00Z,0.000000
2025-01-24T08:00:00Z,0.000000
2025-01-24T09:00:00Z,0.000000
2025-01-24T10:00:00Z,0.000000
2025-01-24T11:00:00Z,0.000000
2025-01-24T12:00:00Z,0.000000
2025-01-24T13:00:00Z,0.000000
2025-01-24T14:00:00Z,0.000000
2025-01-24T15:00:00Z,0.000000
2025-01-24T16:00:00Z,0.000000
2025-01-24T17:00:00Z,0.000000
2025-01-24T18:00:00Z,0.000000
2025-01-24T19:00:00Z,0.000000
2025-01-24T20:00:00Z,0.000000
2025-01-24T21:00:00Z,0.000000
2025-01-24T22:00:00Z,0.000000
2025-01-24T23:00:00Z,0.000000
2025-01-25T00:00:00Z,0.000000
2025-01-25T01:00:00Z,0.000000
2025-01-25T02:00:00Z,0.000000
2025-01-25T03:00:00Z,0.000000
2025-01-25T04:00:00Z,0.000000
2025-01-25T05:00:00Z,0.000000
2025-01-25T06:00:00Z,0.000000
2025-01-25T07:00:00Z,0.000000
2025-01-25T08:00:00Z,0.000000
2025-01-25T09:00:00Z,0.000000
2025-01-25T10:00:00Z,0.000000
2025-01-25T11:00:00Z,0.000000
2025-01-25T12:00:00Z,0.000000
2025-01-25T13:00:00Z,0.000000
2025-01-25T14:00:00Z,0.000000
2025-01-25T15:00:00Z,0.000000
2025-01-25T16:00:00Z,0.000000
2025-01-25T17:00:00Z,0.000000
2025-01-25T18:00:00Z,0.000000
2025-01-25T19:00:00Z,0.000000
2025-01-25T20:00:00Z,0.000000
2025-01-25T21:00:00Z,0.000000
2025-01-25T22:00:00Z,0.000000
2025-01-25T23:00:00Z,0.000000
2025-01-26T00:00:00Z,0.000000
2025-01-26T01:00:00Z,0.000000
2025-01-26T02:00:00Z,0.000000
2025-01-26T03:00:00Z,0.000000
2025-01-26T04:00:00Z,0.000000
2025-01-26T05:00:00Z,0.000000
2025-01-26T06:00:00Z,0.000000
2025-01-26T07:00:00Z,0.000000
2025-01-26T08:00:00Z,0.000000
2025-01-26T09:00:00Z,0.000000
2025-01-26T10:00:00Z,0.000000
2025-01-26T11:00:00Z,0.000000
2025-01-26T12:00:00Z,0.000000
2025-01-26T13:00:00Z,0.000000
2025-01-26T14:00:00Z,0.000000
2025-01-26T15:00:00Z,0.000000
2025-01-26T16:00:00Z,0.000000
2025-01-26T17:00:00Z,0.000000
2025-01-26T18:00:00Z,0.000000
2025-01-26T19:00:00Z,0.000000
2025-01-26T20:00:00Z,0.000000
2025-01-26T21:00:00Z,0.000000
2025-01-26T22:00:00Z,0.000000
2025-01-26T23:00:00Z,0.000000
2025-01-27T00:00:00Z,0.000000
2025-01-27T01:00:00Z,0.000000
2025-01-27T02:00:00Z,0.000000
2025-01-27T03:00:00Z,0.000000
2025-01-27T04:00:00Z,0.000000
2025-01-27T05:00:00Z,0.000000
2025-01-27T06:00:00Z,0.000000
2025-01-27T07:00:00Z,0.000000
2025-01-27T08:00:00Z,0.000000
2025-01-27T09:00:00Z,0.000000
2025-01-27T10:00:00Z,0.000000
2025-01-27T11:00:00Z,0.000000
2025-01-27T12:00:00Z,0.000000
2025-01-27T13:00:00Z,0.000000
2025-01-27T14:00:00Z,0.000000
2025-01-27T15:00:00Z,0.000000
2025-01-27T16:00:00Z,0.000000
2025-01-27T17:00:00Z,0.000000
2025-01-27T18:00:00Z,0.000000
2025-01-27T19:00:00Z,0.000000
2025-01-27T20:00:00Z,0.000000
2025-01-27T21:00:00Z,0.000000
2025-01-27T22:00:00Z,0.000000
2025-01-27T23:00:00Z,0.000000
2025-01-28T00:00:00Z,0.000000
2025-01-28T01:00:00Z,0.000000
2025-01-28T02:00:00Z,0.000000
2025-01-28T03:00:00Z,0.000000
2025-01-28T04:00:00Z,0.000000
2025-01-28T05:00:00Z,0.000000
2025-01-28T06:00:00Z,0.000000
2025-01-28T07:00:00Z,0.000000
2025-01-28T08:00:00Z,0.000000
2025-01-28T09:00:00Z,0.000000
2025-01-28T10:00:00Z,0.000000
2025-01-28T11:00:00Z,0.000000
2025-01-28T12:00:00Z,0.000000
2025-01-28T13:00:00Z,0.606067
2025-01-28T14:00:00Z,0.000000
2025-01-28T15:00:00Z,0.000000
2025-01-28T16:00:00Z,0.000000
2025-01-28T17:00:00Z,0.000000
2025-01-28T18:00:00Z,0.000000
2025-01-28T19:00:00Z,0.000000
2025-01-28T20:00:00Z,0.000000
2025-01-28T21:00:00Z,0.000000
2025-01-28T22:00:00Z,0.000000
2025-01-28T23:00:00Z,0.000000
2025-01-29T00:00:00Z,0.000000
2025-01-29T01:00:00Z,0.000000
2025-01-29T02:00:00Z,0.000000
2025-01-29T03:00:00Z,0.000000
2025-01-29T04:00:00Z,0.000000
2025-01-29T05:00:00Z,0.000000
2025-01-29T06:00:00Z,0.000000
2025-01-29T07:00:00Z,0.000000
2025-01-29T08:00:00Z,0.000000
2025-01-29T09:00:00Z,0.000000
2025-01-29T10:00:00Z,0.000000
2025-01-29T11:00:00Z,0.000000
2025-01-29T12:00:00Z,0.000000
2025-01-29T13:00:00Z,0.000000
2025-01-29T14:00:00Z,0.000000
2025-01-29T15:00:00Z,0.000000
2025-01-29T16:00:00Z,0.000000
2025-01-29T17:00:00Z,0.000000
2025-01-29T18:00:00Z,0.000000
2025-01-29T19:00:00Z,0.000000
2025-01-29T20:00:00Z,0.000000
2025-01-29T21:00:00Z,0.000000
2025-01-29T22:00:00Z,0.000000
2025-01-29T23:00:00Z,0.000000
2025-01-30T00:00:00Z,0.000000
2025-01-30T01:00:00Z,0.000000
2025-01-30T02:00:00Z,0.000000
2025-01-30T03:00:00Z,0.000000
2025-01-30T04:00:00Z,0.000000
2025-01-30T05:00:00Z,0.000000
2025-01-30T06:00:00Z,0.000000
2025-01-30T07:00:00Z,0.000000
2025-01-30T08:00:00Z,0.000000
2025-01-30T09:00:00Z,0.000000
2025-01-30T10:00:00Z,0.000000
2025-01-30T11:00:00Z,0.000000
2025-01-30T12:00:00Z,0.000000
2025-01-30T13:00:00Z,0.000000
2025-01-30T14:00:00Z,0.000000
2025-01-30T15:00:00Z,0.000000
2025-01-30T16:00:00Z,0.000000
2025-01-30T17:00:00Z,0.000000
2025-01-30T18:00:00Z,0.000000
2025-01-30T19:00:00Z,0.000000
2025-01-30T20:00:00Z,0.000000
2025-01-30T21:00:00Z,0.000000
2025-01-30T22:00:00Z,0.000000
2025-01-30T23:00:00Z,0.000000
2025-01-31T00:00:00Z,0.000000
2025-01-31T01:00:00Z,0.000000
2025-01-31T02:00:00Z,0.000000
2025-01-31T03:00:00Z,0.000000
2025-01-31T04:00:00Z,0.000000
2025-01-31T05:00:00Z,0.000000
2025-01-31T06:00:00Z,0.000000
2025-01-31T07:00:00Z,0.000000
2025-01-31T08:00:00Z,0.000000
2025-01-31T09:00:00Z,0.000000
2025-01-31T10:00:00Z,0.000000
2025-01-31T11:00:00Z,0.000000
2025-01-31T12:00:00Z,0.000000
2025-01-31T13:00:00Z,0.000000
2025-01-31T14:00:00Z,0.000000
2025-01-31T15:00:00Z,0.000000
2025-01-31T16:00:00Z,0.000000
2025-01-31T17:00:00Z,0.000000
2025-01-31T18:00:00Z,0.000000
2025-01-31T19:00:00Z,0.000000
2025-01-31T20:00:00Z,0.000000
2025-01-31T21:00:00Z,0.000000
2025-01-31T22:00:00Z,0.000000
2025-01-31T23:00:00Z,0.000000
2025-02-01T00:00:00Z,0.000000
2025-02-01T01:00:00Z,0.000000
2025-02-01T02:00:00Z,0.000000
2025-02-01T03:00:00Z,0.000000
2025-02-01T04:00:00Z,0.000000
2025-02-01T05:00:00Z,0.000000
2025-02-01T06:00:00Z,0.000000
2025-02-01T07:00:00Z,0.000000
2025-02-01T08:00:00Z,0.000000
2025-02-01T09:00:00Z,0.000000
2025-02-01T10:00:00Z,2.138535
2025-02-01T11:00:00Z,0.000000
2025-02-01T12:00:00Z,0.000000
2025-02-01T13:00:00Z,0.000000
2025-02-01T14:00:00Z,0.000000
2025-02-01T15:00:00Z,0.000000
2025-02-01T16:00:00Z,0.000000
2025-02-01T17:00:00Z,0.000000
2025-02-01T18:00:00Z,0.000000
2025-02-01T19:00:00Z,0.000000
2025-02-01T20:00:00Z,0.000000
2025-02-01T21:00:00Z,0.000000
2025-02-01T22:00:00Z,0.000000
2025-02-01T23:00:00Z,0.000000
2025-02-02T00:00:00Z,0.000000
2025-02-02T01:00:00Z,0.000000
2025-02-02T02:00:00Z,0.000000
2025-02-02T03:00:00Z,0.000000
2025-02-02T04:00:00Z,0.000000
2025-02-02T05:00:00Z,0.000000
2025-02-02T06:00:00Z,0.000000
2025-02-02T07:00:00Z,0.000000
2025-02-02T08:00:00Z,0.000000
2025-02-02T09:00:00Z,0.000000
2025-02-02T10:00:00Z,0.000000
2025-02-02T11:00:00Z,0.000000
2025-02-02T12:00:00Z,0.000000
2025-02-02T13:00:00Z,0.000000
2025-02-02T14:00:00Z,0.000000
2025-02-02T15:00:00Z,0.000000
2025-02-02T16:00:00Z,0.000000
2025-02-02T17:00:00Z,0.000000
2025-02-02T18:00:00Z,0.000000
2025-02-02T19:00:00Z,0.000000
2025-02-02T20:00:00Z,0.000000
2025-02-02T21:00:00Z,0.000000
2025-02-02T22:00:00Z,0.000000
2025-02-02T23:00:00Z,0.000000
2025-02-03T00:00:00Z,0.000000
2025-02-03T01:00:00Z,0.000000
2025-02-03T02:00:00Z,0.000000
2025-02-03T03:00:00Z,0.000000
2025-02-03T04:00:00Z,0.000000
2025-02-03T05:00:00Z,0.000000
2025-02-03T06:00:00Z,0.000000
2025-02-03T07:00:00Z,0.000000
2025-02-03T08:00:00Z,0.000000
2025-02-03T09:00:00Z,0.000000
2025-02-03T10:00:00Z,0.000000
2025-02-03T11:00:00Z,0.000000
2025-02-03T12:00:00Z,0.000000
2025-02-03T13:00:00Z,0.000000
2025-02-03T14:00:00Z,0.000000
2025-02-03T15:00:00Z,0.000000
2025-02-03T16:00:00Z,0.000000
2025-02-03T17:00:00Z,0.000000
2025-02-03T18:00:00Z,0.000000
2025-02-03T19:00:00Z,0.000000
2025-02-03T20:00:00Z,0.000000
2025-02-03T21:00:00Z,0.000000
2025-02-03T22:00:00Z,0.000000
2025-02-03T23:00:00Z,0.000000
2025-02-04T00:00:00Z,0.000000
2025-02-04T01:00:00Z,0.000000
2025-02-04T02:00:00Z,0.000000
2025-02-04T03:00:00Z,0.000000
2025-02-04T04:00:00Z,0.000000
2025-02-04T05:00:00Z,0.000000
2025-02-04T06:00:00Z,0.000000
2025-02-04T07:00:00Z,0.000000
2025-02-04T08:00:00Z,0.000000
2025-02-04T09:00:00Z,0.000000
2025-02-04T10:00:00Z,0.000000
2025-02-04T11:00:00Z,0.000000
2025-02-04T12:00:00Z,0.000000
2025-02-04T13:00:00Z,0.000000
2025-02-04T14:00:00Z,0.000000
2025-02-04T15:00:00Z,0.000000
2025-02-04T16:00:00Z,0.000000
2025-02-04T17:00:00Z,0.000000
2025-02-04T18:00:00Z,0.000000
2025-02-04T19:00:00Z,0.000000
2025-02-04T20:00:00Z,0.000000
2025-02-04T21:00:00Z,0.000000
2025-02-04T22:00:00Z,0.000000
2025-02-04T23:00:00Z,0.000000
2025-02-05T00:00:00Z,0.000000
2025-02-05T01:00:00Z,0.000000
2025-02-05T02:00:00Z,0.000000
2025-02-05T03:00:00Z,0.000000
2025-02-05T04:00:00Z,0.000000
2025-02-05T05:00:00Z,0.000000
2025-02-05T06:00:00Z,0.000000
2025-02-05T07:00:00Z,0.000000
2025-02-05T08:00:00Z,0.000000
2025-02-05T09:00:00Z,0.958414
2025-02-05T10:00:00Z,0.000000
2025-02-05T11:00:00Z,0.000000
2025-02-05T12:00:00Z,4.090727
2025-02-05T13:00:00Z,1.294417
2025-02-05T14:00:00Z,0.000000
2025-02-05T15:00:00Z,0.000000
2025-02-05T16:00:00Z,0.000000
2025-02-05T17:00:00Z,0.000000
2025-02-05T18:00:00Z,0.000000
2025-02-05T19:00:00Z,0.000000
2025-02-05T20:00:00Z,0.000000
2025-02-05T21:00:00Z,0.000000
2025-02-05T22:00:00Z,0.000000
2025-02-05T23:00:00Z,0.000000
2025-02-06T00:00:00Z,0.000000
2025-02-06T01:00:00Z,0.000000
2025-02-06T02:00:00Z,0.000000
2025-02-06T03:00:00Z,0.000000
2025-02-06T04:00:00Z,0.000000
2025-02-06T05:00:00Z,0.000000
2025-02-06T06:00:00Z,0.000000
2025-02-06T07:00:00Z,0.000000
2025-02-06T08:00:00Z,0.000000
2025-02-06T09:00:00Z,1.240843
2025-02-06T10:00:00Z,6.631098
2025-02-06T11:00:00Z,8.230511
2025-02-06T12:00:00Z,7.644440
2025-02-06T13:00:00Z,4.849740
2025-02-06T14:00:00Z,0.710449
2025-02-06T15:00:00Z,0.000000
2025-02-06T16:00:00Z,0.000000
2025-02-06T17:00:00Z,0.000000
2025-02-06T18:00:00Z,0.000000
2025-02-06T19:00:00Z,0.000000
2025-02-06T20:00:00Z,0.000000
2025-02-06T21:00:00Z,0.000000
2025-02-06T22:00:00Z,0.000000
2025-02-06T23:00:00Z,0.000000
2025-02-07T00:00:00Z,0.000000
2025-02-07T01:00:00Z,0.000000
2025-02-07T02:00:00Z,0.000000
2025-02-07T03:00:00Z,0.000000
2025-02-07T04:00:00Z,0.000000
2025-02-07T05:00:00Z,0.000000
2025-02-07T06:00:00Z,0.000000
2025-02-07T07:00:00Z,0.000000
2025-02-07T08:00:00Z,0.000000
2025-02-07T09:00:00Z,0.000000
2025-02-07T10:00:00Z,0.000000
2025-02-07T11:00:00Z,0.000000
2025-02-07T12:00:00Z,0.000000
2025-02-07T13:00:00Z,0.000000
2025-02-07T14:00:00Z,0.000000
2025-02-07T15:00:00Z,0.000000
2025-02-07T16:00:00Z,0.000000
2025-02-07T17:00:00Z,0.000000
2025-02-07T18:00:00Z,0.000000
2025-02-07T19:00:00Z,0.000000
2025-02-07T20:00:00Z,0.000000
2025-02-07T21:00:00Z,0.000000
2025-02-07T22:00:00Z,0.000000
2025-02-07T23:00:00Z,0.000000
2025-02-08T00:00:00Z,0.000000
2025-02-08T01:00:00Z,0.000000
2025-02-08T02:00:00Z,0.000000
2025-02-08T03:00:00Z,0.000000
2025-02-08T04:00:00Z,0.000000
2025-02-08T05:00:00Z,0.000000
2025-02-08T06:00:00Z,0.000000
2025-02-08T07:00:00Z,0.000000
2025-02-08T08:00:00Z,0.000000
2025-02-08T09:00:00Z,0.000000
2025-02-08T10:00:00Z,0.000000
2025-02-08T11:00:00Z,0.000000
2025-02-08T12:00:00Z,0.000000
2025-02-08T13:00:00Z,0.000000
2025-02-08T14:00:00Z,0.000000
2025-02-08T15:00:00Z,0.000000
2025-02-08T16:00:00Z,0.000000
2025-02-08T17:00:00Z,0.000000
2025-02-08T18:00:00Z,0.000000
2025-02-08T19:00:00Z,0.000000
2025-02-08T20:00:00Z,0.000000
2025-02-08T21:00:00Z,0.000000
2025-02-08T22:00:00Z,0.000000
2025-02-08T23:00:00Z,0.000000
2025-02-09T00:00:00Z,0.000000
2025-02-09T01:00:00Z,0.000000
2025-02-09T02:00:00Z,0.000000
2025-02-09T03:00:00Z,0.000000
2025-02-09T04:00:00Z,0.000000
2025-02-09T05:00:00Z,0.000000
2025-02-09T06:00:00Z,0.000000
2025-02-09T07:00:00Z,0.000000
2025-02-09T08:00:00Z,0.000000
2025-02-09T09:00:00Z,0.000000
2025-02-09T10:00:00Z,0.000000
2025-02-09T11:00:00Z,0.000000
2025-02-09T12:00:00Z,0.000000
2025-02-09T13:00:00Z,0.000000
2025-02-09T14:00:00Z,0.000000
2025-02-09T15:00:00Z,0.000000
2025-02-09T16:00:00Z,0.000000
2025-02-09T17:00:00Z,0.000000
2025-02-09T18:00:00Z,0.000000
2025-02-09T19:00:00Z,0.000000
2025-02-09T20:00:00Z,0.000000
2025-02-09T21:00:00Z,0.000000
2025-02-09T22:00:00Z,0.000000
2025-02-09T23:00:00Z,0.000000
2025-02-10T00:00:00Z,0.000000
2025-02-10T01:00:00Z,0.000000
2025-02-10T02:00:00Z,0.000000
2025-02-10T03:00:00Z,0.000000
2025-02-10T04:00:00Z,0.000000
2025-02-10T05:00:00Z,0.000000
2025-02-10T06:00:00Z,0.000000
2025-02-10T07:00:00Z,0.000000
2025-02-10T08:00:00Z,0.000000
2025-02-10T09:00:00Z,0.000000
2025-02-10T10:00:00Z,0.000000
2025-02-10T11:00:00Z,0.000000
2025-02-10T12:00:00Z,0.000000
2025-02-10T13:00:00Z,0.000000
2025-02-10T14:00:00Z,0.000000
2025-02-10T15:00:00Z,0.000000
2025-02-10T16:00:00Z,0.000000
2025-02-10T17:00:00Z,0.000000
2025-02-10T18:00:00Z,0.000000
2025-02-10T19:00:00Z,0.000000
2025-02-10T20:00:00Z,0.000000
2025-02-10T21:00:00Z,0.000000
2025-02-10T22:00:00Z,0.000000
2025-02-10T23:00:00Z,0.000000
2025-02-11T00:00:00Z,0.000000
2025-02-11T01:00:00Z,0.000000
2025-02-11T02:00:00Z,0.000000
2025-02-11T03:00:00Z,0.000000
2025-02-11T04:00:00Z,0.000000
2025-02-11T05:00:00Z,0.000000
2025-02-11T06:00:00Z,0.000000
2025-02-11T07:00:00Z,0.000000
2025-02-11T08:00:00Z,0.000000
2025-02-11T09:00:00Z,0.000000
2025-02-11T10:00:00Z,6.703740
2025-02-11T11:00:00Z,2.854026
2025-02-11T12:00:00Z,6.988561
2025-02-11T13:00:00Z,4.946897
2025-02-11T14:00:00Z,1.401295
2025-02-11T15:00:00Z,0.000000
2025-02-11T16:00:00Z,0.000000
2025-02-11T17:00:00Z,0.000000
2025-02-11T18:00:00Z,0.000000
2025-02-11T19:00:00Z,0.000000
2025-02-11T20:00:00Z,0.000000
2025-02-11T21:00:00Z,0.000000
2025-02-11T22:00:00Z,0.000000
2025-02-11T23:00:00Z,0.000000
2025-02-12T00:00:00Z,0.000000
2025-02-12T01:00:00Z,0.000000
2025-02-12T02:00:00Z,0.000000
2025-02-12T03:00:00Z,0.000000
2025-02-12T04:00:00Z,0.000000
2025-02-12T05:00:00Z,0.000000
2025-02-12T06:00:00Z,0.000000
2025-02-12T07:00:00Z,0.000000
2025-02-12T08:00:00Z,0.000000
2025-02-12T09:00:00Z,0.000000
2025-02-12T10:00:00Z,0.000000
2025-02-12T11:00:00Z,0.000000
2025-02-12T12:00:00Z,0.000000
2025-02-12T13:00:00Z,0.000000
2025-02-12T14:00:00Z,0.000000
2025-02-12T15:00:00Z,0.000000
2025-02-12T16:00:00Z,0.000000
2025-02-12T17:00:00Z,0.000000
2025-02-12T18:00:00Z,0.000000
2025-02-12T19:00:00Z,0.000000
2025-02-12T20:00:00Z,0.000000
2025-02-12T21:00:00Z,0.000000
2025-02-12T22:00:00Z,0.000000
2025-02-12T23:00:00Z,0.000000
2025-02-13T00:00:00Z,0.000000
2025-02-13T01:00:00Z,0.000000
2025-02-13T02:00:00Z,0.000000
2025-02-13T03:00:00Z,0.000000
2025-02-13T04:00:00Z,0.000000
2025-02-13T05:00:00Z,0.000000
2025-02-13T06:00:00Z,0.000000
2025-02-13T07:00:00Z,0.000000
2025-02-13T08:00:00Z,0.000000
2025-02-13T09:00:00Z,0.000000
2025-02-13T10:00:00Z,0.000000
2025-02-13T11:00:00Z,0.000000
2025-02-13T12:00:00Z,0.000000
2025-02-13T13:00:00Z,0.000000
2025-02-13T14:00:00Z,0.000000
2025-02-13T15:00:00Z,0.000000
2025-02-13T16:00:00Z,0.000000
2025-02-13T17:00:00Z,0.000000
2025-02-13T18:00:00Z,0.000000
2025-02-13T19:00:00Z,0.000000
2025-02-13T20:00:00Z,0.000000
2025-02-13T21:00:00Z,0.000000
2025-02-13T22:00:00Z,0.000000
2025-02-13T23:00:00Z,0.000000
2025-02-14T00:00:00Z,0.000000
2025-02-14T01:00:00Z,0.000000
2025-02-14T02:00:00Z,0.000000
2025-02-14T03:00:00Z,0.000000
2025-02-14T04:00:00Z,0.000000
2025-02-14T05:00:00Z,0.000000
2025-02-14T06:00:00Z,0.000000
2025-02-14T07:00:00Z,0.000000
2025-02-14T08:00:00Z,0.000000
2025-02-14T09:00:00Z,0.000000
2025-02-14T10:00:00Z,0.000000
2025-02-14T11:00:00Z,0.000000
2025-02-14T12:00:00Z,0.000000
2025-02-14T13:00:00Z,0.000000
2025-02-14T14:00:00Z,0.000000
2025-02-14T15:00:00Z,0.000000
2025-02-14T16:00:00Z,0.000000
2025-02-14T17:00:00Z,0.000000
2025-02-14T18:00:00Z,0.000000
2025-02-14T19:00:00Z,0.000000
2025-02-14T20:00:00Z,0.000000
2025-02-14T21:00:00Z,0.000000
2025-02-14T22:00:00Z,0.000000
2025-02-14T23:00:00Z,0.000000
2025-02-15T00:00:00Z,0.000000
2025-02-15T01:00:00Z,0.000000
2025-02-15T02:00:00Z,0.000000
2025-02-15T03:00:00Z,0.000000
2025-02-15T04:00:00Z,0.000000
2025-02-15T05:00:00Z,0.000000
2025-02-15T06:00:00Z,0.000000
2025-02-15T07:00:00Z,0.000000
2025-02-15T08:00:00Z,0.000000
2025-02-15T09:00:00Z,0.000000
2025-02-15T10:00:00Z,0.000000
2025-02-15T11:00:00Z,0.000000
2025-02-15T12:00:00Z,0.000000
2025-02-15T13:00:00Z,0.000000
2025-02-15T14:00:00Z,0.000000
2025-02-15T15:00:00Z,0.000000
2025-02-15T16:00:00Z,0.000000
2025-02-15T17:00:00Z,0.000000
2025-02-15T18:00:00Z,0.000000
2025-02-15T19:00:00Z,0.000000
2025-02-15T20:00:00Z,0.000000
2025-02-15T21:00:00Z,0.000000
2025-02-15T22:00:00Z,0.000000
2025-02-15T23:00:00Z,0.000000
2025-02-16T00:00:00Z,0.000000
2025-02-16T01:00:00Z,0.000000
2025-02-16T02:00:00Z,0.000000
2025-02-16T03:00:00Z,0.000000
2025-02-16T04:00:00Z,0.000000
2025-02-16T05:00:00Z,0.000000
2025-02-16T06:00:00Z,0.000000
2025-02-16T07:00:00Z,0.000000
2025-02-16T08:00:00Z,1.559119
2025-02-16T09:00:00Z,6.765382
2025-02-16T10:00:00Z,9.829823
2025-02-16T11:00:00Z,5.066077
2025-02-16T12:00:00Z,11.322599
2025-02-16T13:00:00Z,7.764640
2025-02-16T14:00:00Z,1.229158
2025-02-16T15:00:00Z,0.000000
2025-02-16T16:00:00Z,0.000000
2025-02-16T17:00:00Z,0.000000
2025-02-16T18:00:00Z,0.000000
2025-02-16T19:00:00Z,0.000000
2025-02-16T20:00:00Z,0.000000
2025-02-16T21:00:00Z,0.000000
2025-02-16T22:00:00Z,0.000000
2025-02-16T23:00:00Z,0.000000
2025-02-17T00:00:00Z,0.000000
2025-02-17T01:00:00Z,0.000000
2025-02-17T02:00:00Z,0.000000
2025-02-17T03:00:00Z,0.000000
2025-02-17T04:00:00Z,0.000000
2025-02-17T05:00:00Z,0.000000
2025-02-17T06:00:00Z,0.000000
2025-02-17T07:00:00Z,0.000000
2025-02-17T08:00:00Z,1.526548
2025-02-17T09:00:00Z,6.629128
2025-02-17T10:00:00Z,9.952291
2025-02-17T11:00:00Z,11.163305
2025-02-17T12:00:00Z,10.474401
2025-02-17T13:00:00Z,7.829409
2025-02-17T14:00:00Z,2.944207
2025-02-17T15:00:00Z,0.000000
2025-02-17T16:00:00Z,0.000000
2025-02-17T17:00:00Z,0.000000
2025-02-17T18:00:00Z,0.000000
2025-02-17T19:00:00Z,0.000000
2025-02-17T20:00:00Z,0.000000
2025-02-17T21:00:00Z,0.000000
2025-02-17T22:00:00Z,0.000000
2025-02-17T23:00:00Z,0.000000
2025-02-18T00:00:00Z,0.000000
2025-02-18T01:00:00Z,0.000000
2025-02-18T02:00:00Z,0.000000
2025-02-18T03:00:00Z,0.000000
2025-02-18T04:00:00Z,0.000000
2025-02-18T05:00:00Z,0.000000
2025-02-18T06:00:00Z,0.000000
2025-02-18T07:00:00Z,0.000000
2025-02-18T08:00:00Z,1.959279
2025-02-18T09:00:00Z,7.013941
2025-02-18T10:00:00Z,9.403464
2025-02-18T11:00:00Z,12.956599
2025-02-18T12:00:00Z,11.946837
2025-02-18T13:00:00Z,9.796841
2025-02-18T14:00:00Z,2.711037
2025-02-18T15:00:00Z,0.000000
2025-02-18T16:00:00Z,0.000000
2025-02-18T17:00:00Z,0.000000
2025-02-18T18:00:00Z,0.000000
2025-02-18T19:00:00Z,0.000000
2025-02-18T20:00:00Z,0.000000
2025-02-18T21:00:00Z,0.000000
2025-02-18T22:00:00Z,0.000000
2025-02-18T23:00:00Z,0.000000
2025-02-19T00:00:00Z,0.000000
2025-02-19T01:00:00Z,0.000000
2025-02-19T02:00:00Z,0.000000
2025-02-19T03:00:00Z,0.000000
2025-02-19T04:00:00Z,0.000000
2025-02-19T05:00:00Z,0.000000
2025-02-19T06:00:00Z,0.000000
2025-02-19T07:00:00Z,0.000000
2025-02-19T08:00:00Z,2.641309
2025-02-19T09:00:00Z,7.328727
2025-02-19T10:00:00Z,10.564267
2025-02-19T11:00:00Z,11.667230
2025-02-19T12:00:00Z,11.016039
2025-02-19T13:00:00Z,8.651935
2025-02-19T14:00:00Z,4.035910
2025-02-19T15:00:00Z,0.000000
2025-02-19T16:00:00Z,0.000000
2025-02-19T17:00:00Z,0.000000
2025-02-19T18:00:00Z,0.000000
2025-02-19T19:00:00Z,0.000000
2025-02-19T20:00:00Z,0.000000
2025-02-19T21:00:00Z,0.000000
2025-02-19T22:00:00Z,0.000000
2025-02-19T23:00:00Z,0.000000
2025-02-20T00:00:00Z,0.000000
2025-02-20T01:00:00Z,0.000000
2025-02-20T02:00:00Z,0.000000
2025-02-20T03:00:00Z,0.000000
2025-02-20T04:00:00Z,0.000000
2025-02-20T05:00:00Z,0.000000
2025-02-20T06:00:00Z,0.000000
2025-02-20T07:00:00Z,0.000000
2025-02-20T08:00:00Z,2.619549
2025-02-20T09:00:00Z,3.044804
2025-02-20T10:00:00Z,7.763672
2025-02-20T11:00:00Z,11.336509
2025-02-20T12:00:00Z,7.323513
2025-02-20T13:00:00Z,0.000000
2025-02-20T14:00:00Z,0.000000
2025-02-20T15:00:00Z,0.000000
2025-02-20T16:00:00Z,0.000000
2025-02-20T17:00:00Z,0.000000
2025-02-20T18:00:00Z,0.000000
2025-02-20T19:00:00Z,0.000000
2025-02-20T20:00:00Z,0.000000
2025-02-20T21:00:00Z,0.000000
2025-02-20T22:00:00Z,0.000000
2025-02-20T23:00:00Z,0.000000
2025-02-21T00:00:00Z,0.000000
2025-02-21T01:00:00Z,0.000000
2025-02-21T02:00:00Z,0.000000
2025-02-21T03:00:00Z,0.000000
2025-02-21T04:00:00Z,0.000000
2025-02-21T05:00:00Z,0.000000
2025-02-21T06:00:00Z,0.000000
2025-02-21T07:00:00Z,0.000000
2025-02-21T08:00:00Z,0.000000
2025-02-21T09:00:00Z,0.000000
2025-02-21T10:00:00Z,0.000000
2025-02-21T11:00:00Z,0.000000
2025-02-21T12:00:00Z,0.000000
2025-02-21T13:00:00Z,0.000000
2025-02-21T14:00:00Z,0.000000
2025-02-21T15:00:00Z,0.000000
2025-02-21T16:00:00Z,0.000000
2025-02-21T17:00:00Z,0.000000
2025-02-21T18:00:00Z,0.000000
2025-02-21T19:00:00Z,0.000000
2025-02-21T20:00:00Z,0.000000
2025-02-21T21:00:00Z,0.000000
2025-02-21T22:00:00Z,0.000000
2025-02-21T23:00:00Z,0.000000
2025-02-22T00:00:00Z,0.000000
2025-02-22T01:00:00Z,0.000000
2025-02-22T02:00:00Z,0.000000
2025-02-22T03:00:00Z,0.000000
2025-02-22T04:00:00Z,0.000000
2025-02-22T05:00:00Z,0.000000
2025-02-22T06:00:00Z,0.000000
2025-02-22T07:00:00Z,0.000000
2025-02-22T08:00:00Z,0.000000
2025-02-22T09:00:00Z,0.344167
2025-02-22T10:00:00Z,0.000000
2025-02-22T11:00:00Z,0.000000
2025-02-22T12:00:00Z,0.000000
2025-02-22T13:00:00Z,0.000000
2025-02-22T14:00:00Z,0.000000
2025-02-22T15:00:00Z,0.000000
2025-02-22T16:00:00Z,0.000000
2025-02-22T17:00:00Z,0.000000
2025-02-22T18:00:00Z,0.000000
2025-02-22T19:00:00Z,0.000000
2025-02-22T20:00:00Z,0.000000
2025-02-22T21:00:00Z,0.000000
2025-02-22T22:00:00Z,0.000000
2025-02-22T23:00:00Z,0.000000
2025-02-23T00:00:00Z,0.000000
2025-02-23T01:00:00Z,0.000000
2025-02-23T02:00:00Z,0.000000
2025-02-23T03:00:00Z,0.000000
2025-02-23T04:00:00Z,0.000000
2025-02-23T05:00:00Z,0.000000
2025-02-23T06:00:00Z,0.000000
2025-02-23T07:00:00Z,0.000000
2025-02-23T08:00:00Z,0.000000
2025-02-23T09:00:00Z,0.000000
2025-02-23T10:00:00Z,2.365867
2025-02-23T11:00:00Z,7.337192
2025-02-23T12:00:00Z,10.633189
2025-02-23T13:00:00Z,8.115116
2025-02-23T14:00:00Z,0.000000
2025-02-23T15:00:00Z,0.000000
2025-02-23T16:00:00Z,0.000000
2025-02-23T17:00:00Z,0.000000
2025-02-23T18:00:00Z,0.000000
2025-02-23T19:00:00Z,0.000000
2025-02-23T20:00:00Z,0.000000
2025-02-23T21:00:00Z,0.000000
2025-02-23T22:00:00Z,0.000000
2025-02-23T23:00:00Z,0.000000
2025-02-24T00:00:00Z,0.000000
2025-02-24T01:00:00Z,0.000000
2025-02-24T02:00:00Z,0.000000
2025-02-24T03:00:00Z,0.000000
2025-02-24T04:00:00Z,0.000000
2025-02-24T05:00:00Z,0.000000
2025-02-24T06:00:00Z,0.000000
2025-02-24T07:00:00Z,0.000000
2025-02-24T08:00:00Z,0.000000
2025-02-24T09:00:00Z,0.000000
2025-02-24T10:00:00Z,0.000000
2025-02-24T11:00:00Z,0.000000
2025-02-24T12:00:00Z,0.000000
2025-02-24T13:00:00Z,0.000000
2025-02-24T14:00:00Z,0.000000
2025-02-24T15:00:00Z,0.000000
2025-02-24T16:00:00Z,0.000000
2025-02-24T17:00:00Z,0.000000
2025-02-24T18:00:00Z,0.000000
2025-02-24T19:00:00Z,0.000000
2025-02-24T20:00:00Z,0.000000
2025-02-24T21:00:00Z,0.000000
2025-02-24T22:00:00Z,0.000000
2025-02-24T23:00:00Z,0.000000
2025-02-25T00:00:00Z,0.000000
2025-02-25T01:00:00Z,0.000000
2025-02-25T02:00:00Z,0.000000
2025-02-25T03:00:00Z,0.000000
2025-02-25T04:00:00Z,0.000000
2025-02-25T05:00:00Z,0.000000
2025-02-25T06:00:00Z,0.000000
2025-02-25T07:00:00Z,0.000000
2025-02-25T08:00:00Z,0.000000
2025-02-25T09:00:00Z,0.000000
2025-02-25T10:00:00Z,0.000000
2025-02-25T11:00:00Z,0.000000
2025-02-25T12:00:00Z,0.000000
2025-02-25T13:00:00Z,0.000000
2025-02-25T14:00:00Z,0.000000
2025-02-25T15:00:00Z,0.000000
2025-02-25T16:00:00Z,0.000000
2025-02-25T17:00:00Z,0.000000
2025-02-25T18:00:00Z,0.000000
2025-02-25T19:00:00Z,0.000000
2025-02-25T20:00:00Z,0.000000
2025-02-25T21:00:00Z,0.000000
2025-02-25T22:00:00Z,0.000000
2025-02-25T23:00:00Z,0.000000
2025-02-26T00:00:00Z,0.000000
2025-02-26T01:00:00Z,0.000000
2025-02-26T02:00:00Z,0.000000
2025-02-26T03:00:00Z,0.000000
2025-02-26T04:00:00Z,0.000000
2025-02-26T05:00:00Z,0.000000
2025-02-26T06:00:00Z,0.000000
2025-02-26T07:00:00Z,0.000000
2025-02-26T08:00:00Z,0.000000
2025-02-26T09:00:00Z,0.000000
2025-02-26T10:00:00Z,3.378817
2025-02-26T11:00:00Z,3.286337
2025-02-26T12:00:00Z,0.147354
2025-02-26T13:00:00Z,5.654844
2025-02-26T14:00:00Z,0.546522
2025-02-26T15:00:00Z,0.000000
2025-02-26T16:00:00Z,0.000000
2025-02-26T17:00:00Z,0.000000
2025-02-26T18:00:00Z,0.000000
2025-02-26T19:00:00Z,0.000000
2025-02-26T20:00:00Z,0.000000
2025-02-26T21:00:00Z,0.000000
2025-02-26T22:00:00Z,0.000000
2025-02-26T23:00:00Z,0.000000
2025-02-27T00:00:00Z,0.000000
2025-02-27T01:00:00Z,0.000000
2025-02-27T02:00:00Z,0.000000
2025-02-27T03:00:00Z,0.000000
2025-02-27T04:00:00Z,0.000000
2025-02-27T05:00:00Z,0.000000
2025-02-27T06:00:00Z,0.000000
2025-02-27T07:00:00Z,0.000000
2025-02-27T08:00:00Z,0.000000
2025-02-27T09:00:00Z,0.000000
2025-02-27T10:00:00Z,0.000000
2025-02-27T11:00:00Z,0.000000
2025-02-27T12:00:00Z,5.666396
2025-02-27T13:00:00Z,2.038405
2025-02-27T14:00:00Z,5.634959
2025-02-27T15:00:00Z,0.000000
2025-02-27T16:00:00Z,0.000000
2025-02-27T17:00:00Z,0.000000
2025-02-27T18:00:00Z,0.000000
2025-02-27T19:00:00Z,0.000000
2025-02-27T20:00:00Z,0.000000
2025-02-27T21:00:00Z,0.000000
2025-02-27T22:00:00Z,0.000000
2025-02-27T23:00:00Z,0.000000
2025-02-28T00:00:00Z,0.000000
2025-02-28T01:00:00Z,0.000000
2025-02-28T02:00:00Z,0.000000
2025-02-28T03:00:00Z,0.000000
2025-02-28T04:00:00Z,0.000000
2025-02-28T05:00:00Z,0.000000
2025-02-28T06:00:00Z,0.000000
2025-02-28T07:00:00Z,0.000000
2025-02-28T08:00:00Z,0.000000
2025-02-28T09:00:00Z,0.000000
2025-02-28T10:00:00Z,0.000000
2025-02-28T11:00:00Z,9.938010
2025-02-28T12:00:00Z,11.601183
2025-02-28T13:00:00Z,9.259606
2025-02-28T14:00:00Z,5.559555
2025-02-28T15:00:00Z,0.690194
2025-02-28T16:00:00Z,0.000000
2025-02-28T17:00:00Z,0.000000
2025-02-28T18:00:00Z,0.000000
2025-02-28T19:00:00Z,0.000000
2025-02-28T20:00:00Z,0.000000
2025-02-28T21:00:00Z,0.000000
2025-02-28T22:00:00Z,0.000000
2025-02-28T23:00:00Z,0.000000
2025-03-01T00:00:00Z,0.000000
2025-03-01T01:00:00Z,0.000000
2025-03-01T02:00:00Z,0.000000
2025-03-01T03:00:00Z,0.000000
2025-03-01T04:00:00Z,0.000000
2025-03-01T05:00:00Z,0.000000
2025-03-01T06:00:00Z,0.000000
2025-03-01T07:00:00Z,0.000000
2025-03-01T08:00:00Z,0.000000
2025-03-01T09:00:00Z,0.288720
2025-03-01T10:00:00Z,0.668305
2025-03-01T11:00:00Z,4.952866
2025-03-01T12:00:00Z,7.058707
2025-03-01T13:00:00Z,7.766933
2025-03-01T14:00:00Z,3.718770
2025-03-01T15:00:00Z,0.000000
2025-03-01T16:00:00Z,0.000000
2025-03-01T17:00:00Z,0.000000
2025-03-01T18:00:00Z,0.000000
2025-03-01T19:00:00Z,0.000000
2025-03-01T20:00:00Z,0.000000
2025-03-01T21:00:00Z,0.000000
2025-03-01T22:00:00Z,0.000000
2025-03-01T23:00:00Z,0.000000
2025-03-02T00:00:00Z,0.000000
2025-03-02T01:00:00Z,0.000000
2025-03-02T02:00:00Z,0.000000
2025-03-02T03:00:00Z,0.000000
2025-03-02T04:00:00Z,0.000000
2025-03-02T05:00:00Z,0.000000
2025-03-02T06:00:00Z,0.000000
2025-03-02T07:00:00Z,0.000000
2025-03-02T08:00:00Z,1.987591
2025-03-02T09:00:00Z,3.991538
2025-03-02T10:00:00Z,7.468710
2025-03-02T11:00:00Z,7.294188
2025-03-02T12:00:00Z,6.176905
2025-03-02T13:00:00Z,0.000000
2025-03-02T14:00:00Z,0.000000
2025-03-02T15:00:00Z,0.000000
2025-03-02T16:00:00Z,0.000000
2025-03-02T17:00:00Z,0.000000
2025-03-02T18:00:00Z,0.000000
2025-03-02T19:00:00Z,0.000000
2025-03-02T20:00:00Z,0.000000
2025-03-02T21:00:00Z,0.000000
2025-03-02T22:00:00Z,0.000000
2025-03-02T23:00:00Z,0.000000
2025-03-03T00:00:00Z,0.000000
2025-03-03T01:00:00Z,0.000000
2025-03-03T02:00:00Z,0.000000
2025-03-03T03:00:00Z,0.000000
2025-03-03T04:00:00Z,0.000000
2025-03-03T05:00:00Z,0.000000
2025-03-03T06:00:00Z,0.000000
2025-03-03T07:00:00Z,0.000000
2025-03-03T08:00:00Z,0.000000
2025-03-03T09:00:00Z,0.000000
2025-03-03T10:00:00Z,0.000000
2025-03-03T11:00:00Z,0.000000
2025-03-03T12:00:00Z,0.000000
2025-03-03T13:00:00Z,0.000000
2025-03-03T14:00:00Z,0.000000
2025-03-03T15:00:00Z,0.000000
2025-03-03T16:00:00Z,0.000000
2025-03-03T17:00:00Z,0.000000
2025-03-03T18:00:00Z,0.000000
2025-03-03T19:00:00Z,0.000000
2025-03-03T20:00:00Z,0.000000
2025-03-03T21:00:00Z,0.000000
2025-03-03T22:00:00Z,0.000000
2025-03-03T23:00:00Z,0.000000
2025-03-04T00:00:00Z,0.000000
2025-03-04T01:00:00Z,0.000000
2025-03-04T02:00:00Z,0.000000
2025-03-04T03:00:00Z,0.000000
2025-03-04T04:00:00Z,0.000000
2025-03-04T05:00:00Z,0.000000
2025-03-04T06:00:00Z,0.000000
2025-03-04T07:00:00Z,0.000000
2025-03-04T08:00:00Z,0.000000
2025-03-04T09:00:00Z,0.000000
2025-03-04T10:00:00Z,0.000000
2025-03-04T11:00:00Z,0.000000
2025-03-04T12:00:00Z,5.016615
2025-03-04T13:00:00Z,1.848347
2025-03-04T14:00:00Z,0.000000
2025-03-04T15:00:00Z,0.000000
2025-03-04T16:00:00Z,0.000000
2025-03-04T17:00:00Z,0.000000
2025-03-04T18:00:00Z,0.000000
2025-03-04T19:00:00Z,0.000000
2025-03-04T20:00:00Z,0.000000
2025-03-04T21:00:00Z,0.000000
2025-03-04T22:00:00Z,0.000000
2025-03-04T23:00:00Z,0.000000
2025-03-05T00:00:00Z,0.000000
2025-03-05T01:00:00Z,0.000000
2025-03-05T02:00:00Z,0.000000
2025-03-05T03:00:00Z,0.000000
2025-03-05T04:00:00Z,0.000000
2025-03-05T05:00:00Z,0.000000
2025-03-05T06:00:00Z,0.000000
2025-03-05T07:00:00Z,0.000000
2025-03-05T08:00:00Z,0.527999
2025-03-05T09:00:00Z,3.691264
2025-03-05T10:00:00Z,6.203816
2025-03-05T11:00:00Z,2.553024
2025-03-05T12:00:00Z,6.925529
2025-03-05T13:00:00Z,0.785284
2025-03-05T14:00:00Z,0.000000
2025-03-05T15:00:00Z,0.000000
2025-03-05T16:00:00Z,0.000000
2025-03-05T17:00:00Z,0.000000
2025-03-05T18:00:00Z,0.000000
2025-03-05T19:00:00Z,0.000000
2025-03-05T20:00:00Z,0.000000
2025-03-05T21:00:00Z,0.000000
2025-03-05T22:00:00Z,0.000000
2025-03-05T23:00:00Z,0.000000
2025-03-06T00:00:00Z,0.000000
2025-03-06T01:00:00Z,0.000000
2025-03-06T02:00:00Z,0.000000
2025-03-06T03:00:00Z,0.000000
2025-03-06T04:00:00Z,0.000000
2025-03-06T05:00:00Z,0.000000
2025-03-06T06:00:00Z,0.000000
2025-03-06T07:00:00Z,0.505272
2025-03-06T08:00:00Z,5.675713
2025-03-06T09:00:00Z,9.625092
2025-03-06T10:00:00Z,12.023136
2025-03-06T11:00:00Z,13.039490
2025-03-06T12:00:00Z,12.018607
2025-03-06T13:00:00Z,9.348942
2025-03-06T14:00:00Z,5.212950
2025-03-06T15:00:00Z,0.847906
2025-03-06T16:00:00Z,0.000000
2025-03-06T17:00:00Z,0.000000
2025-03-06T18:00:00Z,0.000000
2025-03-06T19:00:00Z,0.000000
2025-03-06T20:00:00Z,0.000000
2025-03-06T21:00:00Z,0.000000
2025-03-06T22:00:00Z,0.000000
2025-03-06T23:00:00Z,0.000000
2025-03-07T00:00:00Z,0.000000
2025-03-07T01:00:00Z,0.000000
2025-03-07T02:00:00Z,0.000000
2025-03-07T03:00:00Z,0.000000
2025-03-07T04:00:00Z,0.000000
2025-03-07T05:00:00Z,0.000000
2025-03-07T06:00:00Z,0.000000
2025-03-07T07:00:00Z,0.000000
2025-03-07T08:00:00Z,4.587863
2025-03-07T09:00:00Z,8.108947
2025-03-07T10:00:00Z,11.133900
2025-03-07T11:00:00Z,9.740681
2025-03-07T12:00:00Z,10.519197
2025-03-07T13:00:00Z,8.434907
2025-03-07T14:00:00Z,1.539660
2025-03-07T15:00:00Z,0.000000
2025-03-07T16:00:00Z,0.000000
2025-03-07T17:00:00Z,0.000000
2025-03-07T18:00:00Z,0.000000
2025-03-07T19:00:00Z,0.000000
2025-03-07T20:00:00Z,0.000000
2025-03-07T21:00:00Z,0.000000
2025-03-07T22:00:00Z,0.000000
2025-03-07T23:00:00Z,0.000000
2025-03-08T00:00:00Z,0.000000
2025-03-08T01:00:00Z,0.000000
2025-03-08T02:00:00Z,0.000000
2025-03-08T03:00:00Z,0.000000
2025-03-08T04:00:00Z,0.000000
2025-03-08T05:00:00Z,0.000000
2025-03-08T06:00:00Z,0.000000
2025-03-08T07:00:00Z,0.000000
2025-03-08T08:00:00Z,2.306749
2025-03-08T09:00:00Z,3.483137
2025-03-08T10:00:00Z,10.092785
2025-03-08T11:00:00Z,10.401382
2025-03-08T12:00:00Z,8.550518
2025-03-08T13:00:00Z,5.678171
2025-03-08T14:00:00Z,4.546942
2025-03-08T15:00:00Z,2.015869
2025-03-08T16:00:00Z,0.000000
2025-03-08T17:00:00Z,0.000000
2025-03-08T18:00:00Z,0.000000
2025-03-08T19:00:00Z,0.000000
2025-03-08T20:00:00Z,0.000000
2025-03-08T21:00:00Z,0.000000
2025-03-08T22:00:00Z,0.000000
2025-03-08T23:00:00Z,0.000000
2025-03-09T00:00:00Z,0.000000
2025-03-09T01:00:00Z,0.000000
2025-03-09T02:00:00Z,0.000000
2025-03-09T03:00:00Z,0.000000
2025-03-09T04:00:00Z,0.000000
2025-03-09T05:00:00Z,0.000000
2025-03-09T06:00:00Z,0.000000
2025-03-09T07:00:00Z,0.000000
2025-03-09T08:00:00Z,4.563450
2025-03-09T09:00:00Z,8.508960
2025-03-09T10:00:00Z,8.637132
2025-03-09T11:00:00Z,9.846202
2025-03-09T12:00:00Z,11.317305
2025-03-09T13:00:00Z,10.937870
2025-03-09T14:00:00Z,6.983465
2025-03-09T15:00:00Z,2.059372
2025-03-09T16:00:00Z,0.000000
2025-03-09T17:00:00Z,0.000000
2025-03-09T18:00:00Z,0.000000
2025-03-09T19:00:00Z,0.000000
2025-03-09T20:00:00Z,0.000000
2025-03-09T21:00:00Z,0.000000
2025-03-09T22:00:00Z,0.000000
2025-03-09T23:00:00Z,0.000000
2025-03-10T00:00:00Z,0.000000
2025-03-10T01:00:00Z,0.000000
2025-03-10T02:00:00Z,0.000000
2025-03-10T03:00:00Z,0.000000
2025-03-10T04:00:00Z,0.000000
2025-03-10T05:00:00Z,0.000000
2025-03-10T06:00:00Z,0.000000
2025-03-10T07:00:00Z,0.000000
2025-03-10T08:00:00Z,3.465858
2025-03-10T09:00:00Z,7.738522
2025-03-10T10:00:00Z,10.372439
2025-03-10T11:00:00Z,11.560638
2025-03-10T12:00:00Z,10.969471
2025-03-10T13:00:00Z,8.490500
2025-03-10T14:00:00Z,5.926241
2025-03-10T15:00:00Z,0.000000
2025-03-10T16:00:00Z,0.000000
2025-03-10T17:00:00Z,0.000000
2025-03-10T18:00:00Z,0.000000
2025-03-10T19:00:00Z,0.000000
2025-03-10T20:00:00Z,0.000000
2025-03-10T21:00:00Z,0.000000
2025-03-10T22:00:00Z,0.000000
2025-03-10T23:00:00Z,0.000000
2025-03-11T00:00:00Z,0.000000
2025-03-11T01:00:00Z,0.000000
2025-03-11T02:00:00Z,0.000000
2025-03-11T03:00:00Z,0.000000
2025-03-11T04:00:00Z,0.000000
2025-03-11T05:00:00Z,0.000000
2025-03-11T06:00:00Z,0.000000
2025-03-11T07:00:00Z,0.000000
2025-03-11T08:00:00Z,0.000000
2025-03-11T09:00:00Z,0.000000
2025-03-11T10:00:00Z,0.000000
2025-03-11T11:00:00Z,0.000000
2025-03-11T12:00:00Z,0.000000
2025-03-11T13:00:00Z,0.000000
2025-03-11T14:00:00Z,0.000000
2025-03-11T15:00:00Z,0.000000
2025-03-11T16:00:00Z,0.000000
2025-03-11T17:00:00Z,0.000000
2025-03-11T18:00:00Z,0.000000
2025-03-11T19:00:00Z,0.000000
2025-03-11T20:00:00Z,0.000000
2025-03-11T21:00:00Z,0.000000
2025-03-11T22:00:00Z,0.000000
2025-03-11T23:00:00Z,0.000000
2025-03-12T00:00:00Z,0.000000
2025-03-12T01:00:00Z,0.000000
2025-03-12T02:00:00Z,0.000000
2025-03-12T03:00:00Z,0.000000
2025-03-12T04:00:00Z,0.000000
2025-03-12T05:00:00Z,0.000000
2025-03-12T06:00:00Z,0.000000
2025-03-12T07:00:00Z,0.000000
2025-03-12T08:00:00Z,0.000000
2025-03-12T09:00:00Z,0.000000
2025-03-12T10:00:00Z,0.000000
2025-03-12T11:00:00Z,0.000000
2025-03-12T12:00:00Z,0.000000
2025-03-12T13:00:00Z,0.000000
2025-03-12T14:00:00Z,0.000000
2025-03-12T15:00:00Z,0.000000
2025-03-12T16:00:00Z,0.000000
2025-03-12T17:00:00Z,0.000000
2025-03-12T18:00:00Z,0.000000
2025-03-12T19:00:00Z,0.000000
2025-03-12T20:00:00Z,0.000000
2025-03-12T21:00:00Z,0.000000
2025-03-12T22:00:00Z,0.000000
2025-03-12T23:00:00Z,0.000000
2025-03-13T00:00:00Z,0.000000
2025-03-13T01:00:00Z,0.000000
2025-03-13T02:00:00Z,0.000000
2025-03-13T03:00:00Z,0.000000
2025-03-13T04:00:00Z,0.000000
2025-03-13T05:00:00Z,0.000000
2025-03-13T06:00:00Z,0.000000
2025-03-13T07:00:00Z,0.000000
2025-03-13T08:00:00Z,0.000000
2025-03-13T09:00:00Z,1.395971
2025-03-13T10:00:00Z,10.684655
2025-03-13T11:00:00Z,0.000000
2025-03-13T12:00:00Z,0.000000
2025-03-13T13:00:00Z,0.000000
2025-03-13T14:00:00Z,0.000000
2025-03-13T15:00:00Z,0.000000
2025-03-13T16:00:00Z,0.000000
2025-03-13T17:00:00Z,0.000000
2025-03-13T18:00:00Z,0.000000
2025-03-13T19:00:00Z,0.000000
2025-03-13T20:00:00Z,0.000000
2025-03-13T21:00:00Z,0.000000
2025-03-13T22:00:00Z,0.000000
2025-03-13T23:00:00Z,0.000000
2025-03-14T00:00:00Z,0.000000
2025-03-14T01:00:00Z,0.000000
2025-03-14T02:00:00Z,0.000000
2025-03-14T03:00:00Z,0.000000
2025-03-14T04:00:00Z,0.000000
2025-03-14T05:00:00Z,0.000000
2025-03-14T06:00:00Z,0.000000
2025-03-14T07:00:00Z,1.416376
2025-03-14T08:00:00Z,0.021906
2025-03-14T09:00:00Z,9.600281
2025-03-14T10:00:00Z,12.939587
2025-03-14T11:00:00Z,17.370662
2025-03-14T12:00:00Z,11.192944
2025-03-14T13:00:00Z,7.651097
2025-03-14T14:00:00Z,7.671282
2025-03-14T15:00:00Z,1.130673
2025-03-14T16:00:00Z,0.000000
2025-03-14T17:00:00Z,0.000000
2025-03-14T18:00:00Z,0.000000
2025-03-14T19:00:00Z,0.000000
2025-03-14T20:00:00Z,0.000000
2025-03-14T21:00:00Z,0.000000
2025-03-14T22:00:00Z,0.000000
2025-03-14T23:00:00Z,0.000000
2025-03-15T00:00:00Z,0.000000
2025-03-15T01:00:00Z,0.000000
2025-03-15T02:00:00Z,0.000000
2025-03-15T03:00:00Z,0.000000
2025-03-15T04:00:00Z,0.000000
2025-03-15T05:00:00Z,0.000000
2025-03-15T06:00:00Z,0.000000
2025-03-15T07:00:00Z,2.040047
2025-03-15T08:00:00Z,6.971774
2025-03-15T09:00:00Z,11.027370
2025-03-15T10:00:00Z,11.495506
2025-03-15T11:00:00Z,8.040311
2025-03-15T12:00:00Z,11.614785
2025-03-15T13:00:00Z,6.922025
2025-03-15T14:00:00Z,5.719354
2025-03-15T15:00:00Z,0.000000
2025-03-15T16:00:00Z,0.000000
2025-03-15T17:00:00Z,0.000000
2025-03-15T18:00:00Z,0.000000
2025-03-15T19:00:00Z,0.000000
2025-03-15T20:00:00Z,0.000000
2025-03-15T21:00:00Z,0.000000
2025-03-15T22:00:00Z,0.000000
2025-03-15T23:00:00Z,0.000000
2025-03-16T00:00:00Z,0.000000
2025-03-16T01:00:00Z,0.000000
2025-03-16T02:00:00Z,0.000000
2025-03-16T03:00:00Z,0.000000
2025-03-16T04:00:00Z,0.000000
2025-03-16T05:00:00Z,0.000000
2025-03-16T06:00:00Z,0.000000
2025-03-16T07:00:00Z,0.000000
2025-03-16T08:00:00Z,1.498824
2025-03-16T09:00:00Z,4.310608
2025-03-16T10:00:00Z,6.144764
2025-03-16T11:00:00Z,4.749354
2025-03-16T12:00:00Z,5.261581
2025-03-16T13:00:00Z,8.776797
2025-03-16T14:00:00Z,8.512519
2025-03-16T15:00:00Z,1.669100
2025-03-16T16:00:00Z,0.000000
2025-03-16T17:00:00Z,0.000000
2025-03-16T18:00:00Z,0.000000
2025-03-16T19:00:00Z,0.000000
2025-03-16T20:00:00Z,0.000000
2025-03-16T21:00:00Z,0.000000
2025-03-16T22:00:00Z,0.000000
2025-03-16T23:00:00Z,0.000000
2025-03-17T00:00:00Z,0.000000
2025-03-17T01:00:00Z,0.000000
2025-03-17T02:00:00Z,0.000000
2025-03-17T03:00:00Z,0.000000
2025-03-17T04:00:00Z,0.000000
2025-03-17T05:00:00Z,0.000000
2025-03-17T06:00:00Z,0.000000
2025-03-17T07:00:00Z,2.531097
2025-03-17T08:00:00Z,7.308301
2025-03-17T09:00:00Z,11.151400
2025-03-17T10:00:00Z,12.759899
2025-03-17T11:00:00Z,13.316332
2025-03-17T12:00:00Z,13.771589
2025-03-17T13:00:00Z,11.503294
2025-03-17T14:00:00Z,7.937244
2025-03-17T15:00:00Z,4.062857
2025-03-17T16:00:00Z,0.000000
2025-03-17T17:00:00Z,0.000000
2025-03-17T18:00:00Z,0.000000
2025-03-17T19:00:00Z,0.000000
2025-03-17T20:00:00Z,0.000000
2025-03-17T21:00:00Z,0.000000
2025-03-17T22:00:00Z,0.000000
2025-03-17T23:00:00Z,0.000000
2025-03-18T00:00:00Z,0.000000
2025-03-18T01:00:00Z,0.000000
2025-03-18T02:00:00Z,0.000000
2025-03-18T03:00:00Z,0.000000
2025-03-18T04:00:00Z,0.000000
2025-03-18T05:00:00Z,0.000000
2025-03-18T06:00:00Z,0.000000
2025-03-18T07:00:00Z,0.000000
2025-03-18T08:00:00Z,0.000000
2025-03-18T09:00:00Z,0.000000
2025-03-18T10:00:00Z,0.000000
2025-03-18T11:00:00Z,0.000000
2025-03-18T12:00:00Z,0.000000
2025-03-18T13:00:00Z,0.000000
2025-03-18T14:00:00Z,0.000000
2025-03-18T15:00:00Z,0.000000
2025-03-18T16:00:00Z,0.000000
2025-03-18T17:00:00Z,0.000000
2025-03-18T18:00:00Z,0.000000
2025-03-18T19:00:00Z,0.000000
2025-03-18T20:00:00Z,0.000000
2025-03-18T21:00:00Z,0.000000
2025-03-18T22:00:00Z,0.000000
2025-03-18T23:00:00Z,0.000000
2025-03-19T00:00:00Z,0.000000
2025-03-19T01:00:00Z,0.000000
2025-03-19T02:00:00Z,0.000000
2025-03-19T03:00:00Z,0.000000
2025-03-19T04:00:00Z,0.000000
2025-03-19T05:00:00Z,0.000000
2025-03-19T06:00:00Z,0.000000
2025-03-19T07:00:00Z,0.953506
2025-03-19T08:00:00Z,7.464736
2025-03-19T09:00:00Z,11.304005
2025-03-19T10:00:00Z,13.735712
2025-03-19T11:00:00Z,14.889304
2025-03-19T12:00:00Z,14.244460
2025-03-19T13:00:00Z,11.798396
2025-03-19T14:00:00Z,7.967099
2025-03-19T15:00:00Z,3.273830
2025-03-19T16:00:00Z,0.000000
2025-03-19T17:00:00Z,0.000000
2025-03-19T18:00:00Z,0.000000
2025-03-19T19:00:00Z,0.000000
2025-03-19T20:00:00Z,0.000000
2025-03-19T21:00:00Z,0.000000
2025-03-19T22:00:00Z,0.000000
2025-03-19T23:00:00Z,0.000000
2025-03-20T00:00:00Z,0.000000
2025-03-20T01:00:00Z,0.000000
2025-03-20T02:00:00Z,0.000000
2025-03-20T03:00:00Z,0.000000
2025-03-20T04:00:00Z,0.000000
2025-03-20T05:00:00Z,0.000000
2025-03-20T06:00:00Z,0.000000
2025-03-20T07:00:00Z,0.000000
2025-03-20T08:00:00Z,5.086167
2025-03-20T09:00:00Z,10.400295
2025-03-20T10:00:00Z,12.840986
2025-03-20T11:00:00Z,14.056159
2025-03-20T12:00:00Z,13.369117
2025-03-20T13:00:00Z,11.021470
2025-03-20T14:00:00Z,7.057468
2025-03-20T15:00:00Z,2.492957
2025-03-20T16:00:00Z,0.000000
2025-03-20T17:00:00Z,0.000000
2025-03-20T18:00:00Z,0.000000
2025-03-20T19:00:00Z,0.000000
2025-03-20T20:00:00Z,0.000000
2025-03-20T21:00:00Z,0.000000
2025-03-20T22:00:00Z,0.000000
2025-03-20T23:00:00Z,0.000000
2025-03-21T00:00:00Z,0.000000
2025-03-21T01:00:00Z,0.000000
2025-03-21T02:00:00Z,0.000000
2025-03-21T03:00:00Z,0.000000
2025-03-21T04:00:00Z,0.000000
2025-03-21T05:00:00Z,0.000000
2025-03-21T06:00:00Z,0.000000
2025-03-21T07:00:00Z,1.973073
2025-03-21T08:00:00Z,6.799842
2025-03-21T09:00:00Z,10.626190
2025-03-21T10:00:00Z,13.293597
2025-03-21T11:00:00Z,14.561280
2025-03-21T12:00:00Z,14.084226
2025-03-21T13:00:00Z,11.378914
2025-03-21T14:00:00Z,7.603052
2025-03-21T15:00:00Z,2.338396
2025-03-21T16:00:00Z,0.000000
2025-03-21T17:00:00Z,0.000000
2025-03-21T18:00:00Z,0.000000
2025-03-21T19:00:00Z,0.000000
2025-03-21T20:00:00Z,0.000000
2025-03-21T21:00:00Z,0.000000
2025-03-21T22:00:00Z,0.000000
2025-03-21T23:00:00Z,0.000000
2025-03-22T00:00:00Z,0.000000
2025-03-22T01:00:00Z,0.000000
2025-03-22T02:00:00Z,0.000000
2025-03-22T03:00:00Z,0.000000
2025-03-22T04:00:00Z,0.000000
2025-03-22T05:00:00Z,0.000000
2025-03-22T06:00:00Z,0.000000
2025-03-22T07:00:00Z,2.239991
2025-03-22T08:00:00Z,7.076052
2025-03-22T09:00:00Z,11.026032
2025-03-22T10:00:00Z,13.806216
2025-03-22T11:00:00Z,15.241434
2025-03-22T12:00:00Z,14.762032
2025-03-22T13:00:00Z,12.155796
2025-03-22T14:00:00Z,8.068974
2025-03-22T15:00:00Z,3.419301
2025-03-22T16:00:00Z,0.000000
2025-03-22T17:00:00Z,0.000000
2025-03-22T18:00:00Z,0.000000
2025-03-22T19:00:00Z,0.000000
2025-03-22T20:00:00Z,0.000000
2025-03-22T21:00:00Z,0.000000
2025-03-22T22:00:00Z,0.000000
2025-03-22T23:00:00Z,0.000000
2025-03-23T00:00:00Z,0.000000
2025-03-23T01:00:00Z,0.000000
2025-03-23T02:00:00Z,0.000000
2025-03-23T03:00:00Z,0.000000
2025-03-23T04:00:00Z,0.000000
2025-03-23T05:00:00Z,0.000000
2025-03-23T06:00:00Z,0.000000
2025-03-23T07:00:00Z,2.109052
2025-03-23T08:00:00Z,6.592478
2025-03-23T09:00:00Z,10.529610
2025-03-23T10:00:00Z,12.953001
2025-03-23T11:00:00Z,13.721880
2025-03-23T12:00:00Z,12.860425
2025-03-23T13:00:00Z,10.397487
2025-03-23T14:00:00Z,6.806246
2025-03-23T15:00:00Z,1.903000
2025-03-23T16:00:00Z,0.000000
2025-03-23T17:00:00Z,0.000000
2025-03-23T18:00:00Z,0.000000
2025-03-23T19:00:00Z,0.000000
2025-03-23T20:00:00Z,0.000000
2025-03-23T21:00:00Z,0.000000
2025-03-23T22:00:00Z,0.000000
2025-03-23T23:00:00Z,0.000000
2025-03-24T00:00:00Z,0.000000
2025-03-24T01:00:00Z,0.000000
2025-03-24T02:00:00Z,0.000000
2025-03-24T03:00:00Z,0.000000
2025-03-24T04:00:00Z,0.000000
2025-03-24T05:00:00Z,0.000000
2025-03-24T06:00:00Z,0.000000
2025-03-24T07:00:00Z,1.231885
2025-03-24T08:00:00Z,5.889549
2025-03-24T09:00:00Z,9.657658
2025-03-24T10:00:00Z,11.852655
2025-03-24T11:00:00Z,12.529425
2025-03-24T12:00:00Z,12.299826
2025-03-24T13:00:00Z,9.931534
2025-03-24T14:00:00Z,5.861909
2025-03-24T15:00:00Z,1.928546
2025-03-24T16:00:00Z,0.000000
2025-03-24T17:00:00Z,0.000000
2025-03-24T18:00:00Z,0.000000
2025-03-24T19:00:00Z,0.000000
2025-03-24T20:00:00Z,0.000000
2025-03-24T21:00:00Z,0.000000
2025-03-24T22:00:00Z,0.000000
2025-03-24T23:00:00Z,0.000000
2025-03-25T00:00:00Z,0.000000
2025-03-25T01:00:00Z,0.000000
2025-03-25T02:00:00Z,0.000000
2025-03-25T03:00:00Z,0.000000
2025-03-25T04:00:00Z,0.000000
2025-03-25T05:00:00Z,0.000000
2025-03-25T06:00:00Z,0.000000
2025-03-25T07:00:00Z,0.000000
2025-03-25T08:00:00Z,0.000000
2025-03-25T09:00:00Z,0.000000
2025-03-25T10:00:00Z,0.000000
2025-03-25T11:00:00Z,0.000000
2025-03-25T12:00:00Z,0.000000
2025-03-25T13:00:00Z,0.000000
2025-03-25T14:00:00Z,0.000000
2025-03-25T15:00:00Z,0.000000
2025-03-25T16:00:00Z,0.000000
2025-03-25T17:00:00Z,0.000000
2025-03-25T18:00:00Z,0.000000
2025-03-25T19:00:00Z,0.000000
2025-03-25T20:00:00Z,0.000000
2025-03-25T21:00:00Z,0.000000
2025-03-25T22:00:00Z,0.000000
2025-03-25T23:00:00Z,0.000000
2025-03-26T00:00:00Z,0.000000
2025-03-26T01:00:00Z,0.000000
2025-03-26T02:00:00Z,0.000000
2025-03-26T03:00:00Z,0.000000
2025-03-26T04:00:00Z,0.000000
2025-03-26T05:00:00Z,0.000000
2025-03-26T06:00:00Z,0.000000
2025-03-26T07:00:00Z,2.227861
2025-03-26T08:00:00Z,6.129717
2025-03-26T09:00:00Z,11.199387
2025-03-26T10:00:00Z,12.580750
2025-03-26T11:00:00Z,14.655647
2025-03-26T12:00:00Z,11.743968
2025-03-26T13:00:00Z,11.292671
2025-03-26T14:00:00Z,5.874387
2025-03-26T15:00:00Z,1.162833
2025-03-26T16:00:00Z,0.000000
2025-03-26T17:00:00Z,0.000000
2025-03-26T18:00:00Z,0.000000
2025-03-26T19:00:00Z,0.000000
2025-03-26T20:00:00Z,0.000000
2025-03-26T21:00:00Z,0.000000
2025-03-26T22:00:00Z,0.000000
2025-03-26T23:00:00Z,0.000000
2025-03-27T00:00:00Z,0.000000
2025-03-27T01:00:00Z,0.000000
2025-03-27T02:00:00Z,0.000000
2025-03-27T03:00:00Z,0.000000
2025-03-27T04:00:00Z,0.000000
2025-03-27T05:00:00Z,0.000000
2025-03-27T06:00:00Z,0.000000
2025-03-27T07:00:00Z,0.000000
2025-03-27T08:00:00Z,0.000000
2025-03-27T09:00:00Z,1.222471
2025-03-27T10:00:00Z,2.884795
2025-03-27T11:00:00Z,7.974634
2025-03-27T12:00:00Z,11.987901
2025-03-27T13:00:00Z,8.845492
2025-03-27T14:00:00Z,3.682858
2025-03-27T15:00:00Z,0.000000
2025-03-27T16:00:00Z,0.000000
2025-03-27T17:00:00Z,0.000000
2025-03-27T18:00:00Z,0.000000
2025-03-27T19:00:00Z,0.000000
2025-03-27T20:00:00Z,0.000000
2025-03-27T21:00:00Z,0.000000
2025-03-27T22:00:00Z,0.000000
2025-03-27T23:00:00Z,0.000000
2025-03-28T00:00:00Z,0.000000
2025-03-28T01:00:00Z,0.000000
2025-03-28T02:00:00Z,0.000000
2025-03-28T03:00:00Z,0.000000
2025-03-28T04:00:00Z,0.000000
2025-03-28T05:00:00Z,0.000000
2025-03-28T06:00:00Z,0.000000
2025-03-28T07:00:00Z,2.189749
2025-03-28T08:00:00Z,3.883691
2025-03-28T09:00:00Z,3.024980
2025-03-28T10:00:00Z,8.541315
2025-03-28T11:00:00Z,7.211055
2025-03-28T12:00:00Z,5.382940
2025-03-28T13:00:00Z,0.000000
2025-03-28T14:00:00Z,0.000000
2025-03-28T15:00:00Z,0.000000
2025-03-28T16:00:00Z,0.000000
2025-03-28T17:00:00Z,0.000000
2025-03-28T18:00:00Z,0.000000
2025-03-28T19:00:00Z,0.000000
2025-03-28T20:00:00Z,0.000000
2025-03-28T21:00:00Z,0.000000
2025-03-28T22:00:00Z,0.000000
2025-03-28T23:00:00Z,0.000000
2025-03-29T00:00:00Z,0.000000
2025-03-29T01:00:00Z,0.000000
2025-03-29T02:00:00Z,0.000000
2025-03-29T03:00:00Z,0.000000
2025-03-29T04:00:00Z,0.000000
2025-03-29T05:00:00Z,0.000000
2025-03-29T06:00:00Z,0.000000
2025-03-29T07:00:00Z,0.000000
2025-03-29T08:00:00Z,3.723399
2025-03-29T09:00:00Z,4.950752
2025-03-29T10:00:00Z,6.846024
2025-03-29T11:00:00Z,9.789191
2025-03-29T12:00:00Z,8.496843
2025-03-29T13:00:00Z,0.037926
2025-03-29T14:00:00Z,6.368705
2025-03-29T15:00:00Z,0.000000
2025-03-29T16:00:00Z,0.000000
2025-03-29T17:00:00Z,0.000000
2025-03-29T18:00:00Z,0.000000
2025-03-29T19:00:00Z,0.000000
2025-03-29T20:00:00Z,0.000000
2025-03-29T21:00:00Z,0.000000
2025-03-29T22:00:00Z,0.000000
2025-03-29T23:00:00Z,0.000000
2025-03-30T00:00:00Z,0.000000
2025-03-30T01:00:00Z,0.000000
2025-03-30T02:00:00Z,0.000000
2025-03-30T03:00:00Z,0.000000
2025-03-30T04:00:00Z,0.000000
2025-03-30T05:00:00Z,0.000000
2025-03-30T06:00:00Z,0.000000
2025-03-30T07:00:00Z,0.000000
2025-03-30T08:00:00Z,0.000000
2025-03-30T09:00:00Z,0.513851
2025-03-30T10:00:00Z,0.821439
2025-03-30T11:00:00Z,6.951841
2025-03-30T12:00:00Z,1.663938
2025-03-30T13:00:00Z,0.318722
2025-03-30T14:00:00Z,0.000000
2025-03-30T15:00:00Z,0.000000
2025-03-30T16:00:00Z,0.000000
2025-03-30T17:00:00Z,0.000000
2025-03-30T18:00:00Z,0.000000
2025-03-30T19:00:00Z,0.000000
2025-03-30T20:00:00Z,0.000000
2025-03-30T21:00:00Z,0.000000
2025-03-30T22:00:00Z,0.000000
2025-03-30T23:00:00Z,0.000000
2025-03-31T00:00:00Z,0.000000
2025-03-31T01:00:00Z,0.000000
2025-03-31T02:00:00Z,0.000000
2025-03-31T03:00:00Z,0.000000
2025-03-31T04:00:00Z,0.000000
2025-03-31T05:00:00Z,0.000000
2025-03-31T06:00:00Z,0.000000
2025-03-31T07:00:00Z,3.838712
2025-03-31T08:00:00Z,8.317735
2025-03-31T09:00:00Z,11.016901
2025-03-31T10:00:00Z,11.579985
2025-03-31T11:00:00Z,15.358766
2025-03-31T12:00:00Z,14.804603
2025-03-31T13:00:00Z,11.978416
2025-03-31T14:00:00Z,6.862032
2025-03-31T15:00:00Z,3.929940
2025-03-31T16:00:00Z,0.000000
2025-03-31T17:00:00Z,0.000000
2025-03-31T18:00:00Z,0.000000
2025-03-31T19:00:00Z,0.000000
2025-03-31T20:00:00Z,0.000000
2025-03-31T21:00:00Z,0.000000
2025-03-31T22:00:00Z,0.000000
2025-03-31T23:00:00Z,0.000000
2025-04-01T00:00:00Z,0.000000
2025-04-01T01:00:00Z,0.000000
2025-04-01T02:00:00Z,0.000000
2025-04-01T03:00:00Z,0.000000
2025-04-01T04:00:00Z,0.000000
2025-04-01T05:00:00Z,0.000000
2025-04-01T06:00:00Z,0.000000
2025-04-01T07:00:00Z,0.000000
2025-04-01T08:00:00Z,0.000000
2025-04-01T09:00:00Z,5.917446
2025-04-01T10:00:00Z,14.204835
2025-04-01T11:00:00Z,15.209247
2025-04-01T12:00:00Z,14.543581
2025-04-01T13:00:00Z,12.268155
2025-04-01T14:00:00Z,8.598437
2025-04-01T15:00:00Z,3.999124
2025-04-01T16:00:00Z,0.000000
2025-04-01T17:00:00Z,0.000000
2025-04-01T18:00:00Z,0.000000
2025-04-01T19:00:00Z,0.000000
2025-04-01T20:00:00Z,0.000000
2025-04-01T21:00:00Z,0.000000
2025-04-01T22:00:00Z,0.000000
2025-04-01T23:00:00Z,0.000000
2025-04-02T00:00:00Z,0.000000
2025-04-02T01:00:00Z,0.000000
2025-04-02T02:00:00Z,0.000000
2025-04-02T03:00:00Z,0.000000
2025-04-02T04:00:00Z,0.000000
2025-04-02T05:00:00Z,0.000000
2025-04-02T06:00:00Z,0.000000
2025-04-02T07:00:00Z,3.799469
2025-04-02T08:00:00Z,8.657620
2025-04-02T09:00:00Z,12.295710
2025-04-02T10:00:00Z,14.985779
2025-04-02T11:00:00Z,15.761283
2025-04-02T12:00:00Z,14.954435
2025-04-02T13:00:00Z,12.559567
2025-04-02T14:00:00Z,8.855733
2025-04-02T15:00:00Z,4.305911
2025-04-02T16:00:00Z,0.000000
2025-04-02T17:00:00Z,0.000000
2025-04-02T18:00:00Z,0.000000
2025-04-02T19:00:00Z,0.000000
2025-04-02T20:00:00Z,0.000000
2025-04-02T21:00:00Z,0.000000
2025-04-02T22:00:00Z,0.000000
2025-04-02T23:00:00Z,0.000000
2025-04-03T00:00:00Z,0.000000
2025-04-03T01:00:00Z,0.000000
2025-04-03T02:00:00Z,0.000000
2025-04-03T03:00:00Z,0.000000
2025-04-03T04:00:00Z,0.000000
2025-04-03T05:00:00Z,0.000000
2025-04-03T06:00:00Z,0.000000
2025-04-03T07:00:00Z,4.390970
2025-04-03T08:00:00Z,8.862355
2025-04-03T09:00:00Z,12.365380
2025-04-03T10:00:00Z,15.035619
2025-04-03T11:00:00Z,15.746609
2025-04-03T12:00:00Z,14.700120
2025-04-03T13:00:00Z,12.572722
2025-04-03T14:00:00Z,8.612359
2025-04-03T15:00:00Z,3.758204
2025-04-03T16:00:00Z,0.000000
2025-04-03T17:00:00Z,0.000000
2025-04-03T18:00:00Z,0.000000
2025-04-03T19:00:00Z,0.000000
2025-04-03T20:00:00Z,0.000000
2025-04-03T21:00:00Z,0.000000
2025-04-03T22:00:00Z,0.000000
2025-04-03T23:00:00Z,0.000000
2025-04-04T00:00:00Z,0.000000
2025-04-04T01:00:00Z,0.000000
2025-04-04T02:00:00Z,0.000000
2025-04-04T03:00:00Z,0.000000
2025-04-04T04:00:00Z,0.000000
2025-04-04T05:00:00Z,0.000000
2025-04-04T06:00:00Z,0.000000
2025-04-04T07:00:00Z,4.263854
2025-04-04T08:00:00Z,8.384076
2025-04-04T09:00:00Z,12.243344
2025-04-04T10:00:00Z,15.217752
2025-04-04T11:00:00Z,15.934345
2025-04-04T12:00:00Z,14.122270
2025-04-04T13:00:00Z,11.680798
2025-04-04T14:00:00Z,8.282002
2025-04-04T15:00:00Z,4.008099
2025-04-04T16:00:00Z,0.000000
2025-04-04T17:00:00Z,0.000000
2025-04-04T18:00:00Z,0.000000
2025-04-04T19:00:00Z,0.000000
2025-04-04T20:00:00Z,0.000000
2025-04-04T21:00:00Z,0.000000
2025-04-04T22:00:00Z,0.000000
2025-04-04T23:00:00Z,0.000000
2025-04-05T00:00:00Z,0.000000
2025-04-05T01:00:00Z,0.000000
2025-04-05T02:00:00Z,0.000000
2025-04-05T03:00:00Z,0.000000
2025-04-05T04:00:00Z,0.000000
2025-04-05T05:00:00Z,0.000000
2025-04-05T06:00:00Z,0.000000
2025-04-05T07:00:00Z,3.482306
2025-04-05T08:00:00Z,8.077509
2025-04-05T09:00:00Z,12.067488
2025-04-05T10:00:00Z,14.864867
2025-04-05T11:00:00Z,15.635416
2025-04-05T12:00:00Z,14.725996
2025-04-05T13:00:00Z,12.344588
2025-04-05T14:00:00Z,8.705682
2025-04-05T15:00:00Z,4.036925
2025-04-05T16:00:00Z,0.000000
2025-04-05T17:00:00Z,0.000000
2025-04-05T18:00:00Z,0.000000
2025-04-05T19:00:00Z,0.000000
2025-04-05T20:00:00Z,0.000000
2025-04-05T21:00:00Z,0.000000
2025-04-05T22:00:00Z,0.000000
2025-04-05T23:00:00Z,0.000000
2025-04-06T00:00:00Z,0.000000
2025-04-06T01:00:00Z,0.000000
2025-04-06T02:00:00Z,0.000000
2025-04-06T03:00:00Z,0.000000
2025-04-06T04:00:00Z,0.000000
2025-04-06T05:00:00Z,0.000000
2025-04-06T06:00:00Z,0.000000
2025-04-06T07:00:00Z,3.477701
2025-04-06T08:00:00Z,8.716315
2025-04-06T09:00:00Z,12.222042
2025-04-06T10:00:00Z,14.864492
2025-04-06T11:00:00Z,15.464139
2025-04-06T12:00:00Z,14.714383
2025-04-06T13:00:00Z,11.779762
2025-04-06T14:00:00Z,7.535236
2025-04-06T15:00:00Z,3.146102
2025-04-06T16:00:00Z,0.000000
2025-04-06T17:00:00Z,0.000000
2025-04-06T18:00:00Z,0.000000
2025-04-06T19:00:00Z,0.000000
2025-04-06T20:00:00Z,0.000000
2025-04-06T21:00:00Z,0.000000
2025-04-06T22:00:00Z,0.000000
2025-04-06T23:00:00Z,0.000000
2025-04-07T00:00:00Z,0.000000
2025-04-07T01:00:00Z,0.000000
2025-04-07T02:00:00Z,0.000000
2025-04-07T03:00:00Z,0.000000
2025-04-07T04:00:00Z,0.000000
2025-04-07T05:00:00Z,0.000000
2025-04-07T06:00:00Z,0.000000
2025-04-07T07:00:00Z,1.873349
2025-04-07T08:00:00Z,8.938832
2025-04-07T09:00:00Z,12.077464
2025-04-07T10:00:00Z,14.793779
2025-04-07T11:00:00Z,15.518351
2025-04-07T12:00:00Z,14.511949
2025-04-07T13:00:00Z,12.007550
2025-04-07T14:00:00Z,2.438833
2025-04-07T15:00:00Z,4.738874
2025-04-07T16:00:00Z,0.000000
2025-04-07T17:00:00Z,0.000000
2025-04-07T18:00:00Z,0.000000
2025-04-07T19:00:00Z,0.000000
2025-04-07T20:00:00Z,0.000000
2025-04-07T21:00:00Z,0.000000
2025-04-07T22:00:00Z,0.000000
2025-04-07T23:00:00Z,0.000000
2025-04-08T00:00:00Z,0.000000
2025-04-08T01:00:00Z,0.000000
2025-04-08T02:00:00Z,0.000000
2025-04-08T03:00:00Z,0.000000
2025-04-08T04:00:00Z,0.000000
2025-04-08T05:00:00Z,0.000000
2025-04-08T06:00:00Z,0.000000
2025-04-08T07:00:00Z,4.401482
2025-04-08T08:00:00Z,8.735669
2025-04-08T09:00:00Z,12.366590
2025-04-08T10:00:00Z,15.052501
2025-04-08T11:00:00Z,16.174283
2025-04-08T12:00:00Z,16.499947
2025-04-08T13:00:00Z,10.986627
2025-04-08T14:00:00Z,9.062746
2025-04-08T15:00:00Z,0.000000
2025-04-08T16:00:00Z,0.000000
2025-04-08T17:00:00Z,0.000000
2025-04-08T18:00:00Z,0.000000
2025-04-08T19:00:00Z,0.000000
2025-04-08T20:00:00Z,0.000000
2025-04-08T21:00:00Z,0.000000
2025-04-08T22:00:00Z,0.000000
2025-04-08T23:00:00Z,0.000000
2025-04-09T00:00:00Z,0.000000
2025-04-09T01:00:00Z,0.000000
2025-04-09T02:00:00Z,0.000000
2025-04-09T03:00:00Z,0.000000
2025-04-09T04:00:00Z,0.000000
2025-04-09T05:00:00Z,0.000000
2025-04-09T06:00:00Z,0.000000
2025-04-09T07:00:00Z,2.869326
2025-04-09T08:00:00Z,7.224364
2025-04-09T09:00:00Z,4.943315
2025-04-09T10:00:00Z,14.271823
2025-04-09T11:00:00Z,12.367412
2025-04-09T12:00:00Z,11.900813
2025-04-09T13:00:00Z,12.194002
2025-04-09T14:00:00Z,8.266173
2025-04-09T15:00:00Z,3.514696
2025-04-09T16:00:00Z,0.000000
2025-04-09T17:00:00Z,0.000000
2025-04-09T18:00:00Z,0.000000
2025-04-09T19:00:00Z,0.000000
2025-04-09T20:00:00Z,0.000000
2025-04-09T21:00:00Z,0.000000
2025-04-09T22:00:00Z,0.000000
2025-04-09T23:00:00Z,0.000000
2025-04-10T00:00:00Z,0.000000
2025-04-10T01:00:00Z,0.000000
2025-04-10T02:00:00Z,0.000000
2025-04-10T03:00:00Z,0.000000
2025-04-10T04:00:00Z,0.000000
2025-04-10T05:00:00Z,0.000000
2025-04-10T06:00:00Z,0.000000
2025-04-10T07:00:00Z,4.573701
2025-04-10T08:00:00Z,8.201957
2025-04-10T09:00:00Z,11.904543
2025-04-10T10:00:00Z,13.544485
2025-04-10T11:00:00Z,11.974323
2025-04-10T12:00:00Z,11.706909
2025-04-10T13:00:00Z,12.990225
2025-04-10T14:00:00Z,8.404907
2025-04-10T15:00:00Z,3.898608
2025-04-10T16:00:00Z,0.000000
2025-04-10T17:00:00Z,0.000000
2025-04-10T18:00:00Z,0.000000
2025-04-10T19:00:00Z,0.000000
2025-04-10T20:00:00Z,0.000000
2025-04-10T21:00:00Z,0.000000
2025-04-10T22:00:00Z,0.000000
2025-04-10T23:00:00Z,0.000000
2025-04-11T00:00:00Z,0.000000
2025-04-11T01:00:00Z,0.000000
2025-04-11T02:00:00Z,0.000000
2025-04-11T03:00:00Z,0.000000
2025-04-11T04:00:00Z,0.000000
2025-04-11T05:00:00Z,0.000000
2025-04-11T06:00:00Z,0.000000
2025-04-11T07:00:00Z,0.000000
2025-04-11T08:00:00Z,0.000000
2025-04-11T09:00:00Z,0.000000
2025-04-11T10:00:00Z,2.455221
2025-04-11T11:00:00Z,5.682037
2025-04-11T12:00:00Z,10.340751
2025-04-11T13:00:00Z,2.220248
2025-04-11T14:00:00Z,0.991461
2025-04-11T15:00:00Z,0.000000
2025-04-11T16:00:00Z,0.000000
2025-04-11T17:00:00Z,0.000000
2025-04-11T18:00:00Z,0.000000
2025-04-11T19:00:00Z,0.000000
2025-04-11T20:00:00Z,0.000000
2025-04-11T21:00:00Z,0.000000
2025-04-11T22:00:00Z,0.000000
2025-04-11T23:00:00Z,0.000000
2025-04-12T00:00:00Z,0.000000
2025-04-12T01:00:00Z,0.000000
2025-04-12T02:00:00Z,0.000000
2025-04-12T03:00:00Z,0.000000
2025-04-12T04:00:00Z,0.000000
2025-04-12T05:00:00Z,0.000000
2025-04-12T06:00:00Z,0.000000
2025-04-12T07:00:00Z,0.000000
2025-04-12T08:00:00Z,0.000000
2025-04-12T09:00:00Z,0.000000
2025-04-12T10:00:00Z,0.000000
2025-04-12T11:00:00Z,6.885920
2025-04-12T12:00:00Z,12.666122
2025-04-12T13:00:00Z,12.843197
2025-04-12T14:00:00Z,9.115294
2025-04-12T15:00:00Z,4.395935
2025-04-12T16:00:00Z,0.000000
2025-04-12T17:00:00Z,0.000000
2025-04-12T18:00:00Z,0.000000
2025-04-12T19:00:00Z,0.000000
2025-04-12T20:00:00Z,0.000000
2025-04-12T21:00:00Z,0.000000
2025-04-12T22:00:00Z,0.000000
2025-04-12T23:00:00Z,0.000000
2025-04-13T00:00:00Z,0.000000
2025-04-13T01:00:00Z,0.000000
2025-04-13T02:00:00Z,0.000000
2025-04-13T03:00:00Z,0.000000
2025-04-13T04:00:00Z,0.000000
2025-04-13T05:00:00Z,0.000000
2025-04-13T06:00:00Z,0.000000
2025-04-13T07:00:00Z,4.597561
2025-04-13T08:00:00Z,4.350992
2025-04-13T09:00:00Z,0.188068
2025-04-13T10:00:00Z,0.000000
2025-04-13T11:00:00Z,0.000000
2025-04-13T12:00:00Z,0.000000
2025-04-13T13:00:00Z,0.000000
2025-04-13T14:00:00Z,0.000000
2025-04-13T15:00:00Z,0.000000
2025-04-13T16:00:00Z,0.000000
2025-04-13T17:00:00Z,0.000000
2025-04-13T18:00:00Z,0.000000
2025-04-13T19:00:00Z,0.000000
2025-04-13T20:00:00Z,0.000000
2025-04-13T21:00:00Z,0.000000
2025-04-13T22:00:00Z,0.000000
2025-04-13T23:00:00Z,0.000000
2025-04-14T00:00:00Z,0.000000
2025-04-14T01:00:00Z,0.000000
2025-04-14T02:00:00Z,0.000000
2025-04-14T03:00:00Z,0.000000
2025-04-14T04:00:00Z,0.000000
2025-04-14T05:00:00Z,0.000000
2025-04-14T06:00:00Z,0.000000
2025-04-14T07:00:00Z,0.000000
2025-04-14T08:00:00Z,0.000000
2025-04-14T09:00:00Z,0.000000
2025-04-14T10:00:00Z,0.510382
2025-04-14T11:00:00Z,0.000000
2025-04-14T12:00:00Z,5.905796
2025-04-14T13:00:00Z,0.796813
2025-04-14T14:00:00Z,3.978900
2025-04-14T15:00:00Z,2.307186
2025-04-14T16:00:00Z,0.061118
2025-04-14T17:00:00Z,0.000000
2025-04-14T18:00:00Z,0.000000
2025-04-14T19:00:00Z,0.000000
2025-04-14T20:00:00Z,0.000000
2025-04-14T21:00:00Z,0.000000
2025-04-14T22:00:00Z,0.000000
2025-04-14T23:00:00Z,0.000000
2025-04-15T00:00:00Z,0.000000
2025-04-15T01:00:00Z,0.000000
2025-04-15T02:00:00Z,0.000000
2025-04-15T03:00:00Z,0.000000
2025-04-15T04:00:00Z,0.000000
2025-04-15T05:00:00Z,0.000000
2025-04-15T06:00:00Z,0.060948
2025-04-15T07:00:00Z,3.872173
2025-04-15T08:00:00Z,8.240805
2025-04-15T09:00:00Z,13.286828
2025-04-15T10:00:00Z,8.403317
2025-04-15T11:00:00Z,11.827584
2025-04-15T12:00:00Z,14.732103
2025-04-15T13:00:00Z,11.993476
2025-04-15T14:00:00Z,8.486188
2025-04-15T15:00:00Z,4.453030
2025-04-15T16:00:00Z,0.000000
2025-04-15T17:00:00Z,0.000000
2025-04-15T18:00:00Z,0.000000
2025-04-15T19:00:00Z,0.000000
2025-04-15T20:00:00Z,0.000000
2025-04-15T21:00:00Z,0.000000
2025-04-15T22:00:00Z,0.000000
2025-04-15T23:00:00Z,0.000000
2025-04-16T00:00:00Z,0.000000
2025-04-16T01:00:00Z,0.000000
2025-04-16T02:00:00Z,0.000000
2025-04-16T03:00:00Z,0.000000
2025-04-16T04:00:00Z,0.000000
2025-04-16T05:00:00Z,0.000000
2025-04-16T06:00:00Z,0.000000
2025-04-16T07:00:00Z,3.581339
2025-04-16T08:00:00Z,0.000000
2025-04-16T09:00:00Z,9.478699
2025-04-16T10:00:00Z,15.149232
2025-04-16T11:00:00Z,14.770005
2025-04-16T12:00:00Z,12.773985
2025-04-16T13:00:00Z,10.692164
2025-04-16T14:00:00Z,8.405653
2025-04-16T15:00:00Z,3.843675
2025-04-16T16:00:00Z,0.109973
2025-04-16T17:00:00Z,0.000000
2025-04-16T18:00:00Z,0.000000
2025-04-16T19:00:00Z,0.000000
2025-04-16T20:00:00Z,0.000000
2025-04-16T21:00:00Z,0.000000
2025-04-16T22:00:00Z,0.000000
2025-04-16T23:00:00Z,0.000000
2025-04-17T00:00:00Z,0.000000
2025-04-17T01:00:00Z,0.000000
2025-04-17T02:00:00Z,0.000000
2025-04-17T03:00:00Z,0.000000
2025-04-17T04:00:00Z,0.000000
2025-04-17T05:00:00Z,0.000000
2025-04-17T06:00:00Z,0.000000
2025-04-17T07:00:00Z,0.000000
2025-04-17T08:00:00Z,0.000000
2025-04-17T09:00:00Z,0.000000
2025-04-17T10:00:00Z,0.000000
2025-04-17T11:00:00Z,0.000000
2025-04-17T12:00:00Z,0.000000
2025-04-17T13:00:00Z,0.000000
2025-04-17T14:00:00Z,0.000000
2025-04-17T15:00:00Z,0.000000
2025-04-17T16:00:00Z,0.000000
2025-04-17T17:00:00Z,0.000000
2025-04-17T18:00:00Z,0.000000
2025-04-17T19:00:00Z,0.000000
2025-04-17T20:00:00Z,0.000000
2025-04-17T21:00:00Z,0.000000
2025-04-17T22:00:00Z,0.000000
2025-04-17T23:00:00Z,0.000000
2025-04-18T00:00:00Z,0.000000
2025-04-18T01:00:00Z,0.000000
2025-04-18T02:00:00Z,0.000000
2025-04-18T03:00:00Z,0.000000
2025-04-18T04:00:00Z,0.000000
2025-04-18T05:00:00Z,0.000000
2025-04-18T06:00:00Z,0.000000
2025-04-18T07:00:00Z,0.000000
2025-04-18T08:00:00Z,0.000000
2025-04-18T09:00:00Z,0.000000
2025-04-18T10:00:00Z,0.000000
2025-04-18T11:00:00Z,0.000000
2025-04-18T12:00:00Z,1.909623
2025-04-18T13:00:00Z,0.844145
2025-04-18T14:00:00Z,0.000000
2025-04-18T15:00:00Z,0.000000
2025-04-18T16:00:00Z,0.000000
2025-04-18T17:00:00Z,0.000000
2025-04-18T18:00:00Z,0.000000
2025-04-18T19:00:00Z,0.000000
2025-04-18T20:00:00Z,0.000000
2025-04-18T21:00:00Z,0.000000
2025-04-18T22:00:00Z,0.000000
2025-04-18T23:00:00Z,0.000000
2025-04-19T00:00:00Z,0.000000
2025-04-19T01:00:00Z,0.000000
2025-04-19T02:00:00Z,0.000000
2025-04-19T03:00:00Z,0.000000
2025-04-19T04:00:00Z,0.000000
2025-04-19T05:00:00Z,0.000000
2025-04-19T06:00:00Z,0.000000
2025-04-19T07:00:00Z,0.000000
2025-04-19T08:00:00Z,0.000000
2025-04-19T09:00:00Z,0.000000
2025-04-19T10:00:00Z,0.000000
2025-04-19T11:00:00Z,0.000000
2025-04-19T12:00:00Z,0.000000
2025-04-19T13:00:00Z,0.000000
2025-04-19T14:00:00Z,0.000000
2025-04-19T15:00:00Z,0.000000
2025-04-19T16:00:00Z,0.000000
2025-04-19T17:00:00Z,0.000000
2025-04-19T18:00:00Z,0.000000
2025-04-19T19:00:00Z,0.000000
2025-04-19T20:00:00Z,0.000000
2025-04-19T21:00:00Z,0.000000
2025-04-19T22:00:00Z,0.000000
2025-04-19T23:00:00Z,0.000000
2025-04-20T00:00:00Z,0.000000
2025-04-20T01:00:00Z,0.000000
2025-04-20T02:00:00Z,0.000000
2025-04-20T03:00:00Z,0.000000
2025-04-20T04:00:00Z,0.000000
2025-04-20T05:00:00Z,0.000000
2025-04-20T06:00:00Z,0.000000
2025-04-20T07:00:00Z,0.000000
2025-04-20T08:00:00Z,0.000000
2025-04-20T09:00:00Z,0.000000
2025-04-20T10:00:00Z,0.000000
2025-04-20T11:00:00Z,0.000000
2025-04-20T12:00:00Z,0.000000
2025-04-20T13:00:00Z,0.000000
2025-04-20T14:00:00Z,0.000000
2025-04-20T15:00:00Z,0.000000
2025-04-20T16:00:00Z,0.000000
2025-04-20T17:00:00Z,0.000000
2025-04-20T18:00:00Z,0.000000
2025-04-20T19:00:00Z,0.000000
2025-04-20T20:00:00Z,0.000000
2025-04-20T21:00:00Z,0.000000
2025-04-20T22:00:00Z,0.000000
2025-04-20T23:00:00Z,0.000000
2025-04-21T00:00:00Z,0.000000
2025-04-21T01:00:00Z,0.000000
2025-04-21T02:00:00Z,0.000000
2025-04-21T03:00:00Z,0.000000
2025-04-21T04:00:00Z,0.000000
2025-04-21T05:00:00Z,0.000000
2025-04-21T06:00:00Z,0.000000
2025-04-21T07:00:00Z,0.000000
2025-04-21T08:00:00Z,0.000000
2025-04-21T09:00:00Z,0.000000
2025-04-21T10:00:00Z,0.000000
2025-04-21T11:00:00Z,0.000000
2025-04-21T12:00:00Z,0.000000
2025-04-21T13:00:00Z,0.000000
2025-04-21T14:00:00Z,0.000000
2025-04-21T15:00:00Z,0.000000
2025-04-21T16:00:00Z,0.000000
2025-04-21T17:00:00Z,0.000000
2025-04-21T18:00:00Z,0.000000
2025-04-21T19:00:00Z,0.000000
2025-04-21T20:00:00Z,0.000000
2025-04-21T21:00:00Z,0.000000
2025-04-21T22:00:00Z,0.000000
2025-04-21T23:00:00Z,0.000000
2025-04-22T00:00:00Z,0.000000
2025-04-22T01:00:00Z,0.000000
2025-04-22T02:00:00Z,0.000000
2025-04-22T03:00:00Z,0.000000
2025-04-22T04:00:00Z,0.000000
2025-04-22T05:00:00Z,0.000000
2025-04-22T06:00:00Z,0.000000
2025-04-22T07:00:00Z,0.000000
2025-04-22T08:00:00Z,0.000000
2025-04-22T09:00:00Z,0.000000
2025-04-22T10:00:00Z,1.646661
2025-04-22T11:00:00Z,5.556369
2025-04-22T12:00:00Z,1.315104
2025-04-22T13:00:00Z,0.000000
2025-04-22T14:00:00Z,1.756398
2025-04-22T15:00:00Z,0.000000
2025-04-22T16:00:00Z,0.000000
2025-04-22T17:00:00Z,0.000000
2025-04-22T18:00:00Z,0.000000
2025-04-22T19:00:00Z,0.000000
2025-04-22T20:00:00Z,0.000000
2025-04-22T21:00:00Z,0.000000
2025-04-22T22:00:00Z,0.000000
2025-04-22T23:00:00Z,0.000000
2025-04-23T00:00:00Z,0.000000
2025-04-23T01:00:00Z,0.000000
2025-04-23T02:00:00Z,0.000000
2025-04-23T03:00:00Z,0.000000
2025-04-23T04:00:00Z,0.000000
2025-04-23T05:00:00Z,0.000000
2025-04-23T06:00:00Z,0.000000
2025-04-23T07:00:00Z,0.000000
2025-04-23T08:00:00Z,0.596469
2025-04-23T09:00:00Z,0.528957
2025-04-23T10:00:00Z,0.749725
2025-04-23T11:00:00Z,0.000000
2025-04-23T12:00:00Z,0.000000
2025-04-23T13:00:00Z,0.000000
2025-04-23T14:00:00Z,0.657817
2025-04-23T15:00:00Z,0.000000
2025-04-23T16:00:00Z,0.000000
2025-04-23T17:00:00Z,0.000000
2025-04-23T18:00:00Z,0.000000
2025-04-23T19:00:00Z,0.000000
2025-04-23T20:00:00Z,0.000000
2025-04-23T21:00:00Z,0.000000
2025-04-23T22:00:00Z,0.000000
2025-04-23T23:00:00Z,0.000000
2025-04-24T00:00:00Z,0.000000
2025-04-24T01:00:00Z,0.000000
2025-04-24T02:00:00Z,0.000000
2025-04-24T03:00:00Z,0.000000
2025-04-24T04:00:00Z,0.000000
2025-04-24T05:00:00Z,0.000000
2025-04-24T06:00:00Z,0.000000
2025-04-24T07:00:00Z,5.099064
2025-04-24T08:00:00Z,7.005206
2025-04-24T09:00:00Z,12.484412
2025-04-24T10:00:00Z,13.504836
2025-04-24T11:00:00Z,16.169691
2025-04-24T12:00:00Z,13.137229
2025-04-24T13:00:00Z,11.870392
2025-04-24T14:00:00Z,9.606482
2025-04-24T15:00:00Z,4.970531
2025-04-24T16:00:00Z,0.000000
2025-04-24T17:00:00Z,0.000000
2025-04-24T18:00:00Z,0.000000
2025-04-24T19:00:00Z,0.000000
2025-04-24T20:00:00Z,0.000000
2025-04-24T21:00:00Z,0.000000
2025-04-24T22:00:00Z,0.000000
2025-04-24T23:00:00Z,0.000000
2025-04-25T00:00:00Z,0.000000
2025-04-25T01:00:00Z,0.000000
2025-04-25T02:00:00Z,0.000000
2025-04-25T03:00:00Z,0.000000
2025-04-25T04:00:00Z,0.000000
2025-04-25T05:00:00Z,0.000000
2025-04-25T06:00:00Z,0.000000
2025-04-25T07:00:00Z,1.049942
2025-04-25T08:00:00Z,10.138613
2025-04-25T09:00:00Z,13.820377
2025-04-25T10:00:00Z,14.875031
2025-04-25T11:00:00Z,10.662896
2025-04-25T12:00:00Z,7.610490
2025-04-25T13:00:00Z,5.311940
2025-04-25T14:00:00Z,3.902026
2025-04-25T15:00:00Z,5.431972
2025-04-25T16:00:00Z,0.000000
2025-04-25T17:00:00Z,0.000000
2025-04-25T18:00:00Z,0.000000
2025-04-25T19:00:00Z,0.000000
2025-04-25T20:00:00Z,0.000000
2025-04-25T21:00:00Z,0.000000
2025-04-25T22:00:00Z,0.000000
2025-04-25T23:00:00Z,0.000000
2025-04-26T00:00:00Z,0.000000
2025-04-26T01:00:00Z,0.000000
2025-04-26T02:00:00Z,0.000000
2025-04-26T03:00:00Z,0.000000
2025-04-26T04:00:00Z,0.000000
2025-04-26T05:00:00Z,0.000000
2025-04-26T06:00:00Z,0.738835
2025-04-26T07:00:00Z,6.112342
2025-04-26T08:00:00Z,9.886912
2025-04-26T09:00:00Z,14.007193
2025-04-26T10:00:00Z,10.079734
2025-04-26T11:00:00Z,10.691539
2025-04-26T12:00:00Z,5.648928
2025-04-26T13:00:00Z,2.149350
2025-04-26T14:00:00Z,3.221798
2025-04-26T15:00:00Z,1.282649
2025-04-26T16:00:00Z,0.000000
2025-04-26T17:00:00Z,0.000000
2025-04-26T18:00:00Z,0.000000
2025-04-26T19:00:00Z,0.000000
2025-04-26T20:00:00Z,0.000000
2025-04-26T21:00:00Z,0.000000
2025-04-26T22:00:00Z,0.000000
2025-04-26T23:00:00Z,0.000000
2025-04-27T00:00:00Z,0.000000
2025-04-27T01:00:00Z,0.000000
2025-04-27T02:00:00Z,0.000000
2025-04-27T03:00:00Z,0.000000
2025-04-27T04:00:00Z,0.000000
2025-04-27T05:00:00Z,0.000000
2025-04-27T06:00:00Z,1.374574
2025-04-27T07:00:00Z,6.320992
2025-04-27T08:00:00Z,10.206145
2025-04-27T09:00:00Z,13.999991
2025-04-27T10:00:00Z,13.385073
2025-04-27T11:00:00Z,12.321138
2025-04-27T12:00:00Z,6.153789
2025-04-27T13:00:00Z,3.367827
2025-04-27T14:00:00Z,2.424009
2025-04-27T15:00:00Z,2.328504
2025-04-27T16:00:00Z,0.515618
2025-04-27T17:00:00Z,0.000000
2025-04-27T18:00:00Z,0.000000
2025-04-27T19:00:00Z,0.000000
2025-04-27T20:00:00Z,0.000000
2025-04-27T21:00:00Z,0.000000
2025-04-27T22:00:00Z,0.000000
2025-04-27T23:00:00Z,0.000000
2025-04-28T00:00:00Z,0.000000
2025-04-28T01:00:00Z,0.000000
2025-04-28T02:00:00Z,0.000000
2025-04-28T03:00:00Z,0.000000
2025-04-28T04:00:00Z,0.000000
2025-04-28T05:00:00Z,0.000000
2025-04-28T06:00:00Z,0.000000
2025-04-28T07:00:00Z,5.860347
2025-04-28T08:00:00Z,9.319688
2025-04-28T09:00:00Z,13.337479
2025-04-28T10:00:00Z,13.731125
2025-04-28T11:00:00Z,8.627110
2025-04-28T12:00:00Z,6.548922
2025-04-28T13:00:00Z,3.407725
2025-04-28T14:00:00Z,5.342022
2025-04-28T15:00:00Z,2.805910
2025-04-28T16:00:00Z,0.000000
2025-04-28T17:00:00Z,0.000000
2025-04-28T18:00:00Z,0.000000
2025-04-28T19:00:00Z,0.000000
2025-04-28T20:00:00Z,0.000000
2025-04-28T21:00:00Z,0.000000
2025-04-28T22:00:00Z,0.000000
2025-04-28T23:00:00Z,0.000000
2025-04-29T00:00:00Z,0.000000
2025-04-29T01:00:00Z,0.000000
2025-04-29T02:00:00Z,0.000000
2025-04-29T03:00:00Z,0.000000
2025-04-29T04:00:00Z,0.000000
2025-04-29T05:00:00Z,0.000000
2025-04-29T06:00:00Z,1.325371
2025-04-29T07:00:00Z,5.822552
2025-04-29T08:00:00Z,9.610123
2025-04-29T09:00:00Z,13.179211
2025-04-29T10:00:00Z,14.068280
2025-04-29T11:00:00Z,10.672080
2025-04-29T12:00:00Z,8.054757
2025-04-29T13:00:00Z,5.367907
2025-04-29T14:00:00Z,5.520230
2025-04-29T15:00:00Z,4.181816
2025-04-29T16:00:00Z,0.000000
2025-04-29T17:00:00Z,0.000000
2025-04-29T18:00:00Z,0.000000
2025-04-29T19:00:00Z,0.000000
2025-04-29T20:00:00Z,0.000000
2025-04-29T21:00:00Z,0.000000
2025-04-29T22:00:00Z,0.000000
2025-04-29T23:00:00Z,0.000000
2025-04-30T00:00:00Z,0.000000
2025-04-30T01:00:00Z,0.000000
2025-04-30T02:00:00Z,0.000000
2025-04-30T03:00:00Z,0.000000
2025-04-30T04:00:00Z,0.000000
2025-04-30T05:00:00Z,0.000000
2025-04-30T06:00:00Z,0.000000
2025-04-30T07:00:00Z,2.082774
2025-04-30T08:00:00Z,7.703574
2025-04-30T09:00:00Z,12.640818
2025-04-30T10:00:00Z,12.349526
2025-04-30T11:00:00Z,10.816028
2025-04-30T12:00:00Z,8.800485
2025-04-30T13:00:00Z,5.895168
2025-04-30T14:00:00Z,7.081632
2025-04-30T15:00:00Z,4.123563
2025-04-30T16:00:00Z,0.000000
2025-04-30T17:00:00Z,0.000000
2025-04-30T18:00:00Z,0.000000
2025-04-30T19:00:00Z,0.000000
2025-04-30T20:00:00Z,0.000000
2025-04-30T21:00:00Z,0.000000
2025-04-30T22:00:00Z,0.000000
2025-04-30T23:00:00Z,0.000000
2025-05-01T00:00:00Z,0.000000
2025-05-01T01:00:00Z,0.000000
2025-05-01T02:00:00Z,0.000000
2025-05-01T03:00:00Z,0.000000
2025-05-01T04:00:00Z,0.000000
2025-05-01T05:00:00Z,0.000000
2025-05-01T06:00:00Z,0.261684
2025-05-01T07:00:00Z,4.714528
2025-05-01T08:00:00Z,9.310074
2025-05-01T09:00:00Z,13.495369
2025-05-01T10:00:00Z,14.251705
2025-05-01T11:00:00Z,12.021316
2025-05-01T12:00:00Z,9.557953
2025-05-01T13:00:00Z,6.508653
2025-05-01T14:00:00Z,8.017798
2025-05-01T15:00:00Z,5.484298
2025-05-01T16:00:00Z,0.617278
2025-05-01T17:00:00Z,0.000000
2025-05-01T18:00:00Z,0.000000
2025-05-01T19:00:00Z,0.000000
2025-05-01T20:00:00Z,0.000000
2025-05-01T21:00:00Z,0.000000
2025-05-01T22:00:00Z,0.000000
2025-05-01T23:00:00Z,0.000000
2025-05-02T00:00:00Z,0.000000
2025-05-02T01:00:00Z,0.000000
2025-05-02T02:00:00Z,0.000000
2025-05-02T03:00:00Z,0.000000
2025-05-02T04:00:00Z,0.000000
2025-05-02T05:00:00Z,0.000000
2025-05-02T06:00:00Z,0.000000
2025-05-02T07:00:00Z,3.384638
2025-05-02T08:00:00Z,9.680092
2025-05-02T09:00:00Z,13.830787
2025-05-02T10:00:00Z,15.162659
2025-05-02T11:00:00Z,12.975271
2025-05-02T12:00:00Z,8.959108
2025-05-02T13:00:00Z,7.325388
2025-05-02T14:00:00Z,4.804781
2025-05-02T15:00:00Z,4.333829
2025-05-02T16:00:00Z,0.000000
2025-05-02T17:00:00Z,0.000000
2025-05-02T18:00:00Z,0.000000
2025-05-02T19:00:00Z,0.000000
2025-05-02T20:00:00Z,0.000000
2025-05-02T21:00:00Z,0.000000
2025-05-02T22:00:00Z,0.000000
2025-05-02T23:00:00Z,0.000000
2025-05-03T00:00:00Z,0.000000
2025-05-03T01:00:00Z,0.000000
2025-05-03T02:00:00Z,0.000000
2025-05-03T03:00:00Z,0.000000
2025-05-03T04:00:00Z,0.000000
2025-05-03T05:00:00Z,0.000000
2025-05-03T06:00:00Z,0.000000
2025-05-03T07:00:00Z,0.000000
2025-05-03T08:00:00Z,0.000000
2025-05-03T09:00:00Z,0.000000
2025-05-03T10:00:00Z,0.000000
2025-05-03T11:00:00Z,0.000000
2025-05-03T12:00:00Z,0.000000
2025-05-03T13:00:00Z,0.000000
2025-05-03T14:00:00Z,0.000000
2025-05-03T15:00:00Z,0.000000
2025-05-03T16:00:00Z,0.000000
2025-05-03T17:00:00Z,0.000000
2025-05-03T18:00:00Z,0.000000
2025-05-03T19:00:00Z,0.000000
2025-05-03T20:00:00Z,0.000000
2025-05-03T21:00:00Z,0.000000
2025-05-03T22:00:00Z,0.000000
2025-05-03T23:00:00Z,0.000000
2025-05-04T00:00:00Z,0.000000
2025-05-04T01:00:00Z,0.000000
2025-05-04T02:00:00Z,0.000000
2025-05-04T03:00:00Z,0.000000
2025-05-04T04:00:00Z,0.000000
2025-05-04T05:00:00Z,0.000000
2025-05-04T06:00:00Z,0.000000
2025-05-04T07:00:00Z,5.600125
2025-05-04T08:00:00Z,8.106353
2025-05-04T09:00:00Z,5.469998
2025-05-04T10:00:00Z,8.552861
2025-05-04T11:00:00Z,12.108999
2025-05-04T12:00:00Z,13.744975
2025-05-04T13:00:00Z,11.211985
2025-05-04T14:00:00Z,5.689621
2025-05-04T15:00:00Z,3.468700
2025-05-04T16:00:00Z,0.128603
2025-05-04T17:00:00Z,0.000000
2025-05-04T18:00:00Z,0.000000
2025-05-04T19:00:00Z,0.000000
2025-05-04T20:00:00Z,0.000000
2025-05-04T21:00:00Z,0.000000
2025-05-04T22:00:00Z,0.000000
2025-05-04T23:00:00Z,0.000000
2025-05-05T00:00:00Z,0.000000
2025-05-05T01:00:00Z,0.000000
2025-05-05T02:00:00Z,0.000000
2025-05-05T03:00:00Z,0.000000
2025-05-05T04:00:00Z,0.000000
2025-05-05T05:00:00Z,0.000000
2025-05-05T06:00:00Z,1.498657
2025-05-05T07:00:00Z,6.378373
2025-05-05T08:00:00Z,4.620490
2025-05-05T09:00:00Z,10.438234
2025-05-05T10:00:00Z,10.418514
2025-05-05T11:00:00Z,12.941603
2025-05-05T12:00:00Z,13.546822
2025-05-05T13:00:00Z,13.322952
2025-05-05T14:00:00Z,7.807688
2025-05-05T15:00:00Z,5.126768
2025-05-05T16:00:00Z,0.190140
2025-05-05T17:00:00Z,0.000000
2025-05-05T18:00:00Z,0.000000
2025-05-05T19:00:00Z,0.000000
2025-05-05T20:00:00Z,0.000000
2025-05-05T21:00:00Z,0.000000
2025-05-05T22:00:00Z,0.000000
2025-05-05T23:00:00Z,0.000000
2025-05-06T00:00:00Z,0.000000
2025-05-06T01:00:00Z,0.000000
2025-05-06T02:00:00Z,0.000000
2025-05-06T03:00:00Z,0.000000
2025-05-06T04:00:00Z,0.000000
2025-05-06T05:00:00Z,0.000000
2025-05-06T06:00:00Z,1.403293
2025-05-06T07:00:00Z,6.024052
2025-05-06T08:00:00Z,9.407431
2025-05-06T09:00:00Z,10.781110
2025-05-06T10:00:00Z,14.829054
2025-05-06T11:00:00Z,16.112706
2025-05-06T12:00:00Z,15.480988
2025-05-06T13:00:00Z,12.206965
2025-05-06T14:00:00Z,8.872724
2025-05-06T15:00:00Z,3.903105
2025-05-06T16:00:00Z,0.083170
2025-05-06T17:00:00Z,0.000000
2025-05-06T18:00:00Z,0.000000
2025-05-06T19:00:00Z,0.000000
2025-05-06T20:00:00Z,0.000000
2025-05-06T21:00:00Z,0.000000
2025-05-06T22:00:00Z,0.000000
2025-05-06T23:00:00Z,0.000000
2025-05-07T00:00:00Z,0.000000
2025-05-07T01:00:00Z,0.000000
2025-05-07T02:00:00Z,0.000000
2025-05-07T03:00:00Z,0.000000
2025-05-07T04:00:00Z,0.000000
2025-05-07T05:00:00Z,0.000000
2025-05-07T06:00:00Z,1.814655
2025-05-07T07:00:00Z,6.470674
2025-05-07T08:00:00Z,10.477429
2025-05-07T09:00:00Z,13.755697
2025-05-07T10:00:00Z,17.227703
2025-05-07T11:00:00Z,15.266889
2025-05-07T12:00:00Z,16.246455
2025-05-07T13:00:00Z,15.673744
2025-05-07T14:00:00Z,8.613429
2025-05-07T15:00:00Z,1.043996
2025-05-07T16:00:00Z,0.415480
2025-05-07T17:00:00Z,0.000000
2025-05-07T18:00:00Z,0.000000
2025-05-07T19:00:00Z,0.000000
2025-05-07T20:00:00Z,0.000000
2025-05-07T21:00:00Z,0.000000
2025-05-07T22:00:00Z,0.000000
2025-05-07T23:00:00Z,0.000000
2025-05-08T00:00:00Z,0.000000
2025-05-08T01:00:00Z,0.000000
2025-05-08T02:00:00Z,0.000000
2025-05-08T03:00:00Z,0.000000
2025-05-08T04:00:00Z,0.000000
2025-05-08T05:00:00Z,0.000000
2025-05-08T06:00:00Z,1.858053
2025-05-08T07:00:00Z,6.503966
2025-05-08T08:00:00Z,10.337496
2025-05-08T09:00:00Z,14.169904
2025-05-08T10:00:00Z,15.827996
2025-05-08T11:00:00Z,13.395125
2025-05-08T12:00:00Z,12.933482
2025-05-08T13:00:00Z,6.969454
2025-05-08T14:00:00Z,8.875315
2025-05-08T15:00:00Z,2.193482
2025-05-08T16:00:00Z,0.408477
2025-05-08T17:00:00Z,0.000000
2025-05-08T18:00:00Z,0.000000
2025-05-08T19:00:00Z,0.000000
2025-05-08T20:00:00Z,0.000000
2025-05-08T21:00:00Z,0.000000
2025-05-08T22:00:00Z,0.000000
2025-05-08T23:00:00Z,0.000000
2025-05-09T00:00:00Z,0.000000
2025-05-09T01:00:00Z,0.000000
2025-05-09T02:00:00Z,0.000000
2025-05-09T03:00:00Z,0.000000
2025-05-09T04:00:00Z,0.000000
2025-05-09T05:00:00Z,0.000000
2025-05-09T06:00:00Z,0.000000
2025-05-09T07:00:00Z,0.000000
2025-05-09T08:00:00Z,0.000000
2025-05-09T09:00:00Z,0.000000
2025-05-09T10:00:00Z,0.000000
2025-05-09T11:00:00Z,0.000000
2025-05-09T12:00:00Z,0.000000
2025-05-09T13:00:00Z,0.213214
2025-05-09T14:00:00Z,1.680393
2025-05-09T15:00:00Z,2.376436
2025-05-09T16:00:00Z,0.000000
2025-05-09T17:00:00Z,0.000000
2025-05-09T18:00:00Z,0.000000
2025-05-09T19:00:00Z,0.000000
2025-05-09T20:00:00Z,0.000000
2025-05-09T21:00:00Z,0.000000
2025-05-09T22:00:00Z,0.000000
2025-05-09T23:00:00Z,0.000000
2025-05-10T00:00:00Z,0.000000
2025-05-10T01:00:00Z,0.000000
2025-05-10T02:00:00Z,0.000000
2025-05-10T03:00:00Z,0.000000
2025-05-10T04:00:00Z,0.000000
2025-05-10T05:00:00Z,0.000000
2025-05-10T06:00:00Z,0.000000
2025-05-10T07:00:00Z,7.142014
2025-05-10T08:00:00Z,6.360062
2025-05-10T09:00:00Z,12.998640
2025-05-10T10:00:00Z,15.136054
2025-05-10T11:00:00Z,14.279763
2025-05-10T12:00:00Z,14.275090
2025-05-10T13:00:00Z,13.317989
2025-05-10T14:00:00Z,8.920385
2025-05-10T15:00:00Z,4.932204
2025-05-10T16:00:00Z,0.622706
2025-05-10T17:00:00Z,0.000000
2025-05-10T18:00:00Z,0.000000
2025-05-10T19:00:00Z,0.000000
2025-05-10T20:00:00Z,0.000000
2025-05-10T21:00:00Z,0.000000
2025-05-10T22:00:00Z,0.000000
2025-05-10T23:00:00Z,0.000000
2025-05-11T00:00:00Z,0.000000
2025-05-11T01:00:00Z,0.000000
2025-05-11T02:00:00Z,0.000000
2025-05-11T03:00:00Z,0.000000
2025-05-11T04:00:00Z,0.000000
2025-05-11T05:00:00Z,0.000000
2025-05-11T06:00:00Z,0.000000
2025-05-11T07:00:00Z,2.493963
2025-05-11T08:00:00Z,3.456022
2025-05-11T09:00:00Z,9.626529
2025-05-11T10:00:00Z,9.457860
2025-05-11T11:00:00Z,10.646464
2025-05-11T12:00:00Z,19.087416
2025-05-11T13:00:00Z,11.484972
2025-05-11T14:00:00Z,7.622387
2025-05-11T15:00:00Z,3.529516
2025-05-11T16:00:00Z,0.000000
2025-05-11T17:00:00Z,0.000000
2025-05-11T18:00:00Z,0.000000
2025-05-11T19:00:00Z,0.000000
2025-05-11T20:00:00Z,0.000000
2025-05-11T21:00:00Z,0.000000
2025-05-11T22:00:00Z,0.000000
2025-05-11T23:00:00Z,0.000000
2025-05-12T00:00:00Z,0.000000
2025-05-12T01:00:00Z,0.000000
2025-05-12T02:00:00Z,0.000000
2025-05-12T03:00:00Z,0.000000
2025-05-12T04:00:00Z,0.000000
2025-05-12T05:00:00Z,0.000000
2025-05-12T06:00:00Z,2.998863
2025-05-12T07:00:00Z,7.784917
2025-05-12T08:00:00Z,11.391527
2025-05-12T09:00:00Z,14.976501
2025-05-12T10:00:00Z,15.980243
2025-05-12T11:00:00Z,19.112946
2025-05-12T12:00:00Z,15.129977
2025-05-12T13:00:00Z,12.811201
2025-05-12T14:00:00Z,9.178633
2025-05-12T15:00:00Z,5.234237
2025-05-12T16:00:00Z,0.732754
2025-05-12T17:00:00Z,0.000000
2025-05-12T18:00:00Z,0.000000
2025-05-12T19:00:00Z,0.000000
2025-05-12T20:00:00Z,0.000000
2025-05-12T21:00:00Z,0.000000
2025-05-12T22:00:00Z,0.000000
2025-05-12T23:00:00Z,0.000000
2025-05-13T00:00:00Z,0.000000
2025-05-13T01:00:00Z,0.000000
2025-05-13T02:00:00Z,0.000000
2025-05-13T03:00:00Z,0.000000
2025-05-13T04:00:00Z,0.000000
2025-05-13T05:00:00Z,0.000000
2025-05-13T06:00:00Z,2.033484
2025-05-13T07:00:00Z,6.682892
2025-05-13T08:00:00Z,10.469109
2025-05-13T09:00:00Z,13.714003
2025-05-13T10:00:00Z,15.411184
2025-05-13T11:00:00Z,15.665365
2025-05-13T12:00:00Z,15.787565
2025-05-13T13:00:00Z,13.129444
2025-05-13T14:00:00Z,8.999057
2025-05-13T15:00:00Z,5.255858
2025-05-13T16:00:00Z,0.599011
2025-05-13T17:00:00Z,0.000000
2025-05-13T18:00:00Z,0.000000
2025-05-13T19:00:00Z,0.000000
2025-05-13T20:00:00Z,0.000000
2025-05-13T21:00:00Z,0.000000
2025-05-13T22:00:00Z,0.000000
2025-05-13T23:00:00Z,0.000000
2025-05-14T00:00:00Z,0.000000
2025-05-14T01:00:00Z,0.000000
2025-05-14T02:00:00Z,0.000000
2025-05-14T03:00:00Z,0.000000
2025-05-14T04:00:00Z,0.000000
2025-05-14T05:00:00Z,0.000000
2025-05-14T06:00:00Z,1.980558
2025-05-14T07:00:00Z,6.484928
2025-05-14T08:00:00Z,8.710708
2025-05-14T09:00:00Z,10.321226
2025-05-14T10:00:00Z,13.565459
2025-05-14T11:00:00Z,11.970145
2025-05-14T12:00:00Z,11.051164
2025-05-14T13:00:00Z,7.668216
2025-05-14T14:00:00Z,3.127445
2025-05-14T15:00:00Z,0.613336
2025-05-14T16:00:00Z,0.000000
2025-05-14T17:00:00Z,0.000000
2025-05-14T18:00:00Z,0.000000
2025-05-14T19:00:00Z,0.000000
2025-05-14T20:00:00Z,0.000000
2025-05-14T21:00:00Z,0.000000
2025-05-14T22:00:00Z,0.000000
2025-05-14T23:00:00Z,0.000000
2025-05-15T00:00:00Z,0.000000
2025-05-15T01:00:00Z,0.000000
2025-05-15T02:00:00Z,0.000000
2025-05-15T03:00:00Z,0.000000
2025-05-15T04:00:00Z,0.000000
2025-05-15T05:00:00Z,0.000000
2025-05-15T06:00:00Z,2.043504
2025-05-15T07:00:00Z,6.776564
2025-05-15T08:00:00Z,10.561056
2025-05-15T09:00:00Z,13.832667
2025-05-15T10:00:00Z,15.951446
2025-05-15T11:00:00Z,16.115041
2025-05-15T12:00:00Z,15.317632
2025-05-15T13:00:00Z,13.429292
2025-05-15T14:00:00Z,9.342459
2025-05-15T15:00:00Z,5.297751
2025-05-15T16:00:00Z,0.552984
2025-05-15T17:00:00Z,0.000000
2025-05-15T18:00:00Z,0.000000
2025-05-15T19:00:00Z,0.000000
2025-05-15T20:00:00Z,0.000000
2025-05-15T21:00:00Z,0.000000
2025-05-15T22:00:00Z,0.000000
2025-05-15T23:00:00Z,0.000000
2025-05-16T00:00:00Z,0.000000
2025-05-16T01:00:00Z,0.000000
2025-05-16T02:00:00Z,0.000000
2025-05-16T03:00:00Z,0.000000
2025-05-16T04:00:00Z,0.000000
2025-05-16T05:00:00Z,0.000000
2025-05-16T06:00:00Z,2.246639
2025-05-16T07:00:00Z,6.986324
2025-05-16T08:00:00Z,11.225949
2025-05-16T09:00:00Z,8.316030
2025-05-16T10:00:00Z,13.082845
2025-05-16T11:00:00Z,16.252991
2025-05-16T12:00:00Z,16.056335
2025-05-16T13:00:00Z,13.737786
2025-05-16T14:00:00Z,9.638841
2025-05-16T15:00:00Z,5.509625
2025-05-16T16:00:00Z,0.819605
2025-05-16T17:00:00Z,0.000000
2025-05-16T18:00:00Z,0.000000
2025-05-16T19:00:00Z,0.000000
2025-05-16T20:00:00Z,0.000000
2025-05-16T21:00:00Z,0.000000
2025-05-16T22:00:00Z,0.000000
2025-05-16T23:00:00Z,0.000000
2025-05-17T00:00:00Z,0.000000
2025-05-17T01:00:00Z,0.000000
2025-05-17T02:00:00Z,0.000000
2025-05-17T03:00:00Z,0.000000
2025-05-17T04:00:00Z,0.000000
2025-05-17T05:00:00Z,0.000000
2025-05-17T06:00:00Z,2.201977
2025-05-17T07:00:00Z,6.806280
2025-05-17T08:00:00Z,9.248743
2025-05-17T09:00:00Z,12.126652
2025-05-17T10:00:00Z,10.213911
2025-05-17T11:00:00Z,11.937623
2025-05-17T12:00:00Z,13.322909
2025-05-17T13:00:00Z,8.645160
2025-05-17T14:00:00Z,7.416361
2025-05-17T15:00:00Z,4.446017
2025-05-17T16:00:00Z,0.731142
2025-05-17T17:00:00Z,0.000000
2025-05-17T18:00:00Z,0.000000
2025-05-17T19:00:00Z,0.000000
2025-05-17T20:00:00Z,0.000000
2025-05-17T21:00:00Z,0.000000
2025-05-17T22:00:00Z,0.000000
2025-05-17T23:00:00Z,0.000000
2025-05-18T00:00:00Z,0.000000
2025-05-18T01:00:00Z,0.000000
2025-05-18T02:00:00Z,0.000000
2025-05-18T03:00:00Z,0.000000
2025-05-18T04:00:00Z,0.000000
2025-05-18T05:00:00Z,0.000000
2025-05-18T06:00:00Z,1.722055
2025-05-18T07:00:00Z,5.410504
2025-05-18T08:00:00Z,8.838584
2025-05-18T09:00:00Z,9.421900
2025-05-18T10:00:00Z,10.838847
2025-05-18T11:00:00Z,6.703051
2025-05-18T12:00:00Z,12.085111
2025-05-18T13:00:00Z,10.720769
2025-05-18T14:00:00Z,8.949731
2025-05-18T15:00:00Z,1.308194
2025-05-18T16:00:00Z,0.000000
2025-05-18T17:00:00Z,0.000000
2025-05-18T18:00:00Z,0.000000
2025-05-18T19:00:00Z,0.000000
2025-05-18T20:00:00Z,0.000000
2025-05-18T21:00:00Z,0.000000
2025-05-18T22:00:00Z,0.000000
2025-05-18T23:00:00Z,0.000000
2025-05-19T00:00:00Z,0.000000
2025-05-19T01:00:00Z,0.000000
2025-05-19T02:00:00Z,0.000000
2025-05-19T03:00:00Z,0.000000
2025-05-19T04:00:00Z,0.000000
2025-05-19T05:00:00Z,0.000000
2025-05-19T06:00:00Z,0.177818
2025-05-19T07:00:00Z,5.451423
2025-05-19T08:00:00Z,11.148958
2025-05-19T09:00:00Z,14.763368
2025-05-19T10:00:00Z,16.565922
2025-05-19T11:00:00Z,16.955085
2025-05-19T12:00:00Z,16.601154
2025-05-19T13:00:00Z,14.071762
2025-05-19T14:00:00Z,9.781848
2025-05-19T15:00:00Z,5.703853
2025-05-19T16:00:00Z,1.163349
2025-05-19T17:00:00Z,0.000000
2025-05-19T18:00:00Z,0.000000
2025-05-19T19:00:00Z,0.000000
2025-05-19T20:00:00Z,0.000000
2025-05-19T21:00:00Z,0.000000
2025-05-19T22:00:00Z,0.000000
2025-05-19T23:00:00Z,0.000000
2025-05-20T00:00:00Z,0.000000
2025-05-20T01:00:00Z,0.000000
2025-05-20T02:00:00Z,0.000000
2025-05-20T03:00:00Z,0.000000
2025-05-20T04:00:00Z,0.000000
2025-05-20T05:00:00Z,0.000000
2025-05-20T06:00:00Z,2.504481
2025-05-20T07:00:00Z,7.179046
2025-05-20T08:00:00Z,10.890779
2025-05-20T09:00:00Z,14.505277
2025-05-20T10:00:00Z,16.283739
2025-05-20T11:00:00Z,16.655693
2025-05-20T12:00:00Z,16.204472
2025-05-20T13:00:00Z,13.731804
2025-05-20T14:00:00Z,9.647472
2025-05-20T15:00:00Z,3.694901
2025-05-20T16:00:00Z,0.000000
2025-05-20T17:00:00Z,0.000000
2025-05-20T18:00:00Z,0.000000
2025-05-20T19:00:00Z,0.000000
2025-05-20T20:00:00Z,0.000000
2025-05-20T21:00:00Z,0.000000
2025-05-20T22:00:00Z,0.000000
2025-05-20T23:00:00Z,0.000000
2025-05-21T00:00:00Z,0.000000
2025-05-21T01:00:00Z,0.000000
2025-05-21T02:00:00Z,0.000000
2025-05-21T03:00:00Z,0.000000
2025-05-21T04:00:00Z,0.000000
2025-05-21T05:00:00Z,0.000000
2025-05-21T06:00:00Z,0.000000
2025-05-21T07:00:00Z,0.874558
2025-05-21T08:00:00Z,4.040269
2025-05-21T09:00:00Z,4.236498
2025-05-21T10:00:00Z,1.120281
2025-05-21T11:00:00Z,0.000000
2025-05-21T12:00:00Z,1.824031
2025-05-21T13:00:00Z,6.896527
2025-05-21T14:00:00Z,6.347977
2025-05-21T15:00:00Z,2.505282
2025-05-21T16:00:00Z,0.356604
2025-05-21T17:00:00Z,0.000000
2025-05-21T18:00:00Z,0.000000
2025-05-21T19:00:00Z,0.000000
2025-05-21T20:00:00Z,0.000000
2025-05-21T21:00:00Z,0.000000
2025-05-21T22:00:00Z,0.000000
2025-05-21T23:00:00Z,0.000000
2025-05-22T00:00:00Z,0.000000
2025-05-22T01:00:00Z,0.000000
2025-05-22T02:00:00Z,0.000000
2025-05-22T03:00:00Z,0.000000
2025-05-22T04:00:00Z,0.000000
2025-05-22T05:00:00Z,0.000000
2025-05-22T06:00:00Z,0.090525
2025-05-22T07:00:00Z,3.584062
2025-05-22T08:00:00Z,5.328591
2025-05-22T09:00:00Z,6.917750
2025-05-22T10:00:00Z,5.372925
2025-05-22T11:00:00Z,11.450760
2025-05-22T12:00:00Z,11.651004
2025-05-22T13:00:00Z,0.000000
2025-05-22T14:00:00Z,0.000000
2025-05-22T15:00:00Z,0.000000
2025-05-22T16:00:00Z,0.000000
2025-05-22T17:00:00Z,0.000000
2025-05-22T18:00:00Z,0.000000
2025-05-22T19:00:00Z,0.000000
2025-05-22T20:00:00Z,0.000000
2025-05-22T21:00:00Z,0.000000
2025-05-22T22:00:00Z,0.000000
2025-05-22T23:00:00Z,0.000000
2025-05-23T00:00:00Z,0.000000
2025-05-23T01:00:00Z,0.000000
2025-05-23T02:00:00Z,0.000000
2025-05-23T03:00:00Z,0.000000
2025-05-23T04:00:00Z,0.000000
2025-05-23T05:00:00Z,0.000000
2025-05-23T06:00:00Z,1.682392
2025-05-23T07:00:00Z,5.785930
2025-05-23T08:00:00Z,5.801363
2025-05-23T09:00:00Z,2.341855
2025-05-23T10:00:00Z,6.867274
2025-05-23T11:00:00Z,2.044778
2025-05-23T12:00:00Z,4.871394
2025-05-23T13:00:00Z,4.006515
2025-05-23T14:00:00Z,0.195899
2025-05-23T15:00:00Z,2.531843
2025-05-23T16:00:00Z,0.083537
2025-05-23T17:00:00Z,0.000000
2025-05-23T18:00:00Z,0.000000
2025-05-23T19:00:00Z,0.000000
2025-05-23T20:00:00Z,0.000000
2025-05-23T21:00:00Z,0.000000
2025-05-23T22:00:00Z,0.000000
2025-05-23T23:00:00Z,0.000000
2025-05-24T00:00:00Z,0.000000
2025-05-24T01:00:00Z,0.000000
2025-05-24T02:00:00Z,0.000000
2025-05-24T03:00:00Z,0.000000
2025-05-24T04:00:00Z,0.000000
2025-05-24T05:00:00Z,0.000000
2025-05-24T06:00:00Z,0.000000
2025-05-24T07:00:00Z,4.250841
2025-05-24T08:00:00Z,0.442475
2025-05-24T09:00:00Z,2.409852
2025-05-24T10:00:00Z,11.196468
2025-05-24T11:00:00Z,14.153920
2025-05-24T12:00:00Z,15.976700
2025-05-24T13:00:00Z,8.896172
2025-05-24T14:00:00Z,4.849540
2025-05-24T15:00:00Z,0.514258
2025-05-24T16:00:00Z,0.000000
2025-05-24T17:00:00Z,0.000000
2025-05-24T18:00:00Z,0.000000
2025-05-24T19:00:00Z,0.000000
2025-05-24T20:00:00Z,0.000000
2025-05-24T21:00:00Z,0.000000
2025-05-24T22:00:00Z,0.000000
2025-05-24T23:00:00Z,0.000000
2025-05-25T00:00:00Z,0.000000
2025-05-25T01:00:00Z,0.000000
2025-05-25T02:00:00Z,0.000000
2025-05-25T03:00:00Z,0.000000
2025-05-25T04:00:00Z,0.000000
2025-05-25T05:00:00Z,0.000000
2025-05-25T06:00:00Z,0.000000
2025-05-25T07:00:00Z,0.000000
2025-05-25T08:00:00Z,0.000000
2025-05-25T09:00:00Z,0.000000
2025-05-25T10:00:00Z,0.555181
2025-05-25T11:00:00Z,0.000000
2025-05-25T12:00:00Z,0.000000
2025-05-25T13:00:00Z,0.000000
2025-05-25T14:00:00Z,0.000000
2025-05-25T15:00:00Z,0.000000
2025-05-25T16:00:00Z,0.000000
2025-05-25T17:00:00Z,0.000000
2025-05-25T18:00:00Z,0.000000
2025-05-25T19:00:00Z,0.000000
2025-05-25T20:00:00Z,0.000000
2025-05-25T21:00:00Z,0.000000
2025-05-25T22:00:00Z,0.000000
2025-05-25T23:00:00Z,0.000000
2025-05-26T00:00:00Z,0.000000
2025-05-26T01:00:00Z,0.000000
2025-05-26T02:00:00Z,0.000000
2025-05-26T03:00:00Z,0.000000
2025-05-26T04:00:00Z,0.000000
2025-05-26T05:00:00Z,0.000000
2025-05-26T06:00:00Z,0.541308
2025-05-26T07:00:00Z,1.094709
2025-05-26T08:00:00Z,5.259749
2025-05-26T09:00:00Z,7.369737
2025-05-26T10:00:00Z,5.792541
2025-05-26T11:00:00Z,9.784081
2025-05-26T12:00:00Z,12.301066
2025-05-26T13:00:00Z,11.296818
2025-05-26T14:00:00Z,7.013978
2025-05-26T15:00:00Z,3.377373
2025-05-26T16:00:00Z,0.178147
2025-05-26T17:00:00Z,0.000000
2025-05-26T18:00:00Z,0.000000
2025-05-26T19:00:00Z,0.000000
2025-05-26T20:00:00Z,0.000000
2025-05-26T21:00:00Z,0.000000
2025-05-26T22:00:00Z,0.000000
2025-05-26T23:00:00Z,0.000000
2025-05-27T00:00:00Z,0.000000
2025-05-27T01:00:00Z,0.000000
2025-05-27T02:00:00Z,0.000000
2025-05-27T03:00:00Z,0.000000
2025-05-27T04:00:00Z,0.000000
2025-05-27T05:00:00Z,0.000000
2025-05-27T06:00:00Z,0.000000
2025-05-27T07:00:00Z,0.000000
2025-05-27T08:00:00Z,0.000000
2025-05-27T09:00:00Z,0.000000
2025-05-27T10:00:00Z,4.271104
2025-05-27T11:00:00Z,6.051717
2025-05-27T12:00:00Z,6.668883
2025-05-27T13:00:00Z,8.319924
2025-05-27T14:00:00Z,6.873993
2025-05-27T15:00:00Z,2.017100
2025-05-27T16:00:00Z,0.000000
2025-05-27T17:00:00Z,0.000000
2025-05-27T18:00:00Z,0.000000
2025-05-27T19:00:00Z,0.000000
2025-05-27T20:00:00Z,0.000000
2025-05-27T21:00:00Z,0.000000
2025-05-27T22:00:00Z,0.000000
2025-05-27T23:00:00Z,0.000000
2025-05-28T00:00:00Z,0.000000
2025-05-28T01:00:00Z,0.000000
2025-05-28T02:00:00Z,0.000000
2025-05-28T03:00:00Z,0.000000
2025-05-28T04:00:00Z,0.000000
2025-05-28T05:00:00Z,0.000000
2025-05-28T06:00:00Z,0.000000
2025-05-28T07:00:00Z,6.038282
2025-05-28T08:00:00Z,10.086202
2025-05-28T09:00:00Z,13.331341
2025-05-28T10:00:00Z,0.000000
2025-05-28T11:00:00Z,4.282595
2025-05-28T12:00:00Z,0.000000
2025-05-28T13:00:00Z,0.000000
2025-05-28T14:00:00Z,9.415517
2025-05-28T15:00:00Z,5.624207
2025-05-28T16:00:00Z,0.868587
2025-05-28T17:00:00Z,0.000000
2025-05-28T18:00:00Z,0.000000
2025-05-28T19:00:00Z,0.000000
2025-05-28T20:00:00Z,0.000000
2025-05-28T21:00:00Z,0.000000
2025-05-28T22:00:00Z,0.000000
2025-05-28T23:00:00Z,0.000000
2025-05-29T00:00:00Z,0.000000
2025-05-29T01:00:00Z,0.000000
2025-05-29T02:00:00Z,0.000000
2025-05-29T03:00:00Z,0.000000
2025-05-29T04:00:00Z,0.000000
2025-05-29T05:00:00Z,0.000000
2025-05-29T06:00:00Z,1.736527
2025-05-29T07:00:00Z,5.136902
2025-05-29T08:00:00Z,6.358391
2025-05-29T09:00:00Z,10.713020
2025-05-29T10:00:00Z,13.585879
2025-05-29T11:00:00Z,11.420199
2025-05-29T12:00:00Z,1.537373
2025-05-29T13:00:00Z,0.439006
2025-05-29T14:00:00Z,1.950450
2025-05-29T15:00:00Z,0.000000
2025-05-29T16:00:00Z,0.000000
2025-05-29T17:00:00Z,0.000000
2025-05-29T18:00:00Z,0.000000
2025-05-29T19:00:00Z,0.000000
2025-05-29T20:00:00Z,0.000000
2025-05-29T21:00:00Z,0.000000
2025-05-29T22:00:00Z,0.000000
2025-05-29T23:00:00Z,0.000000
2025-05-30T00:00:00Z,0.000000
2025-05-30T01:00:00Z,0.000000
2025-05-30T02:00:00Z,0.000000
2025-05-30T03:00:00Z,0.000000
2025-05-30T04:00:00Z,0.000000
2025-05-30T05:00:00Z,0.000000
2025-05-30T06:00:00Z,0.000000
2025-05-30T07:00:00Z,1.543100
2025-05-30T08:00:00Z,0.482446
2025-05-30T09:00:00Z,0.000000
2025-05-30T10:00:00Z,0.000000
2025-05-30T11:00:00Z,0.000000
2025-05-30T12:00:00Z,0.000000
2025-05-30T13:00:00Z,0.976512
2025-05-30T14:00:00Z,0.339316
2025-05-30T15:00:00Z,0.000000
2025-05-30T16:00:00Z,0.000000
2025-05-30T17:00:00Z,0.000000
2025-05-30T18:00:00Z,0.000000
2025-05-30T19:00:00Z,0.000000
2025-05-30T20:00:00Z,0.000000
2025-05-30T21:00:00Z,0.000000
2025-05-30T22:00:00Z,0.000000
2025-05-30T23:00:00Z,0.000000
2025-05-31T00:00:00Z,0.000000
2025-05-31T01:00:00Z,0.000000
2025-05-31T02:00:00Z,0.000000
2025-05-31T03:00:00Z,0.000000
2025-05-31T04:00:00Z,0.000000
2025-05-31T05:00:00Z,0.000000
2025-05-31T06:00:00Z,0.122596
2025-05-31T07:00:00Z,2.335072
2025-05-31T08:00:00Z,5.944335
2025-05-31T09:00:00Z,11.980913
2025-05-31T10:00:00Z,11.710822
2025-05-31T11:00:00Z,13.808845
2025-05-31T12:00:00Z,12.870850
2025-05-31T13:00:00Z,10.735010
2025-05-31T14:00:00Z,7.028933
2025-05-31T15:00:00Z,4.960798
2025-05-31T16:00:00Z,0.785371
2025-05-31T17:00:00Z,0.000000
2025-05-31T18:00:00Z,0.000000
2025-05-31T19:00:00Z,0.000000
2025-05-31T20:00:00Z,0.000000
2025-05-31T21:00:00Z,0.000000
2025-05-31T22:00:00Z,0.000000
2025-05-31T23:00:00Z,0.000000
2025-06-01T00:00:00Z,0.000000
2025-06-01T01:00:00Z,0.000000
2025-06-01T02:00:00Z,0.000000
2025-06-01T03:00:00Z,0.000000
2025-06-01T04:00:00Z,0.000000
2025-06-01T05:00:00Z,0.000000
2025-06-01T06:00:00Z,0.000000
2025-06-01T07:00:00Z,0.332091
2025-06-01T08:00:00Z,1.416655
2025-06-01T09:00:00Z,2.124489
2025-06-01T10:00:00Z,2.327831
2025-06-01T11:00:00Z,13.667520
2025-06-01T12:00:00Z,1.054957
2025-06-01T13:00:00Z,0.000000
2025-06-01T14:00:00Z,0.000000
2025-06-01T15:00:00Z,0.000000
2025-06-01T16:00:00Z,0.000000
2025-06-01T17:00:00Z,0.000000
2025-06-01T18:00:00Z,0.000000
2025-06-01T19:00:00Z,0.000000
2025-06-01T20:00:00Z,0.000000
2025-06-01T21:00:00Z,0.000000
2025-06-01T22:00:00Z,0.000000
2025-06-01T23:00:00Z,0.000000
2025-06-02T00:00:00Z,0.000000
2025-06-02T01:00:00Z,0.000000
2025-06-02T02:00:00Z,0.000000
2025-06-02T03:00:00Z,0.000000
2025-06-02T04:00:00Z,0.000000
2025-06-02T05:00:00Z,0.000000
2025-06-02T06:00:00Z,2.399611
2025-06-02T07:00:00Z,5.757005
2025-06-02T08:00:00Z,9.215550
2025-06-02T09:00:00Z,9.051702
2025-06-02T10:00:00Z,4.253114
2025-06-02T11:00:00Z,6.302238
2025-06-02T12:00:00Z,3.660116
2025-06-02T13:00:00Z,3.227910
2025-06-02T14:00:00Z,3.916414
2025-06-02T15:00:00Z,3.603191
2025-06-02T16:00:00Z,0.351000
2025-06-02T17:00:00Z,0.000000
2025-06-02T18:00:00Z,0.000000
2025-06-02T19:00:00Z,0.000000
2025-06-02T20:00:00Z,0.000000
2025-06-02T21:00:00Z,0.000000
2025-06-02T22:00:00Z,0.000000
2025-06-02T23:00:00Z,0.000000
2025-06-03T00:00:00Z,0.000000
2025-06-03T01:00:00Z,0.000000
2025-06-03T02:00:00Z,0.000000
2025-06-03T03:00:00Z,0.000000
2025-06-03T04:00:00Z,0.000000
2025-06-03T05:00:00Z,0.000000
2025-06-03T06:00:00Z,2.266620
2025-06-03T07:00:00Z,6.696753
2025-06-03T08:00:00Z,9.105403
2025-06-03T09:00:00Z,9.887840
2025-06-03T10:00:00Z,6.576462
2025-06-03T11:00:00Z,9.949564
2025-06-03T12:00:00Z,10.815462
2025-06-03T13:00:00Z,12.562518
2025-06-03T14:00:00Z,6.399628
2025-06-03T15:00:00Z,1.143546
2025-06-03T16:00:00Z,0.000000
2025-06-03T17:00:00Z,0.000000
2025-06-03T18:00:00Z,0.000000
2025-06-03T19:00:00Z,0.000000
2025-06-03T20:00:00Z,0.000000
2025-06-03T21:00:00Z,0.000000
2025-06-03T22:00:00Z,0.000000
2025-06-03T23:00:00Z,0.000000
2025-06-04T00:00:00Z,0.000000
2025-06-04T01:00:00Z,0.000000
2025-06-04T02:00:00Z,0.000000
2025-06-04T03:00:00Z,0.000000
2025-06-04T04:00:00Z,0.000000
2025-06-04T05:00:00Z,0.000000
2025-06-04T06:00:00Z,2.056449
2025-06-04T07:00:00Z,4.155018
2025-06-04T08:00:00Z,8.073711
2025-06-04T09:00:00Z,4.538482
2025-06-04T10:00:00Z,14.036270
2025-06-04T11:00:00Z,3.795989
2025-06-04T12:00:00Z,7.679243
2025-06-04T13:00:00Z,8.071048
2025-06-04T14:00:00Z,0.000000
2025-06-04T15:00:00Z,1.111856
2025-06-04T16:00:00Z,0.000000
2025-06-04T17:00:00Z,0.000000
2025-06-04T18:00:00Z,0.000000
2025-06-04T19:00:00Z,0.000000
2025-06-04T20:00:00Z,0.000000
2025-06-04T21:00:00Z,0.000000
2025-06-04T22:00:00Z,0.000000
2025-06-04T23:00:00Z,0.000000
2025-06-05T00:00:00Z,0.000000
2025-06-05T01:00:00Z,0.000000
2025-06-05T02:00:00Z,0.000000
2025-06-05T03:00:00Z,0.000000
2025-06-05T04:00:00Z,0.000000
2025-06-05T05:00:00Z,0.000000
2025-06-05T06:00:00Z,0.000000
2025-06-05T07:00:00Z,2.201135
2025-06-05T08:00:00Z,3.371501
2025-06-05T09:00:00Z,0.563461
2025-06-05T10:00:00Z,4.699888
2025-06-05T11:00:00Z,4.146520
2025-06-05T12:00:00Z,2.556218
2025-06-05T13:00:00Z,0.508227
2025-06-05T14:00:00Z,0.214634
2025-06-05T15:00:00Z,0.000000
2025-06-05T16:00:00Z,0.000000
2025-06-05T17:00:00Z,0.000000
2025-06-05T18:00:00Z,0.000000
2025-06-05T19:00:00Z,0.000000
2025-06-05T20:00:00Z,0.000000
2025-06-05T21:00:00Z,0.000000
2025-06-05T22:00:00Z,0.000000
2025-06-05T23:00:00Z,0.000000
2025-06-06T00:00:00Z,0.000000
2025-06-06T01:00:00Z,0.000000
2025-06-06T02:00:00Z,0.000000
2025-06-06T03:00:00Z,0.000000
2025-06-06T04:00:00Z,0.000000
2025-06-06T05:00:00Z,0.000000
2025-06-06T06:00:00Z,0.000000
2025-06-06T07:00:00Z,0.000000
2025-06-06T08:00:00Z,1.941400
2025-06-06T09:00:00Z,3.420436
2025-06-06T10:00:00Z,7.663776
2025-06-06T11:00:00Z,8.115872
2025-06-06T12:00:00Z,2.591924
2025-06-06T13:00:00Z,2.286442
2025-06-06T14:00:00Z,0.624491
2025-06-06T15:00:00Z,0.000000
2025-06-06T16:00:00Z,0.000000
2025-06-06T17:00:00Z,0.000000
2025-06-06T18:00:00Z,0.000000
2025-06-06T19:00:00Z,0.000000
2025-06-06T20:00:00Z,0.000000
2025-06-06T21:00:00Z,0.000000
2025-06-06T22:00:00Z,0.000000
2025-06-06T23:00:00Z,0.000000
2025-06-07T00:00:00Z,0.000000
2025-06-07T01:00:00Z,0.000000
2025-06-07T02:00:00Z,0.000000
2025-06-07T03:00:00Z,0.000000
2025-06-07T04:00:00Z,0.000000
2025-06-07T05:00:00Z,0.000000
2025-06-07T06:00:00Z,0.845128
2025-06-07T07:00:00Z,2.549290
2025-06-07T08:00:00Z,4.300998
2025-06-07T09:00:00Z,2.142992
2025-06-07T10:00:00Z,12.257887
2025-06-07T11:00:00Z,9.980680
2025-06-07T12:00:00Z,5.235878
2025-06-07T13:00:00Z,6.775344
2025-06-07T14:00:00Z,0.000000
2025-06-07T15:00:00Z,2.407011
2025-06-07T16:00:00Z,0.000000
2025-06-07T17:00:00Z,0.000000
2025-06-07T18:00:00Z,0.000000
2025-06-07T19:00:00Z,0.000000
2025-06-07T20:00:00Z,0.000000
2025-06-07T21:00:00Z,0.000000
2025-06-07T22:00:00Z,0.000000
2025-06-07T23:00:00Z,0.000000
2025-06-08T00:00:00Z,0.000000
2025-06-08T01:00:00Z,0.000000
2025-06-08T02:00:00Z,0.000000
2025-06-08T03:00:00Z,0.000000
2025-06-08T04:00:00Z,0.000000
2025-06-08T05:00:00Z,0.000000
2025-06-08T06:00:00Z,0.961016
2025-06-08T07:00:00Z,1.853013
2025-06-08T08:00:00Z,0.000000
2025-06-08T09:00:00Z,3.822678
2025-06-08T10:00:00Z,4.969616
2025-06-08T11:00:00Z,11.384708
2025-06-08T12:00:00Z,4.703616
2025-06-08T13:00:00Z,7.932293
2025-06-08T14:00:00Z,2.126406
2025-06-08T15:00:00Z,2.669320
2025-06-08T16:00:00Z,0.726805
2025-06-08T17:00:00Z,0.000000
2025-06-08T18:00:00Z,0.000000
2025-06-08T19:00:00Z,0.000000
2025-06-08T20:00:00Z,0.000000
2025-06-08T21:00:00Z,0.000000
2025-06-08T22:00:00Z,0.000000
2025-06-08T23:00:00Z,0.000000
2025-06-09T00:00:00Z,0.000000
2025-06-09T01:00:00Z,0.000000
2025-06-09T02:00:00Z,0.000000
2025-06-09T03:00:00Z,0.000000
2025-06-09T04:00:00Z,0.000000
2025-06-09T05:00:00Z,0.000000
2025-06-09T06:00:00Z,1.183615
2025-06-09T07:00:00Z,3.921604
2025-06-09T08:00:00Z,7.276243
2025-06-09T09:00:00Z,10.676933
2025-06-09T10:00:00Z,11.847282
2025-06-09T11:00:00Z,14.706731
2025-06-09T12:00:00Z,14.392066
2025-06-09T13:00:00Z,11.090728
2025-06-09T14:00:00Z,1.547937
2025-06-09T15:00:00Z,2.221680
2025-06-09T16:00:00Z,0.000000
2025-06-09T17:00:00Z,0.000000
2025-06-09T18:00:00Z,0.000000
2025-06-09T19:00:00Z,0.000000
2025-06-09T20:00:00Z,0.000000
2025-06-09T21:00:00Z,0.000000
2025-06-09T22:00:00Z,0.000000
2025-06-09T23:00:00Z,0.000000
2025-06-10T00:00:00Z,0.000000
2025-06-10T01:00:00Z,0.000000
2025-06-10T02:00:00Z,0.000000
2025-06-10T03:00:00Z,0.000000
2025-06-10T04:00:00Z,0.000000
2025-06-10T05:00:00Z,0.000000
2025-06-10T06:00:00Z,0.000000
2025-06-10T07:00:00Z,0.000000
2025-06-10T08:00:00Z,0.000000
2025-06-10T09:00:00Z,0.000000
2025-06-10T10:00:00Z,0.000000
2025-06-10T11:00:00Z,0.000000
2025-06-10T12:00:00Z,0.000000
2025-06-10T13:00:00Z,0.889343
2025-06-10T14:00:00Z,0.747216
2025-06-10T15:00:00Z,2.100214
2025-06-10T16:00:00Z,0.000000
2025-06-10T17:00:00Z,0.000000
2025-06-10T18:00:00Z,0.000000
2025-06-10T19:00:00Z,0.000000
2025-06-10T20:00:00Z,0.000000
2025-06-10T21:00:00Z,0.000000
2025-06-10T22:00:00Z,0.000000
2025-06-10T23:00:00Z,0.000000
2025-06-11T00:00:00Z,0.000000
2025-06-11T01:00:00Z,0.000000
2025-06-11T02:00:00Z,0.000000
2025-06-11T03:00:00Z,0.000000
2025-06-11T04:00:00Z,0.000000
2025-06-11T05:00:00Z,0.000000
2025-06-11T06:00:00Z,1.907749
2025-06-11T07:00:00Z,6.648850
2025-06-11T08:00:00Z,10.691030
2025-06-11T09:00:00Z,13.655233
2025-06-11T10:00:00Z,15.390836
2025-06-11T11:00:00Z,16.422107
2025-06-11T12:00:00Z,15.654455
2025-06-11T13:00:00Z,13.203067
2025-06-11T14:00:00Z,9.548788
2025-06-11T15:00:00Z,5.392622
2025-06-11T16:00:00Z,1.286533
2025-06-11T17:00:00Z,0.000000
2025-06-11T18:00:00Z,0.000000
2025-06-11T19:00:00Z,0.000000
2025-06-11T20:00:00Z,0.000000
2025-06-11T21:00:00Z,0.000000
2025-06-11T22:00:00Z,0.000000
2025-06-11T23:00:00Z,0.000000
2025-06-12T00:00:00Z,0.000000
2025-06-12T01:00:00Z,0.000000
2025-06-12T02:00:00Z,0.000000
2025-06-12T03:00:00Z,0.000000
2025-06-12T04:00:00Z,0.000000
2025-06-12T05:00:00Z,0.000000
2025-06-12T06:00:00Z,2.217207
2025-06-12T07:00:00Z,6.675051
2025-06-12T08:00:00Z,10.618399
2025-06-12T09:00:00Z,13.915887
2025-06-12T10:00:00Z,15.832661
2025-06-12T11:00:00Z,16.575521
2025-06-12T12:00:00Z,15.951690
2025-06-12T13:00:00Z,13.557165
2025-06-12T14:00:00Z,10.095397
2025-06-12T15:00:00Z,6.134747
2025-06-12T16:00:00Z,1.841877
2025-06-12T17:00:00Z,0.000000
2025-06-12T18:00:00Z,0.000000
2025-06-12T19:00:00Z,0.000000
2025-06-12T20:00:00Z,0.000000
2025-06-12T21:00:00Z,0.000000
2025-06-12T22:00:00Z,0.000000
2025-06-12T23:00:00Z,0.000000
2025-06-13T00:00:00Z,0.000000
2025-06-13T01:00:00Z,0.000000
2025-06-13T02:00:00Z,0.000000
2025-06-13T03:00:00Z,0.000000
2025-06-13T04:00:00Z,0.000000
2025-06-13T05:00:00Z,0.000000
2025-06-13T06:00:00Z,2.779565
2025-06-13T07:00:00Z,6.645616
2025-06-13T08:00:00Z,10.863233
2025-06-13T09:00:00Z,14.122297
2025-06-13T10:00:00Z,15.729762
2025-06-13T11:00:00Z,12.045961
2025-06-13T12:00:00Z,7.377681
2025-06-13T13:00:00Z,10.255356
2025-06-13T14:00:00Z,8.215136
2025-06-13T15:00:00Z,6.266797
2025-06-13T16:00:00Z,1.832734
2025-06-13T17:00:00Z,0.000000
2025-06-13T18:00:00Z,0.000000
2025-06-13T19:00:00Z,0.000000
2025-06-13T20:00:00Z,0.000000
2025-06-13T21:00:00Z,0.000000
2025-06-13T22:00:00Z,0.000000
2025-06-13T23:00:00Z,0.000000
2025-06-14T00:00:00Z,0.000000
2025-06-14T01:00:00Z,0.000000
2025-06-14T02:00:00Z,0.000000
2025-06-14T03:00:00Z,0.000000
2025-06-14T04:00:00Z,0.000000
2025-06-14T05:00:00Z,0.000000
2025-06-14T06:00:00Z,2.339562
2025-06-14T07:00:00Z,5.414085
2025-06-14T08:00:00Z,9.948387
2025-06-14T09:00:00Z,13.881481
2025-06-14T10:00:00Z,13.989393
2025-06-14T11:00:00Z,13.461917
2025-06-14T12:00:00Z,14.567956
2025-06-14T13:00:00Z,6.078052
2025-06-14T14:00:00Z,6.286968
2025-06-14T15:00:00Z,5.098049
2025-06-14T16:00:00Z,1.986016
2025-06-14T17:00:00Z,0.000000
2025-06-14T18:00:00Z,0.000000
2025-06-14T19:00:00Z,0.000000
2025-06-14T20:00:00Z,0.000000
2025-06-14T21:00:00Z,0.000000
2025-06-14T22:00:00Z,0.000000
2025-06-14T23:00:00Z,0.000000
2025-06-15T00:00:00Z,0.000000
2025-06-15T01:00:00Z,0.000000
2025-06-15T02:00:00Z,0.000000
2025-06-15T03:00:00Z,0.000000
2025-06-15T04:00:00Z,0.000000
2025-06-15T05:00:00Z,0.000000
2025-06-15T06:00:00Z,0.000000
2025-06-15T07:00:00Z,0.000000
2025-06-15T08:00:00Z,0.373468
2025-06-15T09:00:00Z,0.533232
2025-06-15T10:00:00Z,6.355325
2025-06-15T11:00:00Z,2.743922
2025-06-15T12:00:00Z,0.692778
2025-06-15T13:00:00Z,0.000000
2025-06-15T14:00:00Z,0.000000
2025-06-15T15:00:00Z,1.268634
2025-06-15T16:00:00Z,0.461011
2025-06-15T17:00:00Z,0.000000
2025-06-15T18:00:00Z,0.000000
2025-06-15T19:00:00Z,0.000000
2025-06-15T20:00:00Z,0.000000
2025-06-15T21:00:00Z,0.000000
2025-06-15T22:00:00Z,0.000000
2025-06-15T23:00:00Z,0.000000
2025-06-16T00:00:00Z,0.000000
2025-06-16T01:00:00Z,0.000000
2025-06-16T02:00:00Z,0.000000
2025-06-16T03:00:00Z,0.000000
2025-06-16T04:00:00Z,0.000000
2025-06-16T05:00:00Z,0.000000
2025-06-16T06:00:00Z,0.727602
2025-06-16T07:00:00Z,3.551104
2025-06-16T08:00:00Z,8.371836
2025-06-16T09:00:00Z,4.326591
2025-06-16T10:00:00Z,13.463180
2025-06-16T11:00:00Z,9.311474
2025-06-16T12:00:00Z,4.679977
2025-06-16T13:00:00Z,5.063277
2025-06-16T14:00:00Z,4.127978
2025-06-16T15:00:00Z,1.686402
2025-06-16T16:00:00Z,0.217148
2025-06-16T17:00:00Z,0.000000
2025-06-16T18:00:00Z,0.000000
2025-06-16T19:00:00Z,0.000000
2025-06-16T20:00:00Z,0.000000
2025-06-16T21:00:00Z,0.000000
2025-06-16T22:00:00Z,0.000000
2025-06-16T23:00:00Z,0.000000
2025-06-17T00:00:00Z,0.000000
2025-06-17T01:00:00Z,0.000000
2025-06-17T02:00:00Z,0.000000
2025-06-17T03:00:00Z,0.000000
2025-06-17T04:00:00Z,0.000000
2025-06-17T05:00:00Z,0.000000
2025-06-17T06:00:00Z,1.628430
2025-06-17T07:00:00Z,2.934814
2025-06-17T08:00:00Z,8.422780
2025-06-17T09:00:00Z,7.463852
2025-06-17T10:00:00Z,13.853050
2025-06-17T11:00:00Z,9.703798
2025-06-17T12:00:00Z,13.448779
2025-06-17T13:00:00Z,4.083464
2025-06-17T14:00:00Z,8.019221
2025-06-17T15:00:00Z,6.055329
2025-06-17T16:00:00Z,1.734018
2025-06-17T17:00:00Z,0.000000
2025-06-17T18:00:00Z,0.000000
2025-06-17T19:00:00Z,0.000000
2025-06-17T20:00:00Z,0.000000
2025-06-17T21:00:00Z,0.000000
2025-06-17T22:00:00Z,0.000000
2025-06-17T23:00:00Z,0.000000
2025-06-18T00:00:00Z,0.000000
2025-06-18T01:00:00Z,0.000000
2025-06-18T02:00:00Z,0.000000
2025-06-18T03:00:00Z,0.000000
2025-06-18T04:00:00Z,0.000000
2025-06-18T05:00:00Z,0.000000
2025-06-18T06:00:00Z,0.568695
2025-06-18T07:00:00Z,2.482179
2025-06-18T08:00:00Z,3.938848
2025-06-18T09:00:00Z,7.952195
2025-06-18T10:00:00Z,7.564542
2025-06-18T11:00:00Z,10.627298
2025-06-18T12:00:00Z,16.291170
2025-06-18T13:00:00Z,7.485912
2025-06-18T14:00:00Z,6.633140
2025-06-18T15:00:00Z,4.748867
2025-06-18T16:00:00Z,1.654034
2025-06-18T17:00:00Z,0.000000
2025-06-18T18:00:00Z,0.000000
2025-06-18T19:00:00Z,0.000000
2025-06-18T20:00:00Z,0.000000
2025-06-18T21:00:00Z,0.000000
2025-06-18T22:00:00Z,0.000000
2025-06-18T23:00:00Z,0.000000
2025-06-19T00:00:00Z,0.000000
2025-06-19T01:00:00Z,0.000000
2025-06-19T02:00:00Z,0.000000
2025-06-19T03:00:00Z,0.000000
2025-06-19T04:00:00Z,0.000000
2025-06-19T05:00:00Z,0.000000
2025-06-19T06:00:00Z,1.259294
2025-06-19T07:00:00Z,4.516479
2025-06-19T08:00:00Z,7.738695
2025-06-19T09:00:00Z,6.931682
2025-06-19T10:00:00Z,4.560202
2025-06-19T11:00:00Z,6.854859
2025-06-19T12:00:00Z,4.954074
2025-06-19T13:00:00Z,5.132011
2025-06-19T14:00:00Z,1.921137
2025-06-19T15:00:00Z,2.406264
2025-06-19T16:00:00Z,1.657136
2025-06-19T17:00:00Z,0.000000
2025-06-19T18:00:00Z,0.000000
2025-06-19T19:00:00Z,0.000000
2025-06-19T20:00:00Z,0.000000
2025-06-19T21:00:00Z,0.000000
2025-06-19T22:00:00Z,0.000000
2025-06-19T23:00:00Z,0.000000
2025-06-20T00:00:00Z,0.000000
2025-06-20T01:00:00Z,0.000000
2025-06-20T02:00:00Z,0.000000
2025-06-20T03:00:00Z,0.000000
2025-06-20T04:00:00Z,0.000000
2025-06-20T05:00:00Z,0.000000
2025-06-20T06:00:00Z,2.125789
2025-06-20T07:00:00Z,5.846025
2025-06-20T08:00:00Z,10.780582
2025-06-20T09:00:00Z,13.243423
2025-06-20T10:00:00Z,15.786587
2025-06-20T11:00:00Z,16.317601
2025-06-20T12:00:00Z,15.424674
2025-06-20T13:00:00Z,13.051601
2025-06-20T14:00:00Z,9.646150
2025-06-20T15:00:00Z,5.927376
2025-06-20T16:00:00Z,1.710993
2025-06-20T17:00:00Z,0.000000
2025-06-20T18:00:00Z,0.000000
2025-06-20T19:00:00Z,0.000000
2025-06-20T20:00:00Z,0.000000
2025-06-20T21:00:00Z,0.000000
2025-06-20T22:00:00Z,0.000000
2025-06-20T23:00:00Z,0.000000
2025-06-21T00:00:00Z,0.000000
2025-06-21T01:00:00Z,0.000000
2025-06-21T02:00:00Z,0.000000
2025-06-21T03:00:00Z,0.000000
2025-06-21T04:00:00Z,0.000000
2025-06-21T05:00:00Z,0.000000
2025-06-21T06:00:00Z,0.024744
2025-06-21T07:00:00Z,5.019720
2025-06-21T08:00:00Z,10.060559
2025-06-21T09:00:00Z,13.357869
2025-06-21T10:00:00Z,15.342257
2025-06-21T11:00:00Z,15.937648
2025-06-21T12:00:00Z,15.484382
2025-06-21T13:00:00Z,13.338775
2025-06-21T14:00:00Z,10.260058
2025-06-21T15:00:00Z,6.316129
2025-06-21T16:00:00Z,2.046466
2025-06-21T17:00:00Z,0.000000
2025-06-21T18:00:00Z,0.000000
2025-06-21T19:00:00Z,0.000000
2025-06-21T20:00:00Z,0.000000
2025-06-21T21:00:00Z,0.000000
2025-06-21T22:00:00Z,0.000000
2025-06-21T23:00:00Z,0.000000
2025-06-22T00:00:00Z,0.000000
2025-06-22T01:00:00Z,0.000000
2025-06-22T02:00:00Z,0.000000
2025-06-22T03:00:00Z,0.000000
2025-06-22T04:00:00Z,0.000000
2025-06-22T05:00:00Z,0.000000
2025-06-22T06:00:00Z,2.579988
2025-06-22T07:00:00Z,6.790193
2025-06-22T08:00:00Z,8.335629
2025-06-22T09:00:00Z,10.712380
2025-06-22T10:00:00Z,10.301378
2025-06-22T11:00:00Z,4.503580
2025-06-22T12:00:00Z,0.000000
2025-06-22T13:00:00Z,0.000000
2025-06-22T14:00:00Z,0.009155
2025-06-22T15:00:00Z,2.899189
2025-06-22T16:00:00Z,0.000000
2025-06-22T17:00:00Z,0.000000
2025-06-22T18:00:00Z,0.000000
2025-06-22T19:00:00Z,0.000000
2025-06-22T20:00:00Z,0.000000
2025-06-22T21:00:00Z,0.000000
2025-06-22T22:00:00Z,0.000000
2025-06-22T23:00:00Z,0.000000
2025-06-23T00:00:00Z,0.000000
2025-06-23T01:00:00Z,0.000000
2025-06-23T02:00:00Z,0.000000
2025-06-23T03:00:00Z,0.000000
2025-06-23T04:00:00Z,0.000000
2025-06-23T05:00:00Z,0.000000
2025-06-23T06:00:00Z,0.528206
2025-06-23T07:00:00Z,1.264074
2025-06-23T08:00:00Z,0.000000
2025-06-23T09:00:00Z,1.759109
2025-06-23T10:00:00Z,0.376728
2025-06-23T11:00:00Z,6.710058
2025-06-23T12:00:00Z,5.256252
2025-06-23T13:00:00Z,1.784179
2025-06-23T14:00:00Z,2.887403
2025-06-23T15:00:00Z,5.807379
2025-06-23T16:00:00Z,0.738079
2025-06-23T17:00:00Z,0.000000
2025-06-23T18:00:00Z,0.000000
2025-06-23T19:00:00Z,0.000000
2025-06-23T20:00:00Z,0.000000
2025-06-23T21:00:00Z,0.000000
2025-06-23T22:00:00Z,0.000000
2025-06-23T23:00:00Z,0.000000
2025-06-24T00:00:00Z,0.000000
2025-06-24T01:00:00Z,0.000000
2025-06-24T02:00:00Z,0.000000
2025-06-24T03:00:00Z,0.000000
2025-06-24T04:00:00Z,0.000000
2025-06-24T05:00:00Z,0.000000
2025-06-24T06:00:00Z,0.000000
2025-06-24T07:00:00Z,0.000000
2025-06-24T08:00:00Z,1.141882
2025-06-24T09:00:00Z,0.390726
2025-06-24T10:00:00Z,2.442359
2025-06-24T11:00:00Z,10.358310
2025-06-24T12:00:00Z,5.280341
2025-06-24T13:00:00Z,0.588642
2025-06-24T14:00:00Z,0.000000
2025-06-24T15:00:00Z,0.000000
2025-06-24T16:00:00Z,0.000000
2025-06-24T17:00:00Z,0.000000
2025-06-24T18:00:00Z,0.000000
2025-06-24T19:00:00Z,0.000000
2025-06-24T20:00:00Z,0.000000
2025-06-24T21:00:00Z,0.000000
2025-06-24T22:00:00Z,0.000000
2025-06-24T23:00:00Z,0.000000
2025-06-25T00:00:00Z,0.000000
2025-06-25T01:00:00Z,0.000000
2025-06-25T02:00:00Z,0.000000
2025-06-25T03:00:00Z,0.000000
2025-06-25T04:00:00Z,0.000000
2025-06-25T05:00:00Z,0.000000
2025-06-25T06:00:00Z,1.625285
2025-06-25T07:00:00Z,0.000000
2025-06-25T08:00:00Z,5.849252
2025-06-25T09:00:00Z,7.600429
2025-06-25T10:00:00Z,13.124895
2025-06-25T11:00:00Z,15.001234
2025-06-25T12:00:00Z,15.978735
2025-06-25T13:00:00Z,13.853473
2025-06-25T14:00:00Z,10.075423
2025-06-25T15:00:00Z,5.474993
2025-06-25T16:00:00Z,2.034190
2025-06-25T17:00:00Z,0.000000
2025-06-25T18:00:00Z,0.000000
2025-06-25T19:00:00Z,0.000000
2025-06-25T20:00:00Z,0.000000
2025-06-25T21:00:00Z,0.000000
2025-06-25T22:00:00Z,0.000000
2025-06-25T23:00:00Z,0.000000
2025-06-26T00:00:00Z,0.000000
2025-06-26T01:00:00Z,0.000000
2025-06-26T02:00:00Z,0.000000
2025-06-26T03:00:00Z,0.000000
2025-06-26T04:00:00Z,0.000000
2025-06-26T05:00:00Z,0.000000
2025-06-26T06:00:00Z,1.368878
2025-06-26T07:00:00Z,5.133034
2025-06-26T08:00:00Z,6.276368
2025-06-26T09:00:00Z,10.500533
2025-06-26T10:00:00Z,3.205007
2025-06-26T11:00:00Z,3.631839
2025-06-26T12:00:00Z,0.914341
2025-06-26T13:00:00Z,0.000000
2025-06-26T14:00:00Z,0.000000
2025-06-26T15:00:00Z,0.000000
2025-06-26T16:00:00Z,0.000000
2025-06-26T17:00:00Z,0.000000
2025-06-26T18:00:00Z,0.000000
2025-06-26T19:00:00Z,0.000000
2025-06-26T20:00:00Z,0.000000
2025-06-26T21:00:00Z,0.000000
2025-06-26T22:00:00Z,0.000000
2025-06-26T23:00:00Z,0.000000
2025-06-27T00:00:00Z,0.000000
2025-06-27T01:00:00Z,0.000000
2025-06-27T02:00:00Z,0.000000
2025-06-27T03:00:00Z,0.000000
2025-06-27T04:00:00Z,0.000000
2025-06-27T05:00:00Z,0.000000
2025-06-27T06:00:00Z,0.307726
2025-06-27T07:00:00Z,2.939186
2025-06-27T08:00:00Z,8.136441
2025-06-27T09:00:00Z,13.474758
2025-06-27T10:00:00Z,13.592881
2025-06-27T11:00:00Z,13.563768
2025-06-27T12:00:00Z,14.608571
2025-06-27T13:00:00Z,11.083045
2025-06-27T14:00:00Z,5.942371
2025-06-27T15:00:00Z,4.927850
2025-06-27T16:00:00Z,1.543152
2025-06-27T17:00:00Z,0.000000
2025-06-27T18:00:00Z,0.000000
2025-06-27T19:00:00Z,0.000000
2025-06-27T20:00:00Z,0.000000
2025-06-27T21:00:00Z,0.000000
2025-06-27T22:00:00Z,0.000000
2025-06-27T23:00:00Z,0.000000
2025-06-28T00:00:00Z,0.000000
2025-06-28T01:00:00Z,0.000000
2025-06-28T02:00:00Z,0.000000
2025-06-28T03:00:00Z,0.000000
2025-06-28T04:00:00Z,0.000000
2025-06-28T05:00:00Z,0.000000
2025-06-28T06:00:00Z,1.479203
2025-06-28T07:00:00Z,4.700378
2025-06-28T08:00:00Z,0.000000
2025-06-28T09:00:00Z,0.000000
2025-06-28T10:00:00Z,2.182793
2025-06-28T11:00:00Z,0.366439
2025-06-28T12:00:00Z,1.302695
2025-06-28T13:00:00Z,0.918281
2025-06-28T14:00:00Z,0.000000
2025-06-28T15:00:00Z,0.000000
2025-06-28T16:00:00Z,0.000000
2025-06-28T17:00:00Z,0.000000
2025-06-28T18:00:00Z,0.000000
2025-06-28T19:00:00Z,0.000000
2025-06-28T20:00:00Z,0.000000
2025-06-28T21:00:00Z,0.000000
2025-06-28T22:00:00Z,0.000000
2025-06-28T23:00:00Z,0.000000
2025-06-29T00:00:00Z,0.000000
2025-06-29T01:00:00Z,0.000000
2025-06-29T02:00:00Z,0.000000
2025-06-29T03:00:00Z,0.000000
2025-06-29T04:00:00Z,0.000000
2025-06-29T05:00:00Z,0.000000
2025-06-29T06:00:00Z,2.327362
2025-06-29T07:00:00Z,6.285638
2025-06-29T08:00:00Z,9.859801
2025-06-29T09:00:00Z,8.778615
2025-06-29T10:00:00Z,8.029530
2025-06-29T11:00:00Z,12.092571
2025-06-29T12:00:00Z,9.278316
2025-06-29T13:00:00Z,8.012378
2025-06-29T14:00:00Z,3.989942
2025-06-29T15:00:00Z,4.979192
2025-06-29T16:00:00Z,0.958835
2025-06-29T17:00:00Z,0.000000
2025-06-29T18:00:00Z,0.000000
2025-06-29T19:00:00Z,0.000000
2025-06-29T20:00:00Z,0.000000
2025-06-29T21:00:00Z,0.000000
2025-06-29T22:00:00Z,0.000000
2025-06-29T23:00:00Z,0.000000
2025-06-30T00:00:00Z,0.000000
2025-06-30T01:00:00Z,0.000000
2025-06-30T02:00:00Z,0.000000
2025-06-30T03:00:00Z,0.000000
2025-06-30T04:00:00Z,0.000000
2025-06-30T05:00:00Z,0.000000
2025-06-30T06:00:00Z,1.879606
2025-06-30T07:00:00Z,6.039099
2025-06-30T08:00:00Z,10.412577
2025-06-30T09:00:00Z,13.695959
2025-06-30T10:00:00Z,15.859854
2025-06-30T11:00:00Z,16.381516
2025-06-30T12:00:00Z,15.709577
2025-06-30T13:00:00Z,13.586960
2025-06-30T14:00:00Z,10.228014
2025-06-30T15:00:00Z,6.352065
2025-06-30T16:00:00Z,2.167346
2025-06-30T17:00:00Z,0.000000
2025-06-30T18:00:00Z,0.000000
2025-06-30T19:00:00Z,0.000000
2025-06-30T20:00:00Z,0.000000
2025-06-30T21:00:00Z,0.000000
2025-06-30T22:00:00Z,0.000000
2025-06-30T23:00:00Z,0.000000
2025-07-01T00:00:00Z,0.000000
2025-07-01T01:00:00Z,0.000000
2025-07-01T02:00:00Z,0.000000
2025-07-01T03:00:00Z,0.000000
2025-07-01T04:00:00Z,0.000000
2025-07-01T05:00:00Z,0.000000
2025-07-01T06:00:00Z,2.544798
2025-07-01T07:00:00Z,7.099946
2025-07-01T08:00:00Z,10.904518
2025-07-01T09:00:00Z,14.205699
2025-07-01T10:00:00Z,16.199011
2025-07-01T11:00:00Z,16.860436
2025-07-01T12:00:00Z,16.235118
2025-07-01T13:00:00Z,14.132230
2025-07-01T14:00:00Z,10.754277
2025-07-01T15:00:00Z,6.861502
2025-07-01T16:00:00Z,2.685154
2025-07-01T17:00:00Z,0.000000
2025-07-01T18:00:00Z,0.000000
2025-07-01T19:00:00Z,0.000000
2025-07-01T20:00:00Z,0.000000
2025-07-01T21:00:00Z,0.000000
2025-07-01T22:00:00Z,0.000000
2025-07-01T23:00:00Z,0.000000
2025-07-02T00:00:00Z,0.000000
2025-07-02T01:00:00Z,0.000000
2025-07-02T02:00:00Z,0.000000
2025-07-02T03:00:00Z,0.000000
2025-07-02T04:00:00Z,0.000000
2025-07-02T05:00:00Z,0.000000
2025-07-02T06:00:00Z,0.353505
2025-07-02T07:00:00Z,3.017419
2025-07-02T08:00:00Z,7.257952
2025-07-02T09:00:00Z,10.535587
2025-07-02T10:00:00Z,3.439382
2025-07-02T11:00:00Z,1.832320
2025-07-02T12:00:00Z,6.086378
2025-07-02T13:00:00Z,7.271256
2025-07-02T14:00:00Z,6.341628
2025-07-02T15:00:00Z,0.410912
2025-07-02T16:00:00Z,0.000000
2025-07-02T17:00:00Z,0.000000
2025-07-02T18:00:00Z,0.000000
2025-07-02T19:00:00Z,0.000000
2025-07-02T20:00:00Z,0.000000
2025-07-02T21:00:00Z,0.000000
2025-07-02T22:00:00Z,0.000000
2025-07-02T23:00:00Z,0.000000
2025-07-03T00:00:00Z,0.000000
2025-07-03T01:00:00Z,0.000000
2025-07-03T02:00:00Z,0.000000
2025-07-03T03:00:00Z,0.000000
2025-07-03T04:00:00Z,0.000000
2025-07-03T05:00:00Z,0.000000
2025-07-03T06:00:00Z,1.963980
2025-07-03T07:00:00Z,6.017364
2025-07-03T08:00:00Z,9.719806
2025-07-03T09:00:00Z,12.791074
2025-07-03T10:00:00Z,14.238498
2025-07-03T11:00:00Z,10.991306
2025-07-03T12:00:00Z,12.919135
2025-07-03T13:00:00Z,14.001020
2025-07-03T14:00:00Z,11.372372
2025-07-03T15:00:00Z,2.806468
2025-07-03T16:00:00Z,0.788366
2025-07-03T17:00:00Z,0.000000
2025-07-03T18:00:00Z,0.000000
2025-07-03T19:00:00Z,0.000000
2025-07-03T20:00:00Z,0.000000
2025-07-03T21:00:00Z,0.000000
2025-07-03T22:00:00Z,0.000000
2025-07-03T23:00:00Z,0.000000
2025-07-04T00:00:00Z,0.000000
2025-07-04T01:00:00Z,0.000000
2025-07-04T02:00:00Z,0.000000
2025-07-04T03:00:00Z,0.000000
2025-07-04T04:00:00Z,0.000000
2025-07-04T05:00:00Z,0.000000
2025-07-04T06:00:00Z,1.972395
2025-07-04T07:00:00Z,2.292020
2025-07-04T08:00:00Z,6.078952
2025-07-04T09:00:00Z,3.196886
2025-07-04T10:00:00Z,1.745538
2025-07-04T11:00:00Z,7.876012
2025-07-04T12:00:00Z,4.666163
2025-07-04T13:00:00Z,2.420520
2025-07-04T14:00:00Z,0.683293
2025-07-04T15:00:00Z,0.000000
2025-07-04T16:00:00Z,0.000000
2025-07-04T17:00:00Z,0.000000
2025-07-04T18:00:00Z,0.000000
2025-07-04T19:00:00Z,0.000000
2025-07-04T20:00:00Z,0.000000
2025-07-04T21:00:00Z,0.000000
2025-07-04T22:00:00Z,0.000000
2025-07-04T23:00:00Z,0.000000
2025-07-05T00:00:00Z,0.000000
2025-07-05T01:00:00Z,0.000000
2025-07-05T02:00:00Z,0.000000
2025-07-05T03:00:00Z,0.000000
2025-07-05T04:00:00Z,0.000000
2025-07-05T05:00:00Z,0.000000
2025-07-05T06:00:00Z,0.000000
2025-07-05T07:00:00Z,0.000000
2025-07-05T08:00:00Z,0.000000
2025-07-05T09:00:00Z,0.000000
2025-07-05T10:00:00Z,0.000000
2025-07-05T11:00:00Z,1.081425
2025-07-05T12:00:00Z,0.000000
2025-07-05T13:00:00Z,0.658657
2025-07-05T14:00:00Z,0.000000
2025-07-05T15:00:00Z,0.000000
2025-07-05T16:00:00Z,0.000000
2025-07-05T17:00:00Z,0.000000
2025-07-05T18:00:00Z,0.000000
2025-07-05T19:00:00Z,0.000000
2025-07-05T20:00:00Z,0.000000
2025-07-05T21:00:00Z,0.000000
2025-07-05T22:00:00Z,0.000000
2025-07-05T23:00:00Z,0.000000
2025-07-06T00:00:00Z,0.000000
2025-07-06T01:00:00Z,0.000000
2025-07-06T02:00:00Z,0.000000
2025-07-06T03:00:00Z,0.000000
2025-07-06T04:00:00Z,0.000000
2025-07-06T05:00:00Z,0.000000
2025-07-06T06:00:00Z,0.000000
2025-07-06T07:00:00Z,1.929266
2025-07-06T08:00:00Z,0.000000
2025-07-06T09:00:00Z,1.456687
2025-07-06T10:00:00Z,2.911856
2025-07-06T11:00:00Z,2.648783
2025-07-06T12:00:00Z,5.935697
2025-07-06T13:00:00Z,10.176940
2025-07-06T14:00:00Z,8.863092
2025-07-06T15:00:00Z,4.186965
2025-07-06T16:00:00Z,0.500384
2025-07-06T17:00:00Z,0.000000
2025-07-06T18:00:00Z,0.000000
2025-07-06T19:00:00Z,0.000000
2025-07-06T20:00:00Z,0.000000
2025-07-06T21:00:00Z,0.000000
2025-07-06T22:00:00Z,0.000000
2025-07-06T23:00:00Z,0.000000
2025-07-07T00:00:00Z,0.000000
2025-07-07T01:00:00Z,0.000000
2025-07-07T02:00:00Z,0.000000
2025-07-07T03:00:00Z,0.000000
2025-07-07T04:00:00Z,0.000000
2025-07-07T05:00:00Z,0.000000
2025-07-07T06:00:00Z,0.000000
2025-07-07T07:00:00Z,0.000000
2025-07-07T08:00:00Z,0.027591
2025-07-07T09:00:00Z,5.427261
2025-07-07T10:00:00Z,7.111839
2025-07-07T11:00:00Z,7.208866
2025-07-07T12:00:00Z,9.948041
2025-07-07T13:00:00Z,8.245041
2025-07-07T14:00:00Z,1.144166
2025-07-07T15:00:00Z,3.659420
2025-07-07T16:00:00Z,0.299993
2025-07-07T17:00:00Z,0.000000
2025-07-07T18:00:00Z,0.000000
2025-07-07T19:00:00Z,0.000000
2025-07-07T20:00:00Z,0.000000
2025-07-07T21:00:00Z,0.000000
2025-07-07T22:00:00Z,0.000000
2025-07-07T23:00:00Z,0.000000
2025-07-08T00:00:00Z,0.000000
2025-07-08T01:00:00Z,0.000000
2025-07-08T02:00:00Z,0.000000
2025-07-08T03:00:00Z,0.000000
2025-07-08T04:00:00Z,0.000000
2025-07-08T05:00:00Z,0.000000
2025-07-08T06:00:00Z,1.060177
2025-07-08T07:00:00Z,3.512115
2025-07-08T08:00:00Z,4.374422
2025-07-08T09:00:00Z,0.519165
2025-07-08T10:00:00Z,0.470241
2025-07-08T11:00:00Z,9.555659
2025-07-08T12:00:00Z,1.418338
2025-07-08T13:00:00Z,0.842082
2025-07-08T14:00:00Z,0.000000
2025-07-08T15:00:00Z,2.606152
2025-07-08T16:00:00Z,0.000000
2025-07-08T17:00:00Z,0.000000
2025-07-08T18:00:00Z,0.000000
2025-07-08T19:00:00Z,0.000000
2025-07-08T20:00:00Z,0.000000
2025-07-08T21:00:00Z,0.000000
2025-07-08T22:00:00Z,0.000000
2025-07-08T23:00:00Z,0.000000
2025-07-09T00:00:00Z,0.000000
2025-07-09T01:00:00Z,0.000000
2025-07-09T02:00:00Z,0.000000
2025-07-09T03:00:00Z,0.000000
2025-07-09T04:00:00Z,0.000000
2025-07-09T05:00:00Z,0.000000
2025-07-09T06:00:00Z,0.000000
2025-07-09T07:00:00Z,0.000000
2025-07-09T08:00:00Z,0.789951
2025-07-09T09:00:00Z,2.976351
2025-07-09T10:00:00Z,2.658723
2025-07-09T11:00:00Z,3.526487
2025-07-09T12:00:00Z,5.588903
2025-07-09T13:00:00Z,5.109569
2025-07-09T14:00:00Z,3.327151
2025-07-09T15:00:00Z,1.203544
2025-07-09T16:00:00Z,0.000000
2025-07-09T17:00:00Z,0.000000
2025-07-09T18:00:00Z,0.000000
2025-07-09T19:00:00Z,0.000000
2025-07-09T20:00:00Z,0.000000
2025-07-09T21:00:00Z,0.000000
2025-07-09T22:00:00Z,0.000000
2025-07-09T23:00:00Z,0.000000
2025-07-10T00:00:00Z,0.000000
2025-07-10T01:00:00Z,0.000000
2025-07-10T02:00:00Z,0.000000
2025-07-10T03:00:00Z,0.000000
2025-07-10T04:00:00Z,0.000000
2025-07-10T05:00:00Z,0.000000
2025-07-10T06:00:00Z,0.000000
2025-07-10T07:00:00Z,2.629852
2025-07-10T08:00:00Z,1.510845
2025-07-10T09:00:00Z,2.170391
2025-07-10T10:00:00Z,7.258793
2025-07-10T11:00:00Z,11.026755
2025-07-10T12:00:00Z,6.078070
2025-07-10T13:00:00Z,11.132773
2025-07-10T14:00:00Z,8.108534
2025-07-10T15:00:00Z,4.463830
2025-07-10T16:00:00Z,1.990155
2025-07-10T17:00:00Z,0.000000
2025-07-10T18:00:00Z,0.000000
2025-07-10T19:00:00Z,0.000000
2025-07-10T20:00:00Z,0.000000
2025-07-10T21:00:00Z,0.000000
2025-07-10T22:00:00Z,0.000000
2025-07-10T23:00:00Z,0.000000
2025-07-11T00:00:00Z,0.000000
2025-07-11T01:00:00Z,0.000000
2025-07-11T02:00:00Z,0.000000
2025-07-11T03:00:00Z,0.000000
2025-07-11T04:00:00Z,0.000000
2025-07-11T05:00:00Z,0.000000
2025-07-11T06:00:00Z,0.000000
2025-07-11T07:00:00Z,6.338369
2025-07-11T08:00:00Z,11.000472
2025-07-11T09:00:00Z,14.304122
2025-07-11T10:00:00Z,16.432686
2025-07-11T11:00:00Z,17.017958
2025-07-11T12:00:00Z,15.766626
2025-07-11T13:00:00Z,14.369120
2025-07-11T14:00:00Z,11.037794
2025-07-11T15:00:00Z,7.117995
2025-07-11T16:00:00Z,2.848294
2025-07-11T17:00:00Z,0.000000
2025-07-11T18:00:00Z,0.000000
2025-07-11T19:00:00Z,0.000000
2025-07-11T20:00:00Z,0.000000
2025-07-11T21:00:00Z,0.000000
2025-07-11T22:00:00Z,0.000000
2025-07-11T23:00:00Z,0.000000
2025-07-12T00:00:00Z,0.000000
2025-07-12T01:00:00Z,0.000000
2025-07-12T02:00:00Z,0.000000
2025-07-12T03:00:00Z,0.000000
2025-07-12T04:00:00Z,0.000000
2025-07-12T05:00:00Z,0.000000
2025-07-12T06:00:00Z,2.192106
2025-07-12T07:00:00Z,5.890176
2025-07-12T08:00:00Z,6.514707
2025-07-12T09:00:00Z,1.619889
2025-07-12T10:00:00Z,0.793937
2025-07-12T11:00:00Z,10.571797
2025-07-12T12:00:00Z,11.327463
2025-07-12T13:00:00Z,9.317862
2025-07-12T14:00:00Z,2.737899
2025-07-12T15:00:00Z,0.644778
2025-07-12T16:00:00Z,0.154202
2025-07-12T17:00:00Z,0.000000
2025-07-12T18:00:00Z,0.000000
2025-07-12T19:00:00Z,0.000000
2025-07-12T20:00:00Z,0.000000
2025-07-12T21:00:00Z,0.000000
2025-07-12T22:00:00Z,0.000000
2025-07-12T23:00:00Z,0.000000
2025-07-13T00:00:00Z,0.000000
2025-07-13T01:00:00Z,0.000000
2025-07-13T02:00:00Z,0.000000
2025-07-13T03:00:00Z,0.000000
2025-07-13T04:00:00Z,0.000000
2025-07-13T05:00:00Z,0.000000
2025-07-13T06:00:00Z,0.000000
2025-07-13T07:00:00Z,0.000000
2025-07-13T08:00:00Z,0.000000
2025-07-13T09:00:00Z,0.000000
2025-07-13T10:00:00Z,0.000000
2025-07-13T11:00:00Z,1.634024
2025-07-13T12:00:00Z,2.200256
2025-07-13T13:00:00Z,3.108886
2025-07-13T14:00:00Z,0.444785
2025-07-13T15:00:00Z,0.033449
2025-07-13T16:00:00Z,1.598621
2025-07-13T17:00:00Z,0.000000
2025-07-13T18:00:00Z,0.000000
2025-07-13T19:00:00Z,0.000000
2025-07-13T20:00:00Z,0.000000
2025-07-13T21:00:00Z,0.000000
2025-07-13T22:00:00Z,0.000000
2025-07-13T23:00:00Z,0.000000
2025-07-14T00:00:00Z,0.000000
2025-07-14T01:00:00Z,0.000000
2025-07-14T02:00:00Z,0.000000
2025-07-14T03:00:00Z,0.000000
2025-07-14T04:00:00Z,0.000000
2025-07-14T05:00:00Z,0.000000
2025-07-14T06:00:00Z,1.723950
2025-07-14T07:00:00Z,6.638231
2025-07-14T08:00:00Z,3.734893
2025-07-14T09:00:00Z,9.950215
2025-07-14T10:00:00Z,9.972011
2025-07-14T11:00:00Z,13.279076
2025-07-14T12:00:00Z,17.970970
2025-07-14T13:00:00Z,13.000243
2025-07-14T14:00:00Z,11.321168
2025-07-14T15:00:00Z,4.820821
2025-07-14T16:00:00Z,0.000000
2025-07-14T17:00:00Z,0.000000
2025-07-14T18:00:00Z,0.000000
2025-07-14T19:00:00Z,0.000000
2025-07-14T20:00:00Z,0.000000
2025-07-14T21:00:00Z,0.000000
2025-07-14T22:00:00Z,0.000000
2025-07-14T23:00:00Z,0.000000
2025-07-15T00:00:00Z,0.000000
2025-07-15T01:00:00Z,0.000000
2025-07-15T02:00:00Z,0.000000
2025-07-15T03:00:00Z,0.000000
2025-07-15T04:00:00Z,0.000000
2025-07-15T05:00:00Z,0.000000
2025-07-15T06:00:00Z,1.287891
2025-07-15T07:00:00Z,0.825527
2025-07-15T08:00:00Z,6.475957
2025-07-15T09:00:00Z,3.503094
2025-07-15T10:00:00Z,0.124411
2025-07-15T11:00:00Z,0.000000
2025-07-15T12:00:00Z,0.309101
2025-07-15T13:00:00Z,0.138668
2025-07-15T14:00:00Z,0.000000
2025-07-15T15:00:00Z,0.000000
2025-07-15T16:00:00Z,0.000000
2025-07-15T17:00:00Z,0.000000
2025-07-15T18:00:00Z,0.000000
2025-07-15T19:00:00Z,0.000000
2025-07-15T20:00:00Z,0.000000
2025-07-15T21:00:00Z,0.000000
2025-07-15T22:00:00Z,0.000000
2025-07-15T23:00:00Z,0.000000
2025-07-16T00:00:00Z,0.000000
2025-07-16T01:00:00Z,0.000000
2025-07-16T02:00:00Z,0.000000
2025-07-16T03:00:00Z,0.000000
2025-07-16T04:00:00Z,0.000000
2025-07-16T05:00:00Z,0.000000
2025-07-16T06:00:00Z,0.000000
2025-07-16T07:00:00Z,0.000000
2025-07-16T08:00:00Z,0.000000
2025-07-16T09:00:00Z,0.000000
2025-07-16T10:00:00Z,0.000000
2025-07-16T11:00:00Z,0.000000
2025-07-16T12:00:00Z,0.000000
2025-07-16T13:00:00Z,0.000000
2025-07-16T14:00:00Z,0.774484
2025-07-16T15:00:00Z,0.000000
2025-07-16T16:00:00Z,0.000000
2025-07-16T17:00:00Z,0.000000
2025-07-16T18:00:00Z,0.000000
2025-07-16T19:00:00Z,0.000000
2025-07-16T20:00:00Z,0.000000
2025-07-16T21:00:00Z,0.000000
2025-07-16T22:00:00Z,0.000000
2025-07-16T23:00:00Z,0.000000
2025-07-17T00:00:00Z,0.000000
2025-07-17T01:00:00Z,0.000000
2025-07-17T02:00:00Z,0.000000
2025-07-17T03:00:00Z,0.000000
2025-07-17T04:00:00Z,0.000000
2025-07-17T05:00:00Z,0.000000
2025-07-17T06:00:00Z,1.748786
2025-07-17T07:00:00Z,1.976133
2025-07-17T08:00:00Z,6.609263
2025-07-17T09:00:00Z,12.424124
2025-07-17T10:00:00Z,15.427954
2025-07-17T11:00:00Z,16.502891
2025-07-17T12:00:00Z,15.447008
2025-07-17T13:00:00Z,11.428083
2025-07-17T14:00:00Z,8.067637
2025-07-17T15:00:00Z,6.333803
2025-07-17T16:00:00Z,2.425715
2025-07-17T17:00:00Z,0.000000
2025-07-17T18:00:00Z,0.000000
2025-07-17T19:00:00Z,0.000000
2025-07-17T20:00:00Z,0.000000
2025-07-17T21:00:00Z,0.000000
2025-07-17T22:00:00Z,0.000000
2025-07-17T23:00:00Z,0.000000
2025-07-18T00:00:00Z,0.000000
2025-07-18T01:00:00Z,0.000000
2025-07-18T02:00:00Z,0.000000
2025-07-18T03:00:00Z,0.000000
2025-07-18T04:00:00Z,0.000000
2025-07-18T05:00:00Z,0.000000
2025-07-18T06:00:00Z,2.209030
2025-07-18T07:00:00Z,6.502818
2025-07-18T08:00:00Z,10.652395
2025-07-18T09:00:00Z,15.151206
2025-07-18T10:00:00Z,7.408074
2025-07-18T11:00:00Z,12.672247
2025-07-18T12:00:00Z,1.016554
2025-07-18T13:00:00Z,7.085745
2025-07-18T14:00:00Z,8.404479
2025-07-18T15:00:00Z,0.000000
2025-07-18T16:00:00Z,0.000000
2025-07-18T17:00:00Z,0.000000
2025-07-18T18:00:00Z,0.000000
2025-07-18T19:00:00Z,0.000000
2025-07-18T20:00:00Z,0.000000
2025-07-18T21:00:00Z,0.000000
2025-07-18T22:00:00Z,0.000000
2025-07-18T23:00:00Z,0.000000
2025-07-19T00:00:00Z,0.000000
2025-07-19T01:00:00Z,0.000000
2025-07-19T02:00:00Z,0.000000
2025-07-19T03:00:00Z,0.000000
2025-07-19T04:00:00Z,0.000000
2025-07-19T05:00:00Z,0.000000
2025-07-19T06:00:00Z,0.123082
2025-07-19T07:00:00Z,5.355189
2025-07-19T08:00:00Z,10.347037
2025-07-19T09:00:00Z,11.537944
2025-07-19T10:00:00Z,10.793985
2025-07-19T11:00:00Z,15.344745
2025-07-19T12:00:00Z,18.039276
2025-07-19T13:00:00Z,15.205031
2025-07-19T14:00:00Z,12.567039
2025-07-19T15:00:00Z,3.837686
2025-07-19T16:00:00Z,2.608980
2025-07-19T17:00:00Z,0.000000
2025-07-19T18:00:00Z,0.000000
2025-07-19T19:00:00Z,0.000000
2025-07-19T20:00:00Z,0.000000
2025-07-19T21:00:00Z,0.000000
2025-07-19T22:00:00Z,0.000000
2025-07-19T23:00:00Z,0.000000
2025-07-20T00:00:00Z,0.000000
2025-07-20T01:00:00Z,0.000000
2025-07-20T02:00:00Z,0.000000
2025-07-20T03:00:00Z,0.000000
2025-07-20T04:00:00Z,0.000000
2025-07-20T05:00:00Z,0.000000
2025-07-20T06:00:00Z,1.889525
2025-07-20T07:00:00Z,4.033004
2025-07-20T08:00:00Z,4.080415
2025-07-20T09:00:00Z,7.451524
2025-07-20T10:00:00Z,16.031821
2025-07-20T11:00:00Z,16.579766
2025-07-20T12:00:00Z,13.737070
2025-07-20T13:00:00Z,12.784450
2025-07-20T14:00:00Z,9.935640
2025-07-20T15:00:00Z,2.330366
2025-07-20T16:00:00Z,0.000000
2025-07-20T17:00:00Z,0.000000
2025-07-20T18:00:00Z,0.000000
2025-07-20T19:00:00Z,0.000000
2025-07-20T20:00:00Z,0.000000
2025-07-20T21:00:00Z,0.000000
2025-07-20T22:00:00Z,0.000000
2025-07-20T23:00:00Z,0.000000
2025-07-21T00:00:00Z,0.000000
2025-07-21T01:00:00Z,0.000000
2025-07-21T02:00:00Z,0.000000
2025-07-21T03:00:00Z,0.000000
2025-07-21T04:00:00Z,0.000000
2025-07-21T05:00:00Z,0.000000
2025-07-21T06:00:00Z,0.000000
2025-07-21T07:00:00Z,0.000000
2025-07-21T08:00:00Z,0.965538
2025-07-21T09:00:00Z,1.595522
2025-07-21T10:00:00Z,0.000000
2025-07-21T11:00:00Z,0.000000
2025-07-21T12:00:00Z,0.144153
2025-07-21T13:00:00Z,0.000000
2025-07-21T14:00:00Z,0.000000
2025-07-21T15:00:00Z,0.000000
2025-07-21T16:00:00Z,0.000000
2025-07-21T17:00:00Z,0.000000
2025-07-21T18:00:00Z,0.000000
2025-07-21T19:00:00Z,0.000000
2025-07-21T20:00:00Z,0.000000
2025-07-21T21:00:00Z,0.000000
2025-07-21T22:00:00Z,0.000000
2025-07-21T23:00:00Z,0.000000
2025-07-22T00:00:00Z,0.000000
2025-07-22T01:00:00Z,0.000000
2025-07-22T02:00:00Z,0.000000
2025-07-22T03:00:00Z,0.000000
2025-07-22T04:00:00Z,0.000000
2025-07-22T05:00:00Z,0.000000
2025-07-22T06:00:00Z,0.000000
2025-07-22T07:00:00Z,0.000000
2025-07-22T08:00:00Z,0.000000
2025-07-22T09:00:00Z,0.000000
2025-07-22T10:00:00Z,0.000000
2025-07-22T11:00:00Z,0.000000
2025-07-22T12:00:00Z,0.000000
2025-07-22T13:00:00Z,0.353789
2025-07-22T14:00:00Z,1.474337
2025-07-22T15:00:00Z,0.000000
2025-07-22T16:00:00Z,0.000000
2025-07-22T17:00:00Z,0.000000
2025-07-22T18:00:00Z,0.000000
2025-07-22T19:00:00Z,0.000000
2025-07-22T20:00:00Z,0.000000
2025-07-22T21:00:00Z,0.000000
2025-07-22T22:00:00Z,0.000000
2025-07-22T23:00:00Z,0.000000
2025-07-23T00:00:00Z,0.000000
2025-07-23T01:00:00Z,0.000000
2025-07-23T02:00:00Z,0.000000
2025-07-23T03:00:00Z,0.000000
2025-07-23T04:00:00Z,0.000000
2025-07-23T05:00:00Z,0.000000
2025-07-23T06:00:00Z,0.000000
2025-07-23T07:00:00Z,2.570962
2025-07-23T08:00:00Z,3.012841
2025-07-23T09:00:00Z,6.583100
2025-07-23T10:00:00Z,10.925026
2025-07-23T11:00:00Z,13.880490
2025-07-23T12:00:00Z,10.623684
2025-07-23T13:00:00Z,8.983023
2025-07-23T14:00:00Z,8.246961
2025-07-23T15:00:00Z,6.754336
2025-07-23T16:00:00Z,0.978500
2025-07-23T17:00:00Z,0.000000
2025-07-23T18:00:00Z,0.000000
2025-07-23T19:00:00Z,0.000000
2025-07-23T20:00:00Z,0.000000
2025-07-23T21:00:00Z,0.000000
2025-07-23T22:00:00Z,0.000000
2025-07-23T23:00:00Z,0.000000
2025-07-24T00:00:00Z,0.000000
2025-07-24T01:00:00Z,0.000000
2025-07-24T02:00:00Z,0.000000
2025-07-24T03:00:00Z,0.000000
2025-07-24T04:00:00Z,0.000000
2025-07-24T05:00:00Z,0.000000
2025-07-24T06:00:00Z,0.000000
2025-07-24T07:00:00Z,0.845718
2025-07-24T08:00:00Z,5.733631
2025-07-24T09:00:00Z,9.424227
2025-07-24T10:00:00Z,8.710592
2025-07-24T11:00:00Z,10.925818
2025-07-24T12:00:00Z,2.397241
2025-07-24T13:00:00Z,1.901622
2025-07-24T14:00:00Z,0.000000
2025-07-24T15:00:00Z,0.000000
2025-07-24T16:00:00Z,0.868783
2025-07-24T17:00:00Z,0.000000
2025-07-24T18:00:00Z,0.000000
2025-07-24T19:00:00Z,0.000000
2025-07-24T20:00:00Z,0.000000
2025-07-24T21:00:00Z,0.000000
2025-07-24T22:00:00Z,0.000000
2025-07-24T23:00:00Z,0.000000
2025-07-25T00:00:00Z,0.000000
2025-07-25T01:00:00Z,0.000000
2025-07-25T02:00:00Z,0.000000
2025-07-25T03:00:00Z,0.000000
2025-07-25T04:00:00Z,0.000000
2025-07-25T05:00:00Z,0.000000
2025-07-25T06:00:00Z,0.000000
2025-07-25T07:00:00Z,0.000000
2025-07-25T08:00:00Z,0.000000
2025-07-25T09:00:00Z,0.000000
2025-07-25T10:00:00Z,0.000000
2025-07-25T11:00:00Z,0.938828
2025-07-25T12:00:00Z,1.947678
2025-07-25T13:00:00Z,2.234436
2025-07-25T14:00:00Z,0.199370
2025-07-25T15:00:00Z,0.000000
2025-07-25T16:00:00Z,0.000000
2025-07-25T17:00:00Z,0.000000
2025-07-25T18:00:00Z,0.000000
2025-07-25T19:00:00Z,0.000000
2025-07-25T20:00:00Z,0.000000
2025-07-25T21:00:00Z,0.000000
2025-07-25T22:00:00Z,0.000000
2025-07-25T23:00:00Z,0.000000
2025-07-26T00:00:00Z,0.000000
2025-07-26T01:00:00Z,0.000000
2025-07-26T02:00:00Z,0.000000
2025-07-26T03:00:00Z,0.000000
2025-07-26T04:00:00Z,0.000000
2025-07-26T05:00:00Z,0.000000
2025-07-26T06:00:00Z,0.000000
2025-07-26T07:00:00Z,0.000000
2025-07-26T08:00:00Z,2.416804
2025-07-26T09:00:00Z,0.948842
2025-07-26T10:00:00Z,1.068911
2025-07-26T11:00:00Z,0.669753
2025-07-26T12:00:00Z,0.860131
2025-07-26T13:00:00Z,1.260842
2025-07-26T14:00:00Z,1.016323
2025-07-26T15:00:00Z,0.000000
2025-07-26T16:00:00Z,0.417192
2025-07-26T17:00:00Z,0.000000
2025-07-26T18:00:00Z,0.000000
2025-07-26T19:00:00Z,0.000000
2025-07-26T20:00:00Z,0.000000
2025-07-26T21:00:00Z,0.000000
2025-07-26T22:00:00Z,0.000000
2025-07-26T23:00:00Z,0.000000
2025-07-27T00:00:00Z,0.000000
2025-07-27T01:00:00Z,0.000000
2025-07-27T02:00:00Z,0.000000
2025-07-27T03:00:00Z,0.000000
2025-07-27T04:00:00Z,0.000000
2025-07-27T05:00:00Z,0.000000
2025-07-27T06:00:00Z,0.000000
2025-07-27T07:00:00Z,0.000000
2025-07-27T08:00:00Z,3.996929
2025-07-27T09:00:00Z,5.273438
2025-07-27T10:00:00Z,7.833828
2025-07-27T11:00:00Z,8.345025
2025-07-27T12:00:00Z,15.304076
2025-07-27T13:00:00Z,13.373531
2025-07-27T14:00:00Z,9.742609
2025-07-27T15:00:00Z,2.747332
2025-07-27T16:00:00Z,0.595296
2025-07-27T17:00:00Z,0.000000
2025-07-27T18:00:00Z,0.000000
2025-07-27T19:00:00Z,0.000000
2025-07-27T20:00:00Z,0.000000
2025-07-27T21:00:00Z,0.000000
2025-07-27T22:00:00Z,0.000000
2025-07-27T23:00:00Z,0.000000
2025-07-28T00:00:00Z,0.000000
2025-07-28T01:00:00Z,0.000000
2025-07-28T02:00:00Z,0.000000
2025-07-28T03:00:00Z,0.000000
2025-07-28T04:00:00Z,0.000000
2025-07-28T05:00:00Z,0.000000
2025-07-28T06:00:00Z,0.730943
2025-07-28T07:00:00Z,2.448992
2025-07-28T08:00:00Z,4.980726
2025-07-28T09:00:00Z,9.950880
2025-07-28T10:00:00Z,10.594731
2025-07-28T11:00:00Z,12.849903
2025-07-28T12:00:00Z,14.869553
2025-07-28T13:00:00Z,12.417034
2025-07-28T14:00:00Z,10.843375
2025-07-28T15:00:00Z,5.904655
2025-07-28T16:00:00Z,1.881294
2025-07-28T17:00:00Z,0.000000
2025-07-28T18:00:00Z,0.000000
2025-07-28T19:00:00Z,0.000000
2025-07-28T20:00:00Z,0.000000
2025-07-28T21:00:00Z,0.000000
2025-07-28T22:00:00Z,0.000000
2025-07-28T23:00:00Z,0.000000
2025-07-29T00:00:00Z,0.000000
2025-07-29T01:00:00Z,0.000000
2025-07-29T02:00:00Z,0.000000
2025-07-29T03:00:00Z,0.000000
2025-07-29T04:00:00Z,0.000000
2025-07-29T05:00:00Z,0.000000
2025-07-29T06:00:00Z,1.223946
2025-07-29T07:00:00Z,5.374386
2025-07-29T08:00:00Z,7.934845
2025-07-29T09:00:00Z,11.613123
2025-07-29T10:00:00Z,9.361781
2025-07-29T11:00:00Z,8.710860
2025-07-29T12:00:00Z,11.057738
2025-07-29T13:00:00Z,2.853071
2025-07-29T14:00:00Z,2.439591
2025-07-29T15:00:00Z,3.347337
2025-07-29T16:00:00Z,0.843493
2025-07-29T17:00:00Z,0.000000
2025-07-29T18:00:00Z,0.000000
2025-07-29T19:00:00Z,0.000000
2025-07-29T20:00:00Z,0.000000
2025-07-29T21:00:00Z,0.000000
2025-07-29T22:00:00Z,0.000000
2025-07-29T23:00:00Z,0.000000
2025-07-30T00:00:00Z,0.000000
2025-07-30T01:00:00Z,0.000000
2025-07-30T02:00:00Z,0.000000
2025-07-30T03:00:00Z,0.000000
2025-07-30T04:00:00Z,0.000000
2025-07-30T05:00:00Z,0.000000
2025-07-30T06:00:00Z,1.063268
2025-07-30T07:00:00Z,3.641086
2025-07-30T08:00:00Z,9.232900
2025-07-30T09:00:00Z,8.863071
2025-07-30T10:00:00Z,13.091620
2025-07-30T11:00:00Z,8.526118
2025-07-30T12:00:00Z,0.000000
2025-07-30T13:00:00Z,0.000000
2025-07-30T14:00:00Z,6.919035
2025-07-30T15:00:00Z,5.363051
2025-07-30T16:00:00Z,0.000000
2025-07-30T17:00:00Z,0.000000
2025-07-30T18:00:00Z,0.000000
2025-07-30T19:00:00Z,0.000000
2025-07-30T20:00:00Z,0.000000
2025-07-30T21:00:00Z,0.000000
2025-07-30T22:00:00Z,0.000000
2025-07-30T23:00:00Z,0.000000
2025-07-31T00:00:00Z,0.000000
2025-07-31T01:00:00Z,0.000000
2025-07-31T02:00:00Z,0.000000
2025-07-31T03:00:00Z,0.000000
2025-07-31T04:00:00Z,0.000000
2025-07-31T05:00:00Z,0.000000
2025-07-31T06:00:00Z,0.000000
2025-07-31T07:00:00Z,2.621702
2025-07-31T08:00:00Z,4.166880
2025-07-31T09:00:00Z,11.097857
2025-07-31T10:00:00Z,10.473055
2025-07-31T11:00:00Z,8.014192
2025-07-31T12:00:00Z,11.597155
2025-07-31T13:00:00Z,1.055673
2025-07-31T14:00:00Z,0.704482
2025-07-31T15:00:00Z,1.486174
2025-07-31T16:00:00Z,0.000000
2025-07-31T17:00:00Z,0.000000
2025-07-31T18:00:00Z,0.000000
2025-07-31T19:00:00Z,0.000000
2025-07-31T20:00:00Z,0.000000
2025-07-31T21:00:00Z,0.000000
2025-07-31T22:00:00Z,0.000000
2025-07-31T23:00:00Z,0.000000
2025-08-01T00:00:00Z,0.000000
2025-08-01T01:00:00Z,0.000000
2025-08-01T02:00:00Z,0.000000
2025-08-01T03:00:00Z,0.000000
2025-08-01T04:00:00Z,0.000000
2025-08-01T05:00:00Z,0.000000
2025-08-01T06:00:00Z,0.000000
2025-08-01T07:00:00Z,0.921222
2025-08-01T08:00:00Z,6.478455
2025-08-01T09:00:00Z,10.534534
2025-08-01T10:00:00Z,12.974076
2025-08-01T11:00:00Z,0.000000
2025-08-01T12:00:00Z,0.000000
2025-08-01T13:00:00Z,0.000000
2025-08-01T14:00:00Z,0.622541
2025-08-01T15:00:00Z,0.000000
2025-08-01T16:00:00Z,0.000000
2025-08-01T17:00:00Z,0.000000
2025-08-01T18:00:00Z,0.000000
2025-08-01T19:00:00Z,0.000000
2025-08-01T20:00:00Z,0.000000
2025-08-01T21:00:00Z,0.000000
2025-08-01T22:00:00Z,0.000000
2025-08-01T23:00:00Z,0.000000
2025-08-02T00:00:00Z,0.000000
2025-08-02T01:00:00Z,0.000000
2025-08-02T02:00:00Z,0.000000
2025-08-02T03:00:00Z,0.000000
2025-08-02T04:00:00Z,0.000000
2025-08-02T05:00:00Z,0.000000
2025-08-02T06:00:00Z,0.000000
2025-08-02T07:00:00Z,0.684014
2025-08-02T08:00:00Z,7.919277
2025-08-02T09:00:00Z,8.895762
2025-08-02T10:00:00Z,9.796960
2025-08-02T11:00:00Z,3.242564
2025-08-02T12:00:00Z,4.470426
2025-08-02T13:00:00Z,1.588946
2025-08-02T14:00:00Z,0.000000
2025-08-02T15:00:00Z,0.000000
2025-08-02T16:00:00Z,0.000000
2025-08-02T17:00:00Z,0.000000
2025-08-02T18:00:00Z,0.000000
2025-08-02T19:00:00Z,0.000000
2025-08-02T20:00:00Z,0.000000
2025-08-02T21:00:00Z,0.000000
2025-08-02T22:00:00Z,0.000000
2025-08-02T23:00:00Z,0.000000
2025-08-03T00:00:00Z,0.000000
2025-08-03T01:00:00Z,0.000000
2025-08-03T02:00:00Z,0.000000
2025-08-03T03:00:00Z,0.000000
2025-08-03T04:00:00Z,0.000000
2025-08-03T05:00:00Z,0.000000
2025-08-03T06:00:00Z,0.000000
2025-08-03T07:00:00Z,1.582650
2025-08-03T08:00:00Z,7.172261
2025-08-03T09:00:00Z,5.140607
2025-08-03T10:00:00Z,5.945321
2025-08-03T11:00:00Z,6.102651
2025-08-03T12:00:00Z,3.469980
2025-08-03T13:00:00Z,1.300276
2025-08-03T14:00:00Z,0.000000
2025-08-03T15:00:00Z,0.000000
2025-08-03T16:00:00Z,0.000000
2025-08-03T17:00:00Z,0.000000
2025-08-03T18:00:00Z,0.000000
2025-08-03T19:00:00Z,0.000000
2025-08-03T20:00:00Z,0.000000
2025-08-03T21:00:00Z,0.000000
2025-08-03T22:00:00Z,0.000000
2025-08-03T23:00:00Z,0.000000
2025-08-04T00:00:00Z,0.000000
2025-08-04T01:00:00Z,0.000000
2025-08-04T02:00:00Z,0.000000
2025-08-04T03:00:00Z,0.000000
2025-08-04T04:00:00Z,0.000000
2025-08-04T05:00:00Z,0.000000
2025-08-04T06:00:00Z,0.000000
2025-08-04T07:00:00Z,3.865140
2025-08-04T08:00:00Z,3.308691
2025-08-04T09:00:00Z,10.506014
2025-08-04T10:00:00Z,14.855529
2025-08-04T11:00:00Z,8.823941
2025-08-04T12:00:00Z,3.239123
2025-08-04T13:00:00Z,0.171793
2025-08-04T14:00:00Z,0.000000
2025-08-04T15:00:00Z,0.000000
2025-08-04T16:00:00Z,0.000000
2025-08-04T17:00:00Z,0.000000
2025-08-04T18:00:00Z,0.000000
2025-08-04T19:00:00Z,0.000000
2025-08-04T20:00:00Z,0.000000
2025-08-04T21:00:00Z,0.000000
2025-08-04T22:00:00Z,0.000000
2025-08-04T23:00:00Z,0.000000
2025-08-05T00:00:00Z,0.000000
2025-08-05T01:00:00Z,0.000000
2025-08-05T02:00:00Z,0.000000
2025-08-05T03:00:00Z,0.000000
2025-08-05T04:00:00Z,0.000000
2025-08-05T05:00:00Z,0.000000
2025-08-05T06:00:00Z,1.352956
2025-08-05T07:00:00Z,1.634209
2025-08-05T08:00:00Z,6.255619
2025-08-05T09:00:00Z,2.431621
2025-08-05T10:00:00Z,10.504999
2025-08-05T11:00:00Z,13.353352
2025-08-05T12:00:00Z,8.671337
2025-08-05T13:00:00Z,7.199268
2025-08-05T14:00:00Z,7.203859
2025-08-05T15:00:00Z,0.755500
2025-08-05T16:00:00Z,0.405329
2025-08-05T17:00:00Z,0.000000
2025-08-05T18:00:00Z,0.000000
2025-08-05T19:00:00Z,0.000000
2025-08-05T20:00:00Z,0.000000
2025-08-05T21:00:00Z,0.000000
2025-08-05T22:00:00Z,0.000000
2025-08-05T23:00:00Z,0.000000
2025-08-06T00:00:00Z,0.000000
2025-08-06T01:00:00Z,0.000000
2025-08-06T02:00:00Z,0.000000
2025-08-06T03:00:00Z,0.000000
2025-08-06T04:00:00Z,0.000000
2025-08-06T05:00:00Z,0.000000
2025-08-06T06:00:00Z,1.223288
2025-08-06T07:00:00Z,4.373937
2025-08-06T08:00:00Z,4.173122
2025-08-06T09:00:00Z,2.534498
2025-08-06T10:00:00Z,0.682916
2025-08-06T11:00:00Z,5.059845
2025-08-06T12:00:00Z,6.588933
2025-08-06T13:00:00Z,4.331088
2025-08-06T14:00:00Z,4.582177
2025-08-06T15:00:00Z,3.328007
2025-08-06T16:00:00Z,0.658334
2025-08-06T17:00:00Z,0.000000
2025-08-06T18:00:00Z,0.000000
2025-08-06T19:00:00Z,0.000000
2025-08-06T20:00:00Z,0.000000
2025-08-06T21:00:00Z,0.000000
2025-08-06T22:00:00Z,0.000000
2025-08-06T23:00:00Z,0.000000
2025-08-07T00:00:00Z,0.000000
2025-08-07T01:00:00Z,0.000000
2025-08-07T02:00:00Z,0.000000
2025-08-07T03:00:00Z,0.000000
2025-08-07T04:00:00Z,0.000000
2025-08-07T05:00:00Z,0.000000
2025-08-07T06:00:00Z,0.000000
2025-08-07T07:00:00Z,0.000000
2025-08-07T08:00:00Z,0.393006
2025-08-07T09:00:00Z,9.381727
2025-08-07T10:00:00Z,4.811450
2025-08-07T11:00:00Z,3.895619
2025-08-07T12:00:00Z,5.490550
2025-08-07T13:00:00Z,3.193784
2025-08-07T14:00:00Z,1.828307
2025-08-07T15:00:00Z,0.999134
2025-08-07T16:00:00Z,0.171285
2025-08-07T17:00:00Z,0.000000
2025-08-07T18:00:00Z,0.000000
2025-08-07T19:00:00Z,0.000000
2025-08-07T20:00:00Z,0.000000
2025-08-07T21:00:00Z,0.000000
2025-08-07T22:00:00Z,0.000000
2025-08-07T23:00:00Z,0.000000
2025-08-08T00:00:00Z,0.000000
2025-08-08T01:00:00Z,0.000000
2025-08-08T02:00:00Z,0.000000
2025-08-08T03:00:00Z,0.000000
2025-08-08T04:00:00Z,0.000000
2025-08-08T05:00:00Z,0.000000
2025-08-08T06:00:00Z,1.126992
2025-08-08T07:00:00Z,0.000000
2025-08-08T08:00:00Z,0.000000
2025-08-08T09:00:00Z,0.892341
2025-08-08T10:00:00Z,5.666694
2025-08-08T11:00:00Z,9.252455
2025-08-08T12:00:00Z,5.914503
2025-08-08T13:00:00Z,6.144334
2025-08-08T14:00:00Z,10.280897
2025-08-08T15:00:00Z,5.439412
2025-08-08T16:00:00Z,1.460853
2025-08-08T17:00:00Z,0.000000
2025-08-08T18:00:00Z,0.000000
2025-08-08T19:00:00Z,0.000000
2025-08-08T20:00:00Z,0.000000
2025-08-08T21:00:00Z,0.000000
2025-08-08T22:00:00Z,0.000000
2025-08-08T23:00:00Z,0.000000
2025-08-09T00:00:00Z,0.000000
2025-08-09T01:00:00Z,0.000000
2025-08-09T02:00:00Z,0.000000
2025-08-09T03:00:00Z,0.000000
2025-08-09T04:00:00Z,0.000000
2025-08-09T05:00:00Z,0.000000
2025-08-09T06:00:00Z,1.211764
2025-08-09T07:00:00Z,5.913512
2025-08-09T08:00:00Z,4.659224
2025-08-09T09:00:00Z,10.883311
2025-08-09T10:00:00Z,13.475847
2025-08-09T11:00:00Z,11.134445
2025-08-09T12:00:00Z,12.465230
2025-08-09T13:00:00Z,6.605726
2025-08-09T14:00:00Z,7.872466
2025-08-09T15:00:00Z,3.856579
2025-08-09T16:00:00Z,0.979604
2025-08-09T17:00:00Z,0.000000
2025-08-09T18:00:00Z,0.000000
2025-08-09T19:00:00Z,0.000000
2025-08-09T20:00:00Z,0.000000
2025-08-09T21:00:00Z,0.000000
2025-08-09T22:00:00Z,0.000000
2025-08-09T23:00:00Z,0.000000
2025-08-10T00:00:00Z,0.000000
2025-08-10T01:00:00Z,0.000000
2025-08-10T02:00:00Z,0.000000
2025-08-10T03:00:00Z,0.000000
2025-08-10T04:00:00Z,0.000000
2025-08-10T05:00:00Z,0.000000
2025-08-10T06:00:00Z,1.117733
2025-08-10T07:00:00Z,4.475824
2025-08-10T08:00:00Z,8.583430
2025-08-10T09:00:00Z,13.110232
2025-08-10T10:00:00Z,9.362427
2025-08-10T11:00:00Z,2.884445
2025-08-10T12:00:00Z,1.709340
2025-08-10T13:00:00Z,7.946856
2025-08-10T14:00:00Z,6.270145
2025-08-10T15:00:00Z,6.037525
2025-08-10T16:00:00Z,1.363300
2025-08-10T17:00:00Z,0.000000
2025-08-10T18:00:00Z,0.000000
2025-08-10T19:00:00Z,0.000000
2025-08-10T20:00:00Z,0.000000
2025-08-10T21:00:00Z,0.000000
2025-08-10T22:00:00Z,0.000000
2025-08-10T23:00:00Z,0.000000
2025-08-11T00:00:00Z,0.000000
2025-08-11T01:00:00Z,0.000000
2025-08-11T02:00:00Z,0.000000
2025-08-11T03:00:00Z,0.000000
2025-08-11T04:00:00Z,0.000000
2025-08-11T05:00:00Z,0.000000
2025-08-11T06:00:00Z,0.000000
2025-08-11T07:00:00Z,0.100024
2025-08-11T08:00:00Z,0.130081
2025-08-11T09:00:00Z,4.649209
2025-08-11T10:00:00Z,3.888958
2025-08-11T11:00:00Z,3.228297
2025-08-11T12:00:00Z,5.883163
2025-08-11T13:00:00Z,0.290247
2025-08-11T14:00:00Z,2.204972
2025-08-11T15:00:00Z,1.241233
2025-08-11T16:00:00Z,0.000000
2025-08-11T17:00:00Z,0.000000
2025-08-11T18:00:00Z,0.000000
2025-08-11T19:00:00Z,0.000000
2025-08-11T20:00:00Z,0.000000
2025-08-11T21:00:00Z,0.000000
2025-08-11T22:00:00Z,0.000000
2025-08-11T23:00:00Z,0.000000
2025-08-12T00:00:00Z,0.000000
2025-08-12T01:00:00Z,0.000000
2025-08-12T02:00:00Z,0.000000
2025-08-12T03:00:00Z,0.000000
2025-08-12T04:00:00Z,0.000000
2025-08-12T05:00:00Z,0.000000
2025-08-12T06:00:00Z,0.000000
2025-08-12T07:00:00Z,0.000000
2025-08-12T08:00:00Z,0.567562
2025-08-12T09:00:00Z,1.564259
2025-08-12T10:00:00Z,1.701291
2025-08-12T11:00:00Z,1.575530
2025-08-12T12:00:00Z,1.608155
2025-08-12T13:00:00Z,0.847286
2025-08-12T14:00:00Z,2.068961
2025-08-12T15:00:00Z,2.940496
2025-08-12T16:00:00Z,1.728324
2025-08-12T17:00:00Z,0.000000
2025-08-12T18:00:00Z,0.000000
2025-08-12T19:00:00Z,0.000000
2025-08-12T20:00:00Z,0.000000
2025-08-12T21:00:00Z,0.000000
2025-08-12T22:00:00Z,0.000000
2025-08-12T23:00:00Z,0.000000
2025-08-13T00:00:00Z,0.000000
2025-08-13T01:00:00Z,0.000000
2025-08-13T02:00:00Z,0.000000
2025-08-13T03:00:00Z,0.000000
2025-08-13T04:00:00Z,0.000000
2025-08-13T05:00:00Z,0.000000
2025-08-13T06:00:00Z,1.327970
2025-08-13T07:00:00Z,5.728349
2025-08-13T08:00:00Z,9.109270
2025-08-13T09:00:00Z,11.661687
2025-08-13T10:00:00Z,15.500240
2025-08-13T11:00:00Z,16.350874
2025-08-13T12:00:00Z,15.164882
2025-08-13T13:00:00Z,12.990112
2025-08-13T14:00:00Z,9.648419
2025-08-13T15:00:00Z,5.693812
2025-08-13T16:00:00Z,0.851092
2025-08-13T17:00:00Z,0.000000
2025-08-13T18:00:00Z,0.000000
2025-08-13T19:00:00Z,0.000000
2025-08-13T20:00:00Z,0.000000
2025-08-13T21:00:00Z,0.000000
2025-08-13T22:00:00Z,0.000000
2025-08-13T23:00:00Z,0.000000
2025-08-14T00:00:00Z,0.000000
2025-08-14T01:00:00Z,0.000000
2025-08-14T02:00:00Z,0.000000
2025-08-14T03:00:00Z,0.000000
2025-08-14T04:00:00Z,0.000000
2025-08-14T05:00:00Z,0.000000
2025-08-14T06:00:00Z,0.000000
2025-08-14T07:00:00Z,0.000000
2025-08-14T08:00:00Z,2.191465
2025-08-14T09:00:00Z,1.156589
2025-08-14T10:00:00Z,0.000000
2025-08-14T11:00:00Z,0.000000
2025-08-14T12:00:00Z,2.387342
2025-08-14T13:00:00Z,11.837983
2025-08-14T14:00:00Z,8.601789
2025-08-14T15:00:00Z,4.756575
2025-08-14T16:00:00Z,0.920977
2025-08-14T17:00:00Z,0.000000
2025-08-14T18:00:00Z,0.000000
2025-08-14T19:00:00Z,0.000000
2025-08-14T20:00:00Z,0.000000
2025-08-14T21:00:00Z,0.000000
2025-08-14T22:00:00Z,0.000000
2025-08-14T23:00:00Z,0.000000
2025-08-15T00:00:00Z,0.000000
2025-08-15T01:00:00Z,0.000000
2025-08-15T02:00:00Z,0.000000
2025-08-15T03:00:00Z,0.000000
2025-08-15T04:00:00Z,0.000000
2025-08-15T05:00:00Z,0.000000
2025-08-15T06:00:00Z,0.000000
2025-08-15T07:00:00Z,3.319758
2025-08-15T08:00:00Z,6.377639
2025-08-15T09:00:00Z,4.087734
2025-08-15T10:00:00Z,6.244964
2025-08-15T11:00:00Z,5.685867
2025-08-15T12:00:00Z,1.514021
2025-08-15T13:00:00Z,5.040376
2025-08-15T14:00:00Z,7.166796
2025-08-15T15:00:00Z,4.728382
2025-08-15T16:00:00Z,0.547129
2025-08-15T17:00:00Z,0.000000
2025-08-15T18:00:00Z,0.000000
2025-08-15T19:00:00Z,0.000000
2025-08-15T20:00:00Z,0.000000
2025-08-15T21:00:00Z,0.000000
2025-08-15T22:00:00Z,0.000000
2025-08-15T23:00:00Z,0.000000
2025-08-16T00:00:00Z,0.000000
2025-08-16T01:00:00Z,0.000000
2025-08-16T02:00:00Z,0.000000
2025-08-16T03:00:00Z,0.000000
2025-08-16T04:00:00Z,0.000000
2025-08-16T05:00:00Z,0.000000
2025-08-16T06:00:00Z,1.075924
2025-08-16T07:00:00Z,4.393033
2025-08-16T08:00:00Z,10.152206
2025-08-16T09:00:00Z,13.532805
2025-08-16T10:00:00Z,15.790302
2025-08-16T11:00:00Z,16.511254
2025-08-16T12:00:00Z,15.332861
2025-08-16T13:00:00Z,13.577006
2025-08-16T14:00:00Z,10.029063
2025-08-16T15:00:00Z,5.816349
2025-08-16T16:00:00Z,0.922581
2025-08-16T17:00:00Z,0.000000
2025-08-16T18:00:00Z,0.000000
2025-08-16T19:00:00Z,0.000000
2025-08-16T20:00:00Z,0.000000
2025-08-16T21:00:00Z,0.000000
2025-08-16T22:00:00Z,0.000000
2025-08-16T23:00:00Z,0.000000
2025-08-17T00:00:00Z,0.000000
2025-08-17T01:00:00Z,0.000000
2025-08-17T02:00:00Z,0.000000
2025-08-17T03:00:00Z,0.000000
2025-08-17T04:00:00Z,0.000000
2025-08-17T05:00:00Z,0.000000
2025-08-17T06:00:00Z,0.563316
2025-08-17T07:00:00Z,5.826106
2025-08-17T08:00:00Z,10.082362
2025-08-17T09:00:00Z,13.516302
2025-08-17T10:00:00Z,15.741885
2025-08-17T11:00:00Z,16.508026
2025-08-17T12:00:00Z,16.253900
2025-08-17T13:00:00Z,13.706252
2025-08-17T14:00:00Z,10.132899
2025-08-17T15:00:00Z,5.721570
2025-08-17T16:00:00Z,1.306427
2025-08-17T17:00:00Z,0.000000
2025-08-17T18:00:00Z,0.000000
2025-08-17T19:00:00Z,0.000000
2025-08-17T20:00:00Z,0.000000
2025-08-17T21:00:00Z,0.000000
2025-08-17T22:00:00Z,0.000000
2025-08-17T23:00:00Z,0.000000
2025-08-18T00:00:00Z,0.000000
2025-08-18T01:00:00Z,0.000000
2025-08-18T02:00:00Z,0.000000
2025-08-18T03:00:00Z,0.000000
2025-08-18T04:00:00Z,0.000000
2025-08-18T05:00:00Z,0.000000
2025-08-18T06:00:00Z,1.087346
2025-08-18T07:00:00Z,4.008350
2025-08-18T08:00:00Z,10.080165
2025-08-18T09:00:00Z,13.475271
2025-08-18T10:00:00Z,15.691252
2025-08-18T11:00:00Z,16.412891
2025-08-18T12:00:00Z,15.597175
2025-08-18T13:00:00Z,13.280583
2025-08-18T14:00:00Z,9.780086
2025-08-18T15:00:00Z,5.531309
2025-08-18T16:00:00Z,1.098407
2025-08-18T17:00:00Z,0.000000
2025-08-18T18:00:00Z,0.000000
2025-08-18T19:00:00Z,0.000000
2025-08-18T20:00:00Z,0.000000
2025-08-18T21:00:00Z,0.000000
2025-08-18T22:00:00Z,0.000000
2025-08-18T23:00:00Z,0.000000
2025-08-19T00:00:00Z,0.000000
2025-08-19T01:00:00Z,0.000000
2025-08-19T02:00:00Z,0.000000
2025-08-19T03:00:00Z,0.000000
2025-08-19T04:00:00Z,0.000000
2025-08-19T05:00:00Z,0.000000
2025-08-19T06:00:00Z,0.000000
2025-08-19T07:00:00Z,0.000000
2025-08-19T08:00:00Z,5.266883
2025-08-19T09:00:00Z,9.075585
2025-08-19T10:00:00Z,14.987427
2025-08-19T11:00:00Z,13.531850
2025-08-19T12:00:00Z,14.439339
2025-08-19T13:00:00Z,12.796687
2025-08-19T14:00:00Z,6.927626
2025-08-19T15:00:00Z,3.228597
2025-08-19T16:00:00Z,0.000000
2025-08-19T17:00:00Z,0.000000
2025-08-19T18:00:00Z,0.000000
2025-08-19T19:00:00Z,0.000000
2025-08-19T20:00:00Z,0.000000
2025-08-19T21:00:00Z,0.000000
2025-08-19T22:00:00Z,0.000000
2025-08-19T23:00:00Z,0.000000
2025-08-20T00:00:00Z,0.000000
2025-08-20T01:00:00Z,0.000000
2025-08-20T02:00:00Z,0.000000
2025-08-20T03:00:00Z,0.000000
2025-08-20T04:00:00Z,0.000000
2025-08-20T05:00:00Z,0.000000
2025-08-20T06:00:00Z,0.931745
2025-08-20T07:00:00Z,5.791164
2025-08-20T08:00:00Z,9.601866
2025-08-20T09:00:00Z,11.710982
2025-08-20T10:00:00Z,16.218304
2025-08-20T11:00:00Z,16.673641
2025-08-20T12:00:00Z,16.379303
2025-08-20T13:00:00Z,11.474125
2025-08-20T14:00:00Z,8.184952
2025-08-20T15:00:00Z,5.162455
2025-08-20T16:00:00Z,0.000000
2025-08-20T17:00:00Z,0.000000
2025-08-20T18:00:00Z,0.000000
2025-08-20T19:00:00Z,0.000000
2025-08-20T20:00:00Z,0.000000
2025-08-20T21:00:00Z,0.000000
2025-08-20T22:00:00Z,0.000000
2025-08-20T23:00:00Z,0.000000
2025-08-21T00:00:00Z,0.000000
2025-08-21T01:00:00Z,0.000000
2025-08-21T02:00:00Z,0.000000
2025-08-21T03:00:00Z,0.000000
2025-08-21T04:00:00Z,0.000000
2025-08-21T05:00:00Z,0.000000
2025-08-21T06:00:00Z,0.000000
2025-08-21T07:00:00Z,2.289026
2025-08-21T08:00:00Z,6.688709
2025-08-21T09:00:00Z,5.478705
2025-08-21T10:00:00Z,8.347225
2025-08-21T11:00:00Z,0.000000
2025-08-21T12:00:00Z,2.644958
2025-08-21T13:00:00Z,2.963444
2025-08-21T14:00:00Z,3.051754
2025-08-21T15:00:00Z,4.292396
2025-08-21T16:00:00Z,0.781380
2025-08-21T17:00:00Z,0.000000
2025-08-21T18:00:00Z,0.000000
2025-08-21T19:00:00Z,0.000000
2025-08-21T20:00:00Z,0.000000
2025-08-21T21:00:00Z,0.000000
2025-08-21T22:00:00Z,0.000000
2025-08-21T23:00:00Z,0.000000
2025-08-22T00:00:00Z,0.000000
2025-08-22T01:00:00Z,0.000000
2025-08-22T02:00:00Z,0.000000
2025-08-22T03:00:00Z,0.000000
2025-08-22T04:00:00Z,0.000000
2025-08-22T05:00:00Z,0.000000
2025-08-22T06:00:00Z,0.000000
2025-08-22T07:00:00Z,2.106315
2025-08-22T08:00:00Z,7.001369
2025-08-22T09:00:00Z,5.279989
2025-08-22T10:00:00Z,5.754065
2025-08-22T11:00:00Z,5.280423
2025-08-22T12:00:00Z,2.052469
2025-08-22T13:00:00Z,2.701617
2025-08-22T14:00:00Z,2.799502
2025-08-22T15:00:00Z,1.764784
2025-08-22T16:00:00Z,0.000000
2025-08-22T17:00:00Z,0.000000
2025-08-22T18:00:00Z,0.000000
2025-08-22T19:00:00Z,0.000000
2025-08-22T20:00:00Z,0.000000
2025-08-22T21:00:00Z,0.000000
2025-08-22T22:00:00Z,0.000000
2025-08-22T23:00:00Z,0.000000
2025-08-23T00:00:00Z,0.000000
2025-08-23T01:00:00Z,0.000000
2025-08-23T02:00:00Z,0.000000
2025-08-23T03:00:00Z,0.000000
2025-08-23T04:00:00Z,0.000000
2025-08-23T05:00:00Z,0.000000
2025-08-23T06:00:00Z,0.455199
2025-08-23T07:00:00Z,5.513123
2025-08-23T08:00:00Z,6.436454
2025-08-23T09:00:00Z,3.412747
2025-08-23T10:00:00Z,14.976368
2025-08-23T11:00:00Z,17.764180
2025-08-23T12:00:00Z,13.705051
2025-08-23T13:00:00Z,12.961561
2025-08-23T14:00:00Z,8.404366
2025-08-23T15:00:00Z,5.166755
2025-08-23T16:00:00Z,0.594450
2025-08-23T17:00:00Z,0.000000
2025-08-23T18:00:00Z,0.000000
2025-08-23T19:00:00Z,0.000000
2025-08-23T20:00:00Z,0.000000
2025-08-23T21:00:00Z,0.000000
2025-08-23T22:00:00Z,0.000000
2025-08-23T23:00:00Z,0.000000
2025-08-24T00:00:00Z,0.000000
2025-08-24T01:00:00Z,0.000000
2025-08-24T02:00:00Z,0.000000
2025-08-24T03:00:00Z,0.000000
2025-08-24T04:00:00Z,0.000000
2025-08-24T05:00:00Z,0.000000
2025-08-24T06:00:00Z,0.000000
2025-08-24T07:00:00Z,2.728536
2025-08-24T08:00:00Z,5.671528
2025-08-24T09:00:00Z,6.042140
2025-08-24T10:00:00Z,7.240725
2025-08-24T11:00:00Z,8.558258
2025-08-24T12:00:00Z,11.468169
2025-08-24T13:00:00Z,8.873209
2025-08-24T14:00:00Z,4.905772
2025-08-24T15:00:00Z,0.000000
2025-08-24T16:00:00Z,0.000000
2025-08-24T17:00:00Z,0.000000
2025-08-24T18:00:00Z,0.000000
2025-08-24T19:00:00Z,0.000000
2025-08-24T20:00:00Z,0.000000
2025-08-24T21:00:00Z,0.000000
2025-08-24T22:00:00Z,0.000000
2025-08-24T23:00:00Z,0.000000
2025-08-25T00:00:00Z,0.000000
2025-08-25T01:00:00Z,0.000000
2025-08-25T02:00:00Z,0.000000
2025-08-25T03:00:00Z,0.000000
2025-08-25T04:00:00Z,0.000000
2025-08-25T05:00:00Z,0.000000
2025-08-25T06:00:00Z,0.000000
2025-08-25T07:00:00Z,0.000000
2025-08-25T08:00:00Z,1.253625
2025-08-25T09:00:00Z,7.014352
2025-08-25T10:00:00Z,14.565249
2025-08-25T11:00:00Z,15.326228
2025-08-25T12:00:00Z,14.837458
2025-08-25T13:00:00Z,11.586836
2025-08-25T14:00:00Z,7.984407
2025-08-25T15:00:00Z,4.950155
2025-08-25T16:00:00Z,0.389478
2025-08-25T17:00:00Z,0.000000
2025-08-25T18:00:00Z,0.000000
2025-08-25T19:00:00Z,0.000000
2025-08-25T20:00:00Z,0.000000
2025-08-25T21:00:00Z,0.000000
2025-08-25T22:00:00Z,0.000000
2025-08-25T23:00:00Z,0.000000
2025-08-26T00:00:00Z,0.000000
2025-08-26T01:00:00Z,0.000000
2025-08-26T02:00:00Z,0.000000
2025-08-26T03:00:00Z,0.000000
2025-08-26T04:00:00Z,0.000000
2025-08-26T05:00:00Z,0.000000
2025-08-26T06:00:00Z,0.000000
2025-08-26T07:00:00Z,0.000000
2025-08-26T08:00:00Z,1.163524
2025-08-26T09:00:00Z,8.255281
2025-08-26T10:00:00Z,5.406348
2025-08-26T11:00:00Z,9.663511
2025-08-26T12:00:00Z,6.865755
2025-08-26T13:00:00Z,2.539371
2025-08-26T14:00:00Z,0.039155
2025-08-26T15:00:00Z,0.000000
2025-08-26T16:00:00Z,0.000000
2025-08-26T17:00:00Z,0.000000
2025-08-26T18:00:00Z,0.000000
2025-08-26T19:00:00Z,0.000000
2025-08-26T20:00:00Z,0.000000
2025-08-26T21:00:00Z,0.000000
2025-08-26T22:00:00Z,0.000000
2025-08-26T23:00:00Z,0.000000
2025-08-27T00:00:00Z,0.000000
2025-08-27T01:00:00Z,0.000000
2025-08-27T02:00:00Z,0.000000
2025-08-27T03:00:00Z,0.000000
2025-08-27T04:00:00Z,0.000000
2025-08-27T05:00:00Z,0.000000
2025-08-27T06:00:00Z,0.000000
2025-08-27T07:00:00Z,1.609859
2025-08-27T08:00:00Z,2.168665
2025-08-27T09:00:00Z,3.335332
2025-08-27T10:00:00Z,4.125561
2025-08-27T11:00:00Z,11.559397
2025-08-27T12:00:00Z,5.017930
2025-08-27T13:00:00Z,0.000000
2025-08-27T14:00:00Z,0.853438
2025-08-27T15:00:00Z,2.054811
2025-08-27T16:00:00Z,0.236677
2025-08-27T17:00:00Z,0.000000
2025-08-27T18:00:00Z,0.000000
2025-08-27T19:00:00Z,0.000000
2025-08-27T20:00:00Z,0.000000
2025-08-27T21:00:00Z,0.000000
2025-08-27T22:00:00Z,0.000000
2025-08-27T23:00:00Z,0.000000
2025-08-28T00:00:00Z,0.000000
2025-08-28T01:00:00Z,0.000000
2025-08-28T02:00:00Z,0.000000
2025-08-28T03:00:00Z,0.000000
2025-08-28T04:00:00Z,0.000000
2025-08-28T05:00:00Z,0.000000
2025-08-28T06:00:00Z,0.000000
2025-08-28T07:00:00Z,0.135105
2025-08-28T08:00:00Z,4.447332
2025-08-28T09:00:00Z,7.093856
2025-08-28T10:00:00Z,6.698004
2025-08-28T11:00:00Z,11.623086
2025-08-28T12:00:00Z,4.098250
2025-08-28T13:00:00Z,0.037401
2025-08-28T14:00:00Z,0.000000
2025-08-28T15:00:00Z,0.000000
2025-08-28T16:00:00Z,0.000000
2025-08-28T17:00:00Z,0.000000
2025-08-28T18:00:00Z,0.000000
2025-08-28T19:00:00Z,0.000000
2025-08-28T20:00:00Z,0.000000
2025-08-28T21:00:00Z,0.000000
2025-08-28T22:00:00Z,0.000000
2025-08-28T23:00:00Z,0.000000
2025-08-29T00:00:00Z,0.000000
2025-08-29T01:00:00Z,0.000000
2025-08-29T02:00:00Z,0.000000
2025-08-29T03:00:00Z,0.000000
2025-08-29T04:00:00Z,0.000000
2025-08-29T05:00:00Z,0.000000
2025-08-29T06:00:00Z,0.000000
2025-08-29T07:00:00Z,0.000000
2025-08-29T08:00:00Z,1.408026
2025-08-29T09:00:00Z,7.179196
2025-08-29T10:00:00Z,13.493107
2025-08-29T11:00:00Z,12.354594
2025-08-29T12:00:00Z,3.644652
2025-08-29T13:00:00Z,2.111404
2025-08-29T14:00:00Z,4.845475
2025-08-29T15:00:00Z,1.350365
2025-08-29T16:00:00Z,0.000000
2025-08-29T17:00:00Z,0.000000
2025-08-29T18:00:00Z,0.000000
2025-08-29T19:00:00Z,0.000000
2025-08-29T20:00:00Z,0.000000
2025-08-29T21:00:00Z,0.000000
2025-08-29T22:00:00Z,0.000000
2025-08-29T23:00:00Z,0.000000
2025-08-30T00:00:00Z,0.000000
2025-08-30T01:00:00Z,0.000000
2025-08-30T02:00:00Z,0.000000
2025-08-30T03:00:00Z,0.000000
2025-08-30T04:00:00Z,0.000000
2025-08-30T05:00:00Z,0.000000
2025-08-30T06:00:00Z,0.000000
2025-08-30T07:00:00Z,0.000000
2025-08-30T08:00:00Z,0.000000
2025-08-30T09:00:00Z,3.097324
2025-08-30T10:00:00Z,7.364676
2025-08-30T11:00:00Z,1.839668
2025-08-30T12:00:00Z,8.724950
2025-08-30T13:00:00Z,11.674059
2025-08-30T14:00:00Z,6.276715
2025-08-30T15:00:00Z,1.571083
2025-08-30T16:00:00Z,0.085165
2025-08-30T17:00:00Z,0.000000
2025-08-30T18:00:00Z,0.000000
2025-08-30T19:00:00Z,0.000000
2025-08-30T20:00:00Z,0.000000
2025-08-30T21:00:00Z,0.000000
2025-08-30T22:00:00Z,0.000000
2025-08-30T23:00:00Z,0.000000
2025-08-31T00:00:00Z,0.000000
2025-08-31T01:00:00Z,0.000000
2025-08-31T02:00:00Z,0.000000
2025-08-31T03:00:00Z,0.000000
2025-08-31T04:00:00Z,0.000000
2025-08-31T05:00:00Z,0.000000
2025-08-31T06:00:00Z,0.000000
2025-08-31T07:00:00Z,0.000000
2025-08-31T08:00:00Z,0.000000
2025-08-31T09:00:00Z,0.000000
2025-08-31T10:00:00Z,1.174277
2025-08-31T11:00:00Z,4.540709
2025-08-31T12:00:00Z,3.729524
2025-08-31T13:00:00Z,0.211444
2025-08-31T14:00:00Z,0.000000
2025-08-31T15:00:00Z,0.000000
2025-08-31T16:00:00Z,0.000000
2025-08-31T17:00:00Z,0.000000
2025-08-31T18:00:00Z,0.000000
2025-08-31T19:00:00Z,0.000000
2025-08-31T20:00:00Z,0.000000
2025-08-31T21:00:00Z,0.000000
2025-08-31T22:00:00Z,0.000000
2025-08-31T23:00:00Z,0.000000
2025-09-01T00:00:00Z,0.000000
2025-09-01T01:00:00Z,0.000000
2025-09-01T02:00:00Z,0.000000
2025-09-01T03:00:00Z,0.000000
2025-09-01T04:00:00Z,0.000000
2025-09-01T05:00:00Z,0.000000
2025-09-01T06:00:00Z,0.000000
2025-09-01T07:00:00Z,0.000000
2025-09-01T08:00:00Z,0.000000
2025-09-01T09:00:00Z,0.000000
2025-09-01T10:00:00Z,0.000000
2025-09-01T11:00:00Z,0.000000
2025-09-01T12:00:00Z,0.000000
2025-09-01T13:00:00Z,0.000000
2025-09-01T14:00:00Z,0.000000
2025-09-01T15:00:00Z,0.000000
2025-09-01T16:00:00Z,0.000000
2025-09-01T17:00:00Z,0.000000
2025-09-01T18:00:00Z,0.000000
2025-09-01T19:00:00Z,0.000000
2025-09-01T20:00:00Z,0.000000
2025-09-01T21:00:00Z,0.000000
2025-09-01T22:00:00Z,0.000000
2025-09-01T23:00:00Z,0.000000
2025-09-02T00:00:00Z,0.000000
2025-09-02T01:00:00Z,0.000000
2025-09-02T02:00:00Z,0.000000
2025-09-02T03:00:00Z,0.000000
2025-09-02T04:00:00Z,0.000000
2025-09-02T05:00:00Z,0.000000
2025-09-02T06:00:00Z,0.000000
2025-09-02T07:00:00Z,0.000000
2025-09-02T08:00:00Z,2.429498
2025-09-02T09:00:00Z,11.142835
2025-09-02T10:00:00Z,13.804443
2025-09-02T11:00:00Z,7.974548
2025-09-02T12:00:00Z,0.000000
2025-09-02T13:00:00Z,0.537205
2025-09-02T14:00:00Z,8.092894
2025-09-02T15:00:00Z,1.931573
2025-09-02T16:00:00Z,0.000000
2025-09-02T17:00:00Z,0.000000
2025-09-02T18:00:00Z,0.000000
2025-09-02T19:00:00Z,0.000000
2025-09-02T20:00:00Z,0.000000
2025-09-02T21:00:00Z,0.000000
2025-09-02T22:00:00Z,0.000000
2025-09-02T23:00:00Z,0.000000
2025-09-03T00:00:00Z,0.000000
2025-09-03T01:00:00Z,0.000000
2025-09-03T02:00:00Z,0.000000
2025-09-03T03:00:00Z,0.000000
2025-09-03T04:00:00Z,0.000000
2025-09-03T05:00:00Z,0.000000
2025-09-03T06:00:00Z,0.000000
2025-09-03T07:00:00Z,0.509920
2025-09-03T08:00:00Z,7.826685
2025-09-03T09:00:00Z,10.657721
2025-09-03T10:00:00Z,10.395043
2025-09-03T11:00:00Z,0.832978
2025-09-03T12:00:00Z,0.000000
2025-09-03T13:00:00Z,0.000000
2025-09-03T14:00:00Z,0.194295
2025-09-03T15:00:00Z,0.000000
2025-09-03T16:00:00Z,0.000000
2025-09-03T17:00:00Z,0.000000
2025-09-03T18:00:00Z,0.000000
2025-09-03T19:00:00Z,0.000000
2025-09-03T20:00:00Z,0.000000
2025-09-03T21:00:00Z,0.000000
2025-09-03T22:00:00Z,0.000000
2025-09-03T23:00:00Z,0.000000
2025-09-04T00:00:00Z,0.000000
2025-09-04T01:00:00Z,0.000000
2025-09-04T02:00:00Z,0.000000
2025-09-04T03:00:00Z,0.000000
2025-09-04T04:00:00Z,0.000000
2025-09-04T05:00:00Z,0.000000
2025-09-04T06:00:00Z,0.000000
2025-09-04T07:00:00Z,0.000000
2025-09-04T08:00:00Z,4.974364
2025-09-04T09:00:00Z,4.480679
2025-09-04T10:00:00Z,9.271907
2025-09-04T11:00:00Z,5.925695
2025-09-04T12:00:00Z,5.349521
2025-09-04T13:00:00Z,6.096812
2025-09-04T14:00:00Z,2.630416
2025-09-04T15:00:00Z,0.000000
2025-09-04T16:00:00Z,0.000000
2025-09-04T17:00:00Z,0.000000
2025-09-04T18:00:00Z,0.000000
2025-09-04T19:00:00Z,0.000000
2025-09-04T20:00:00Z,0.000000
2025-09-04T21:00:00Z,0.000000
2025-09-04T22:00:00Z,0.000000
2025-09-04T23:00:00Z,0.000000
2025-09-05T00:00:00Z,0.000000
2025-09-05T01:00:00Z,0.000000
2025-09-05T02:00:00Z,0.000000
2025-09-05T03:00:00Z,0.000000
2025-09-05T04:00:00Z,0.000000
2025-09-05T05:00:00Z,0.000000
2025-09-05T06:00:00Z,0.000000
2025-09-05T07:00:00Z,0.000000
2025-09-05T08:00:00Z,0.761928
2025-09-05T09:00:00Z,1.143067
2025-09-05T10:00:00Z,4.942507
2025-09-05T11:00:00Z,7.444276
2025-09-05T12:00:00Z,1.915005
2025-09-05T13:00:00Z,8.184972
2025-09-05T14:00:00Z,4.107258
2025-09-05T15:00:00Z,4.257931
2025-09-05T16:00:00Z,0.000000
2025-09-05T17:00:00Z,0.000000
2025-09-05T18:00:00Z,0.000000
2025-09-05T19:00:00Z,0.000000
2025-09-05T20:00:00Z,0.000000
2025-09-05T21:00:00Z,0.000000
2025-09-05T22:00:00Z,0.000000
2025-09-05T23:00:00Z,0.000000
2025-09-06T00:00:00Z,0.000000
2025-09-06T01:00:00Z,0.000000
2025-09-06T02:00:00Z,0.000000
2025-09-06T03:00:00Z,0.000000
2025-09-06T04:00:00Z,0.000000
2025-09-06T05:00:00Z,0.000000
2025-09-06T06:00:00Z,0.110479
2025-09-06T07:00:00Z,4.853694
2025-09-06T08:00:00Z,5.734518
2025-09-06T09:00:00Z,10.545480
2025-09-06T10:00:00Z,14.628397
2025-09-06T11:00:00Z,6.677553
2025-09-06T12:00:00Z,11.431230
2025-09-06T13:00:00Z,9.824700
2025-09-06T14:00:00Z,5.623766
2025-09-06T15:00:00Z,5.105671
2025-09-06T16:00:00Z,0.000000
2025-09-06T17:00:00Z,0.000000
2025-09-06T18:00:00Z,0.000000
2025-09-06T19:00:00Z,0.000000
2025-09-06T20:00:00Z,0.000000
2025-09-06T21:00:00Z,0.000000
2025-09-06T22:00:00Z,0.000000
2025-09-06T23:00:00Z,0.000000
2025-09-07T00:00:00Z,0.000000
2025-09-07T01:00:00Z,0.000000
2025-09-07T02:00:00Z,0.000000
2025-09-07T03:00:00Z,0.000000
2025-09-07T04:00:00Z,0.000000
2025-09-07T05:00:00Z,0.000000
2025-09-07T06:00:00Z,0.299875
2025-09-07T07:00:00Z,2.888662
2025-09-07T08:00:00Z,7.724244
2025-09-07T09:00:00Z,9.675298
2025-09-07T10:00:00Z,15.348399
2025-09-07T11:00:00Z,15.723993
2025-09-07T12:00:00Z,13.717389
2025-09-07T13:00:00Z,12.062938
2025-09-07T14:00:00Z,8.138579
2025-09-07T15:00:00Z,2.924065
2025-09-07T16:00:00Z,0.000000
2025-09-07T17:00:00Z,0.000000
2025-09-07T18:00:00Z,0.000000
2025-09-07T19:00:00Z,0.000000
2025-09-07T20:00:00Z,0.000000
2025-09-07T21:00:00Z,0.000000
2025-09-07T22:00:00Z,0.000000
2025-09-07T23:00:00Z,0.000000
2025-09-08T00:00:00Z,0.000000
2025-09-08T01:00:00Z,0.000000
2025-09-08T02:00:00Z,0.000000
2025-09-08T03:00:00Z,0.000000
2025-09-08T04:00:00Z,0.000000
2025-09-08T05:00:00Z,0.000000
2025-09-08T06:00:00Z,0.000000
2025-09-08T07:00:00Z,3.136130
2025-09-08T08:00:00Z,8.232873
2025-09-08T09:00:00Z,9.908637
2025-09-08T10:00:00Z,11.299725
2025-09-08T11:00:00Z,11.651953
2025-09-08T12:00:00Z,7.747062
2025-09-08T13:00:00Z,9.172358
2025-09-08T14:00:00Z,7.058158
2025-09-08T15:00:00Z,0.423019
2025-09-08T16:00:00Z,0.000000
2025-09-08T17:00:00Z,0.000000
2025-09-08T18:00:00Z,0.000000
2025-09-08T19:00:00Z,0.000000
2025-09-08T20:00:00Z,0.000000
2025-09-08T21:00:00Z,0.000000
2025-09-08T22:00:00Z,0.000000
2025-09-08T23:00:00Z,0.000000
2025-09-09T00:00:00Z,0.000000
2025-09-09T01:00:00Z,0.000000
2025-09-09T02:00:00Z,0.000000
2025-09-09T03:00:00Z,0.000000
2025-09-09T04:00:00Z,0.000000
2025-09-09T05:00:00Z,0.000000
2025-09-09T06:00:00Z,0.000000
2025-09-09T07:00:00Z,0.000000
2025-09-09T08:00:00Z,6.487749
2025-09-09T09:00:00Z,12.112246
2025-09-09T10:00:00Z,13.808963
2025-09-09T11:00:00Z,15.230441
2025-09-09T12:00:00Z,9.091409
2025-09-09T13:00:00Z,5.748348
2025-09-09T14:00:00Z,3.050243
2025-09-09T15:00:00Z,0.000000
2025-09-09T16:00:00Z,0.000000
2025-09-09T17:00:00Z,0.000000
2025-09-09T18:00:00Z,0.000000
2025-09-09T19:00:00Z,0.000000
2025-09-09T20:00:00Z,0.000000
2025-09-09T21:00:00Z,0.000000
2025-09-09T22:00:00Z,0.000000
2025-09-09T23:00:00Z,0.000000
2025-09-10T00:00:00Z,0.000000
2025-09-10T01:00:00Z,0.000000
2025-09-10T02:00:00Z,0.000000
2025-09-10T03:00:00Z,0.000000
2025-09-10T04:00:00Z,0.000000
2025-09-10T05:00:00Z,0.000000
2025-09-10T06:00:00Z,0.000000
2025-09-10T07:00:00Z,0.000000
2025-09-10T08:00:00Z,0.000000
2025-09-10T09:00:00Z,0.000000
2025-09-10T10:00:00Z,0.000000
2025-09-10T11:00:00Z,0.000000
2025-09-10T12:00:00Z,0.000000
2025-09-10T13:00:00Z,0.000000
2025-09-10T14:00:00Z,0.000000
2025-09-10T15:00:00Z,0.000000
2025-09-10T16:00:00Z,0.000000
2025-09-10T17:00:00Z,0.000000
2025-09-10T18:00:00Z,0.000000
2025-09-10T19:00:00Z,0.000000
2025-09-10T20:00:00Z,0.000000
2025-09-10T21:00:00Z,0.000000
2025-09-10T22:00:00Z,0.000000
2025-09-10T23:00:00Z,0.000000
2025-09-11T00:00:00Z,0.000000
2025-09-11T01:00:00Z,0.000000
2025-09-11T02:00:00Z,0.000000
2025-09-11T03:00:00Z,0.000000
2025-09-11T04:00:00Z,0.000000
2025-09-11T05:00:00Z,0.000000
2025-09-11T06:00:00Z,0.000000
2025-09-11T07:00:00Z,3.769373
2025-09-11T08:00:00Z,8.572781
2025-09-11T09:00:00Z,7.828431
2025-09-11T10:00:00Z,7.915355
2025-09-11T11:00:00Z,0.000000
2025-09-11T12:00:00Z,0.231490
2025-09-11T13:00:00Z,3.371242
2025-09-11T14:00:00Z,1.883136
2025-09-11T15:00:00Z,2.198897
2025-09-11T16:00:00Z,0.000000
2025-09-11T17:00:00Z,0.000000
2025-09-11T18:00:00Z,0.000000
2025-09-11T19:00:00Z,0.000000
2025-09-11T20:00:00Z,0.000000
2025-09-11T21:00:00Z,0.000000
2025-09-11T22:00:00Z,0.000000
2025-09-11T23:00:00Z,0.000000
2025-09-12T00:00:00Z,0.000000
2025-09-12T01:00:00Z,0.000000
2025-09-12T02:00:00Z,0.000000
2025-09-12T03:00:00Z,0.000000
2025-09-12T04:00:00Z,0.000000
2025-09-12T05:00:00Z,0.000000
2025-09-12T06:00:00Z,0.000000
2025-09-12T07:00:00Z,2.895520
2025-09-12T08:00:00Z,2.982324
2025-09-12T09:00:00Z,0.000000
2025-09-12T10:00:00Z,0.000000
2025-09-12T11:00:00Z,1.662133
2025-09-12T12:00:00Z,3.058153
2025-09-12T13:00:00Z,1.080905
2025-09-12T14:00:00Z,1.247998
2025-09-12T15:00:00Z,0.000000
2025-09-12T16:00:00Z,0.000000
2025-09-12T17:00:00Z,0.000000
2025-09-12T18:00:00Z,0.000000
2025-09-12T19:00:00Z,0.000000
2025-09-12T20:00:00Z,0.000000
2025-09-12T21:00:00Z,0.000000
2025-09-12T22:00:00Z,0.000000
2025-09-12T23:00:00Z,0.000000
2025-09-13T00:00:00Z,0.000000
2025-09-13T01:00:00Z,0.000000
2025-09-13T02:00:00Z,0.000000
2025-09-13T03:00:00Z,0.000000
2025-09-13T04:00:00Z,0.000000
2025-09-13T05:00:00Z,0.000000
2025-09-13T06:00:00Z,0.000000
2025-09-13T07:00:00Z,0.286317
2025-09-13T08:00:00Z,0.793531
2025-09-13T09:00:00Z,3.378725
2025-09-13T10:00:00Z,13.225607
2025-09-13T11:00:00Z,1.622234
2025-09-13T12:00:00Z,6.505961
2025-09-13T13:00:00Z,7.763641
2025-09-13T14:00:00Z,3.454022
2025-09-13T15:00:00Z,1.764349
2025-09-13T16:00:00Z,0.000000
2025-09-13T17:00:00Z,0.000000
2025-09-13T18:00:00Z,0.000000
2025-09-13T19:00:00Z,0.000000
2025-09-13T20:00:00Z,0.000000
2025-09-13T21:00:00Z,0.000000
2025-09-13T22:00:00Z,0.000000
2025-09-13T23:00:00Z,0.000000
2025-09-14T00:00:00Z,0.000000
2025-09-14T01:00:00Z,0.000000
2025-09-14T02:00:00Z,0.000000
2025-09-14T03:00:00Z,0.000000
2025-09-14T04:00:00Z,0.000000
2025-09-14T05:00:00Z,0.000000
2025-09-14T06:00:00Z,0.000000
2025-09-14T07:00:00Z,2.045089
2025-09-14T08:00:00Z,4.508607
2025-09-14T09:00:00Z,14.236034
2025-09-14T10:00:00Z,13.943277
2025-09-14T11:00:00Z,8.121636
2025-09-14T12:00:00Z,10.610310
2025-09-14T13:00:00Z,9.660954
2025-09-14T14:00:00Z,5.128416
2025-09-14T15:00:00Z,1.968031
2025-09-14T16:00:00Z,0.000000
2025-09-14T17:00:00Z,0.000000
2025-09-14T18:00:00Z,0.000000
2025-09-14T19:00:00Z,0.000000
2025-09-14T20:00:00Z,0.000000
2025-09-14T21:00:00Z,0.000000
2025-09-14T22:00:00Z,0.000000
2025-09-14T23:00:00Z,0.000000
2025-09-15T00:00:00Z,0.000000
2025-09-15T01:00:00Z,0.000000
2025-09-15T02:00:00Z,0.000000
2025-09-15T03:00:00Z,0.000000
2025-09-15T04:00:00Z,0.000000
2025-09-15T05:00:00Z,0.000000
2025-09-15T06:00:00Z,0.000000
2025-09-15T07:00:00Z,0.000000
2025-09-15T08:00:00Z,0.430851
2025-09-15T09:00:00Z,5.554425
2025-09-15T10:00:00Z,2.882376
2025-09-15T11:00:00Z,7.762946
2025-09-15T12:00:00Z,0.690913
2025-09-15T13:00:00Z,0.000000
2025-09-15T14:00:00Z,0.767775
2025-09-15T15:00:00Z,0.809221
2025-09-15T16:00:00Z,0.000000
2025-09-15T17:00:00Z,0.000000
2025-09-15T18:00:00Z,0.000000
2025-09-15T19:00:00Z,0.000000
2025-09-15T20:00:00Z,0.000000
2025-09-15T21:00:00Z,0.000000
2025-09-15T22:00:00Z,0.000000
2025-09-15T23:00:00Z,0.000000
2025-09-16T00:00:00Z,0.000000
2025-09-16T01:00:00Z,0.000000
2025-09-16T02:00:00Z,0.000000
2025-09-16T03:00:00Z,0.000000
2025-09-16T04:00:00Z,0.000000
2025-09-16T05:00:00Z,0.000000
2025-09-16T06:00:00Z,0.000000
2025-09-16T07:00:00Z,0.000000
2025-09-16T08:00:00Z,2.264675
2025-09-16T09:00:00Z,3.452931
2025-09-16T10:00:00Z,6.484638
2025-09-16T11:00:00Z,12.383092
2025-09-16T12:00:00Z,11.259104
2025-09-16T13:00:00Z,10.072241
2025-09-16T14:00:00Z,3.453849
2025-09-16T15:00:00Z,0.902698
2025-09-16T16:00:00Z,0.000000
2025-09-16T17:00:00Z,0.000000
2025-09-16T18:00:00Z,0.000000
2025-09-16T19:00:00Z,0.000000
2025-09-16T20:00:00Z,0.000000
2025-09-16T21:00:00Z,0.000000
2025-09-16T22:00:00Z,0.000000
2025-09-16T23:00:00Z,0.000000
2025-09-17T00:00:00Z,0.000000
2025-09-17T01:00:00Z,0.000000
2025-09-17T02:00:00Z,0.000000
2025-09-17T03:00:00Z,0.000000
2025-09-17T04:00:00Z,0.000000
2025-09-17T05:00:00Z,0.000000
2025-09-17T06:00:00Z,0.000000
2025-09-17T07:00:00Z,0.000000
2025-09-17T08:00:00Z,0.000000
2025-09-17T09:00:00Z,11.503485
2025-09-17T10:00:00Z,11.335252
2025-09-17T11:00:00Z,8.991037
2025-09-17T12:00:00Z,10.881625
2025-09-17T13:00:00Z,4.776295
2025-09-17T14:00:00Z,3.060610
2025-09-17T15:00:00Z,1.760635
2025-09-17T16:00:00Z,0.000000
2025-09-17T17:00:00Z,0.000000
2025-09-17T18:00:00Z,0.000000
2025-09-17T19:00:00Z,0.000000
2025-09-17T20:00:00Z,0.000000
2025-09-17T21:00:00Z,0.000000
2025-09-17T22:00:00Z,0.000000
2025-09-17T23:00:00Z,0.000000
2025-09-18T00:00:00Z,0.000000
2025-09-18T01:00:00Z,0.000000
2025-09-18T02:00:00Z,0.000000
2025-09-18T03:00:00Z,0.000000
2025-09-18T04:00:00Z,0.000000
2025-09-18T05:00:00Z,0.000000
2025-09-18T06:00:00Z,0.000000
2025-09-18T07:00:00Z,0.096067
2025-09-18T08:00:00Z,8.136959
2025-09-18T09:00:00Z,13.102835
2025-09-18T10:00:00Z,8.726400
2025-09-18T11:00:00Z,11.903678
2025-09-18T12:00:00Z,9.386553
2025-09-18T13:00:00Z,11.911623
2025-09-18T14:00:00Z,2.132348
2025-09-18T15:00:00Z,0.701471
2025-09-18T16:00:00Z,0.000000
2025-09-18T17:00:00Z,0.000000
2025-09-18T18:00:00Z,0.000000
2025-09-18T19:00:00Z,0.000000
2025-09-18T20:00:00Z,0.000000
2025-09-18T21:00:00Z,0.000000
2025-09-18T22:00:00Z,0.000000
2025-09-18T23:00:00Z,0.000000
2025-09-19T00:00:00Z,0.000000
2025-09-19T01:00:00Z,0.000000
2025-09-19T02:00:00Z,0.000000
2025-09-19T03:00:00Z,0.000000
2025-09-19T04:00:00Z,0.000000
2025-09-19T05:00:00Z,0.000000
2025-09-19T06:00:00Z,0.000000
2025-09-19T07:00:00Z,0.000000
2025-09-19T08:00:00Z,0.944973
2025-09-19T09:00:00Z,1.109769
2025-09-19T10:00:00Z,2.114833
2025-09-19T11:00:00Z,1.461336
2025-09-19T12:00:00Z,0.270424
2025-09-19T13:00:00Z,0.000000
2025-09-19T14:00:00Z,0.866766
2025-09-19T15:00:00Z,0.000000
2025-09-19T16:00:00Z,0.000000
2025-09-19T17:00:00Z,0.000000
2025-09-19T18:00:00Z,0.000000
2025-09-19T19:00:00Z,0.000000
2025-09-19T20:00:00Z,0.000000
2025-09-19T21:00:00Z,0.000000
2025-09-19T22:00:00Z,0.000000
2025-09-19T23:00:00Z,0.000000
2025-09-20T00:00:00Z,0.000000
2025-09-20T01:00:00Z,0.000000
2025-09-20T02:00:00Z,0.000000
2025-09-20T03:00:00Z,0.000000
2025-09-20T04:00:00Z,0.000000
2025-09-20T05:00:00Z,0.000000
2025-09-20T06:00:00Z,0.000000
2025-09-20T07:00:00Z,0.000000
2025-09-20T08:00:00Z,0.000000
2025-09-20T09:00:00Z,10.785783
2025-09-20T10:00:00Z,13.044150
2025-09-20T11:00:00Z,13.686020
2025-09-20T12:00:00Z,12.289624
2025-09-20T13:00:00Z,9.302479
2025-09-20T14:00:00Z,1.685702
2025-09-20T15:00:00Z,0.000000
2025-09-20T16:00:00Z,0.000000
2025-09-20T17:00:00Z,0.000000
2025-09-20T18:00:00Z,0.000000
2025-09-20T19:00:00Z,0.000000
2025-09-20T20:00:00Z,0.000000
2025-09-20T21:00:00Z,0.000000
2025-09-20T22:00:00Z,0.000000
2025-09-20T23:00:00Z,0.000000
2025-09-21T00:00:00Z,0.000000
2025-09-21T01:00:00Z,0.000000
2025-09-21T02:00:00Z,0.000000
2025-09-21T03:00:00Z,0.000000
2025-09-21T04:00:00Z,0.000000
2025-09-21T05:00:00Z,0.000000
2025-09-21T06:00:00Z,0.012488
2025-09-21T07:00:00Z,0.238729
2025-09-21T08:00:00Z,0.000000
2025-09-21T09:00:00Z,2.436354
2025-09-21T10:00:00Z,2.471800
2025-09-21T11:00:00Z,0.740484
2025-09-21T12:00:00Z,1.635456
2025-09-21T13:00:00Z,0.566986
2025-09-21T14:00:00Z,0.304783
2025-09-21T15:00:00Z,0.343966
2025-09-21T16:00:00Z,0.000000
2025-09-21T17:00:00Z,0.000000
2025-09-21T18:00:00Z,0.000000
2025-09-21T19:00:00Z,0.000000
2025-09-21T20:00:00Z,0.000000
2025-09-21T21:00:00Z,0.000000
2025-09-21T22:00:00Z,0.000000
2025-09-21T23:00:00Z,0.000000
2025-09-22T00:00:00Z,0.000000
2025-09-22T01:00:00Z,0.000000
2025-09-22T02:00:00Z,0.000000
2025-09-22T03:00:00Z,0.000000
2025-09-22T04:00:00Z,0.000000
2025-09-22T05:00:00Z,0.000000
2025-09-22T06:00:00Z,0.000000
2025-09-22T07:00:00Z,3.120919
2025-09-22T08:00:00Z,2.373067
2025-09-22T09:00:00Z,10.579236
2025-09-22T10:00:00Z,7.143402
2025-09-22T11:00:00Z,11.234897
2025-09-22T12:00:00Z,3.651807
2025-09-22T13:00:00Z,5.833960
2025-09-22T14:00:00Z,6.116095
2025-09-22T15:00:00Z,0.000000
2025-09-22T16:00:00Z,0.000000
2025-09-22T17:00:00Z,0.000000
2025-09-22T18:00:00Z,0.000000
2025-09-22T19:00:00Z,0.000000
2025-09-22T20:00:00Z,0.000000
2025-09-22T21:00:00Z,0.000000
2025-09-22T22:00:00Z,0.000000
2025-09-22T23:00:00Z,0.000000
2025-09-23T00:00:00Z,0.000000
2025-09-23T01:00:00Z,0.000000
2025-09-23T02:00:00Z,0.000000
2025-09-23T03:00:00Z,0.000000
2025-09-23T04:00:00Z,0.000000
2025-09-23T05:00:00Z,0.000000
2025-09-23T06:00:00Z,0.000000
2025-09-23T07:00:00Z,3.889491
2025-09-23T08:00:00Z,8.481216
2025-09-23T09:00:00Z,11.810098
2025-09-23T10:00:00Z,13.879757
2025-09-23T11:00:00Z,14.536645
2025-09-23T12:00:00Z,13.512019
2025-09-23T13:00:00Z,9.742744
2025-09-23T14:00:00Z,7.776105
2025-09-23T15:00:00Z,1.771741
2025-09-23T16:00:00Z,0.000000
2025-09-23T17:00:00Z,0.000000
2025-09-23T18:00:00Z,0.000000
2025-09-23T19:00:00Z,0.000000
2025-09-23T20:00:00Z,0.000000
2025-09-23T21:00:00Z,0.000000
2025-09-23T22:00:00Z,0.000000
2025-09-23T23:00:00Z,0.000000
2025-09-24T00:00:00Z,0.000000
2025-09-24T01:00:00Z,0.000000
2025-09-24T02:00:00Z,0.000000
2025-09-24T03:00:00Z,0.000000
2025-09-24T04:00:00Z,0.000000
2025-09-24T05:00:00Z,0.000000
2025-09-24T06:00:00Z,0.000000
2025-09-24T07:00:00Z,3.041522
2025-09-24T08:00:00Z,7.862180
2025-09-24T09:00:00Z,11.426748
2025-09-24T10:00:00Z,10.423767
2025-09-24T11:00:00Z,6.359404
2025-09-24T12:00:00Z,9.503861
2025-09-24T13:00:00Z,6.280583
2025-09-24T14:00:00Z,5.658313
2025-09-24T15:00:00Z,0.726065
2025-09-24T16:00:00Z,0.000000
2025-09-24T17:00:00Z,0.000000
2025-09-24T18:00:00Z,0.000000
2025-09-24T19:00:00Z,0.000000
2025-09-24T20:00:00Z,0.000000
2025-09-24T21:00:00Z,0.000000
2025-09-24T22:00:00Z,0.000000
2025-09-24T23:00:00Z,0.000000
2025-09-25T00:00:00Z,0.000000
2025-09-25T01:00:00Z,0.000000
2025-09-25T02:00:00Z,0.000000
2025-09-25T03:00:00Z,0.000000
2025-09-25T04:00:00Z,0.000000
2025-09-25T05:00:00Z,0.000000
2025-09-25T06:00:00Z,0.000000
2025-09-25T07:00:00Z,3.667177
2025-09-25T08:00:00Z,8.081068
2025-09-25T09:00:00Z,11.577850
2025-09-25T10:00:00Z,13.660594
2025-09-25T11:00:00Z,14.314001
2025-09-25T12:00:00Z,12.976168
2025-09-25T13:00:00Z,10.289480
2025-09-25T14:00:00Z,6.209061
2025-09-25T15:00:00Z,1.562168
2025-09-25T16:00:00Z,0.000000
2025-09-25T17:00:00Z,0.000000
2025-09-25T18:00:00Z,0.000000
2025-09-25T19:00:00Z,0.000000
2025-09-25T20:00:00Z,0.000000
2025-09-25T21:00:00Z,0.000000
2025-09-25T22:00:00Z,0.000000
2025-09-25T23:00:00Z,0.000000
2025-09-26T00:00:00Z,0.000000
2025-09-26T01:00:00Z,0.000000
2025-09-26T02:00:00Z,0.000000
2025-09-26T03:00:00Z,0.000000
2025-09-26T04:00:00Z,0.000000
2025-09-26T05:00:00Z,0.000000
2025-09-26T06:00:00Z,0.000000
2025-09-26T07:00:00Z,3.597306
2025-09-26T08:00:00Z,4.878533
2025-09-26T09:00:00Z,7.498998
2025-09-26T10:00:00Z,14.572447
2025-09-26T11:00:00Z,13.059426
2025-09-26T12:00:00Z,8.238091
2025-09-26T13:00:00Z,9.437112
2025-09-26T14:00:00Z,7.163888
2025-09-26T15:00:00Z,0.255842
2025-09-26T16:00:00Z,0.000000
2025-09-26T17:00:00Z,0.000000
2025-09-26T18:00:00Z,0.000000
2025-09-26T19:00:00Z,0.000000
2025-09-26T20:00:00Z,0.000000
2025-09-26T21:00:00Z,0.000000
2025-09-26T22:00:00Z,0.000000
2025-09-26T23:00:00Z,0.000000
2025-09-27T00:00:00Z,0.000000
2025-09-27T01:00:00Z,0.000000
2025-09-27T02:00:00Z,0.000000
2025-09-27T03:00:00Z,0.000000
2025-09-27T04:00:00Z,0.000000
2025-09-27T05:00:00Z,0.000000
2025-09-27T06:00:00Z,0.000000
2025-09-27T07:00:00Z,2.086245
2025-09-27T08:00:00Z,3.556520
2025-09-27T09:00:00Z,6.811100
2025-09-27T10:00:00Z,11.138852
2025-09-27T11:00:00Z,13.384254
2025-09-27T12:00:00Z,12.082705
2025-09-27T13:00:00Z,9.413226
2025-09-27T14:00:00Z,5.370895
2025-09-27T15:00:00Z,0.931122
2025-09-27T16:00:00Z,0.000000
2025-09-27T17:00:00Z,0.000000
2025-09-27T18:00:00Z,0.000000
2025-09-27T19:00:00Z,0.000000
2025-09-27T20:00:00Z,0.000000
2025-09-27T21:00:00Z,0.000000
2025-09-27T22:00:00Z,0.000000
2025-09-27T23:00:00Z,0.000000
2025-09-28T00:00:00Z,0.000000
2025-09-28T01:00:00Z,0.000000
2025-09-28T02:00:00Z,0.000000
2025-09-28T03:00:00Z,0.000000
2025-09-28T04:00:00Z,0.000000
2025-09-28T05:00:00Z,0.000000
2025-09-28T06:00:00Z,0.000000
2025-09-28T07:00:00Z,3.605195
2025-09-28T08:00:00Z,2.387975
2025-09-28T09:00:00Z,9.967612
2025-09-28T10:00:00Z,12.949852
2025-09-28T11:00:00Z,0.240376
2025-09-28T12:00:00Z,2.097034
2025-09-28T13:00:00Z,9.021358
2025-09-28T14:00:00Z,5.042456
2025-09-28T15:00:00Z,0.087175
2025-09-28T16:00:00Z,0.000000
2025-09-28T17:00:00Z,0.000000
2025-09-28T18:00:00Z,0.000000
2025-09-28T19:00:00Z,0.000000
2025-09-28T20:00:00Z,0.000000
2025-09-28T21:00:00Z,0.000000
2025-09-28T22:00:00Z,0.000000
2025-09-28T23:00:00Z,0.000000
2025-09-29T00:00:00Z,0.000000
2025-09-29T01:00:00Z,0.000000
2025-09-29T02:00:00Z,0.000000
2025-09-29T03:00:00Z,0.000000
2025-09-29T04:00:00Z,0.000000
2025-09-29T05:00:00Z,0.000000
2025-09-29T06:00:00Z,0.000000
2025-09-29T07:00:00Z,0.000000
2025-09-29T08:00:00Z,1.318463
2025-09-29T09:00:00Z,3.410298
2025-09-29T10:00:00Z,4.037456
2025-09-29T11:00:00Z,3.404253
2025-09-29T12:00:00Z,1.758432
2025-09-29T13:00:00Z,0.000000
2025-09-29T14:00:00Z,0.000000
2025-09-29T15:00:00Z,0.000000
2025-09-29T16:00:00Z,0.000000
2025-09-29T17:00:00Z,0.000000
2025-09-29T18:00:00Z,0.000000
2025-09-29T19:00:00Z,0.000000
2025-09-29T20:00:00Z,0.000000
2025-09-29T21:00:00Z,0.000000
2025-09-29T22:00:00Z,0.000000
2025-09-29T23:00:00Z,0.000000
2025-09-30T00:00:00Z,0.000000
2025-09-30T01:00:00Z,0.000000
2025-09-30T02:00:00Z,0.000000
2025-09-30T03:00:00Z,0.000000
2025-09-30T04:00:00Z,0.000000
2025-09-30T05:00:00Z,0.000000
2025-09-30T06:00:00Z,0.000000
2025-09-30T07:00:00Z,2.873329
2025-09-30T08:00:00Z,7.547253
2025-09-30T09:00:00Z,7.214795
2025-09-30T10:00:00Z,9.705833
2025-09-30T11:00:00Z,12.016456
2025-09-30T12:00:00Z,5.562400
2025-09-30T13:00:00Z,1.766646
2025-09-30T14:00:00Z,0.659799
2025-09-30T15:00:00Z,0.000000
2025-09-30T16:00:00Z,0.000000
2025-09-30T17:00:00Z,0.000000
2025-09-30T18:00:00Z,0.000000
2025-09-30T19:00:00Z,0.000000
2025-09-30T20:00:00Z,0.000000
2025-09-30T21:00:00Z,0.000000
2025-09-30T22:00:00Z,0.000000
2025-09-30T23:00:00Z,0.000000
2025-10-01T00:00:00Z,0.000000
2025-10-01T01:00:00Z,0.000000
2025-10-01T02:00:00Z,0.000000
2025-10-01T03:00:00Z,0.000000
2025-10-01T04:00:00Z,0.000000
2025-10-01T05:00:00Z,0.000000
2025-10-01T06:00:00Z,0.000000
2025-10-01T07:00:00Z,0.140136
2025-10-01T08:00:00Z,6.966019
2025-10-01T09:00:00Z,9.731278
2025-10-01T10:00:00Z,9.910919
2025-10-01T11:00:00Z,7.944294
2025-10-01T12:00:00Z,5.275316
2025-10-01T13:00:00Z,0.442355
2025-10-01T14:00:00Z,3.229872
2025-10-01T15:00:00Z,0.000000
2025-10-01T16:00:00Z,0.000000
2025-10-01T17:00:00Z,0.000000
2025-10-01T18:00:00Z,0.000000
2025-10-01T19:00:00Z,0.000000
2025-10-01T20:00:00Z,0.000000
2025-10-01T21:00:00Z,0.000000
2025-10-01T22:00:00Z,0.000000
2025-10-01T23:00:00Z,0.000000
2025-10-02T00:00:00Z,0.000000
2025-10-02T01:00:00Z,0.000000
2025-10-02T02:00:00Z,0.000000
2025-10-02T03:00:00Z,0.000000
2025-10-02T04:00:00Z,0.000000
2025-10-02T05:00:00Z,0.000000
2025-10-02T06:00:00Z,0.000000
2025-10-02T07:00:00Z,2.597955
2025-10-02T08:00:00Z,5.352362
2025-10-02T09:00:00Z,8.240135
2025-10-02T10:00:00Z,5.692469
2025-10-02T11:00:00Z,6.095671
2025-10-02T12:00:00Z,10.787463
2025-10-02T13:00:00Z,5.348241
2025-10-02T14:00:00Z,4.549901
2025-10-02T15:00:00Z,0.000000
2025-10-02T16:00:00Z,0.000000
2025-10-02T17:00:00Z,0.000000
2025-10-02T18:00:00Z,0.000000
2025-10-02T19:00:00Z,0.000000
2025-10-02T20:00:00Z,0.000000
2025-10-02T21:00:00Z,0.000000
2025-10-02T22:00:00Z,0.000000
2025-10-02T23:00:00Z,0.000000
2025-10-03T00:00:00Z,0.000000
2025-10-03T01:00:00Z,0.000000
2025-10-03T02:00:00Z,0.000000
2025-10-03T03:00:00Z,0.000000
2025-10-03T04:00:00Z,0.000000
2025-10-03T05:00:00Z,0.000000
2025-10-03T06:00:00Z,0.000000
2025-10-03T07:00:00Z,2.762425
2025-10-03T08:00:00Z,4.000608
2025-10-03T09:00:00Z,8.919029
2025-10-03T10:00:00Z,12.982479
2025-10-03T11:00:00Z,11.386112
2025-10-03T12:00:00Z,3.830799
2025-10-03T13:00:00Z,0.192281
2025-10-03T14:00:00Z,0.000000
2025-10-03T15:00:00Z,0.000000
2025-10-03T16:00:00Z,0.000000
2025-10-03T17:00:00Z,0.000000
2025-10-03T18:00:00Z,0.000000
2025-10-03T19:00:00Z,0.000000
2025-10-03T20:00:00Z,0.000000
2025-10-03T21:00:00Z,0.000000
2025-10-03T22:00:00Z,0.000000
2025-10-03T23:00:00Z,0.000000
2025-10-04T00:00:00Z,0.000000
2025-10-04T01:00:00Z,0.000000
2025-10-04T02:00:00Z,0.000000
2025-10-04T03:00:00Z,0.000000
2025-10-04T04:00:00Z,0.000000
2025-10-04T05:00:00Z,0.000000
2025-10-04T06:00:00Z,0.000000
2025-10-04T07:00:00Z,0.000000
2025-10-04T08:00:00Z,0.000000
2025-10-04T09:00:00Z,0.000000
2025-10-04T10:00:00Z,0.000000
2025-10-04T11:00:00Z,0.000000
2025-10-04T12:00:00Z,0.000000
2025-10-04T13:00:00Z,0.000000
2025-10-04T14:00:00Z,0.000000
2025-10-04T15:00:00Z,0.000000
2025-10-04T16:00:00Z,0.000000
2025-10-04T17:00:00Z,0.000000
2025-10-04T18:00:00Z,0.000000
2025-10-04T19:00:00Z,0.000000
2025-10-04T20:00:00Z,0.000000
2025-10-04T21:00:00Z,0.000000
2025-10-04T22:00:00Z,0.000000
2025-10-04T23:00:00Z,0.000000
2025-10-05T00:00:00Z,0.000000
2025-10-05T01:00:00Z,0.000000
2025-10-05T02:00:00Z,0.000000
2025-10-05T03:00:00Z,0.000000
2025-10-05T04:00:00Z,0.000000
2025-10-05T05:00:00Z,0.000000
2025-10-05T06:00:00Z,0.000000
2025-10-05T07:00:00Z,0.000000
2025-10-05T08:00:00Z,0.000000
2025-10-05T09:00:00Z,0.000000
2025-10-05T10:00:00Z,0.000000
2025-10-05T11:00:00Z,0.000000
2025-10-05T12:00:00Z,0.000000
2025-10-05T13:00:00Z,0.000000
2025-10-05T14:00:00Z,0.000000
2025-10-05T15:00:00Z,0.000000
2025-10-05T16:00:00Z,0.000000
2025-10-05T17:00:00Z,0.000000
2025-10-05T18:00:00Z,0.000000
2025-10-05T19:00:00Z,0.000000
2025-10-05T20:00:00Z,0.000000
2025-10-05T21:00:00Z,0.000000
2025-10-05T22:00:00Z,0.000000
2025-10-05T23:00:00Z,0.000000
2025-10-06T00:00:00Z,0.000000
2025-10-06T01:00:00Z,0.000000
2025-10-06T02:00:00Z,0.000000
2025-10-06T03:00:00Z,0.000000
2025-10-06T04:00:00Z,0.000000
2025-10-06T05:00:00Z,0.000000
2025-10-06T06:00:00Z,0.000000
2025-10-06T07:00:00Z,1.765274
2025-10-06T08:00:00Z,1.065281
2025-10-06T09:00:00Z,1.392705
2025-10-06T10:00:00Z,11.212706
2025-10-06T11:00:00Z,12.266365
2025-10-06T12:00:00Z,11.013170
2025-10-06T13:00:00Z,2.995306
2025-10-06T14:00:00Z,0.000000
2025-10-06T15:00:00Z,0.000000
2025-10-06T16:00:00Z,0.000000
2025-10-06T17:00:00Z,0.000000
2025-10-06T18:00:00Z,0.000000
2025-10-06T19:00:00Z,0.000000
2025-10-06T20:00:00Z,0.000000
2025-10-06T21:00:00Z,0.000000
2025-10-06T22:00:00Z,0.000000
2025-10-06T23:00:00Z,0.000000
2025-10-07T00:00:00Z,0.000000
2025-10-07T01:00:00Z,0.000000
2025-10-07T02:00:00Z,0.000000
2025-10-07T03:00:00Z,0.000000
2025-10-07T04:00:00Z,0.000000
2025-10-07T05:00:00Z,0.000000
2025-10-07T06:00:00Z,0.000000
2025-10-07T07:00:00Z,0.000000
2025-10-07T08:00:00Z,0.000000
2025-10-07T09:00:00Z,0.000000
2025-10-07T10:00:00Z,0.000000
2025-10-07T11:00:00Z,0.000000
2025-10-07T12:00:00Z,0.000000
2025-10-07T13:00:00Z,0.000000
2025-10-07T14:00:00Z,0.000000
2025-10-07T15:00:00Z,0.000000
2025-10-07T16:00:00Z,0.000000
2025-10-07T17:00:00Z,0.000000
2025-10-07T18:00:00Z,0.000000
2025-10-07T19:00:00Z,0.000000
2025-10-07T20:00:00Z,0.000000
2025-10-07T21:00:00Z,0.000000
2025-10-07T22:00:00Z,0.000000
2025-10-07T23:00:00Z,0.000000
2025-10-08T00:00:00Z,0.000000
2025-10-08T01:00:00Z,0.000000
2025-10-08T02:00:00Z,0.000000
2025-10-08T03:00:00Z,0.000000
2025-10-08T04:00:00Z,0.000000
2025-10-08T05:00:00Z,0.000000
2025-10-08T06:00:00Z,0.000000
2025-10-08T07:00:00Z,0.000000
2025-10-08T08:00:00Z,5.342213
2025-10-08T09:00:00Z,6.410783
2025-10-08T10:00:00Z,6.718677
2025-10-08T11:00:00Z,0.580993
2025-10-08T12:00:00Z,0.224039
2025-10-08T13:00:00Z,0.000000
2025-10-08T14:00:00Z,0.000000
2025-10-08T15:00:00Z,0.000000
2025-10-08T16:00:00Z,0.000000
2025-10-08T17:00:00Z,0.000000
2025-10-08T18:00:00Z,0.000000
2025-10-08T19:00:00Z,0.000000
2025-10-08T20:00:00Z,0.000000
2025-10-08T21:00:00Z,0.000000
2025-10-08T22:00:00Z,0.000000
2025-10-08T23:00:00Z,0.000000
2025-10-09T00:00:00Z,0.000000
2025-10-09T01:00:00Z,0.000000
2025-10-09T02:00:00Z,0.000000
2025-10-09T03:00:00Z,0.000000
2025-10-09T04:00:00Z,0.000000
2025-10-09T05:00:00Z,0.000000
2025-10-09T06:00:00Z,0.000000
2025-10-09T07:00:00Z,0.000000
2025-10-09T08:00:00Z,0.000000
2025-10-09T09:00:00Z,0.000000
2025-10-09T10:00:00Z,0.000000
2025-10-09T11:00:00Z,0.000000
2025-10-09T12:00:00Z,0.000000
2025-10-09T13:00:00Z,0.000000
2025-10-09T14:00:00Z,0.000000
2025-10-09T15:00:00Z,0.000000
2025-10-09T16:00:00Z,0.000000
2025-10-09T17:00:00Z,0.000000
2025-10-09T18:00:00Z,0.000000
2025-10-09T19:00:00Z,0.000000
2025-10-09T20:00:00Z,0.000000
2025-10-09T21:00:00Z,0.000000
2025-10-09T22:00:00Z,0.000000
2025-10-09T23:00:00Z,0.000000
2025-10-10T00:00:00Z,0.000000
2025-10-10T01:00:00Z,0.000000
2025-10-10T02:00:00Z,0.000000
2025-10-10T03:00:00Z,0.000000
2025-10-10T04:00:00Z,0.000000
2025-10-10T05:00:00Z,0.000000
2025-10-10T06:00:00Z,0.000000
2025-10-10T07:00:00Z,0.000000
2025-10-10T08:00:00Z,0.000000
2025-10-10T09:00:00Z,0.000000
2025-10-10T10:00:00Z,0.000000
2025-10-10T11:00:00Z,0.000000
2025-10-10T12:00:00Z,0.000000
2025-10-10T13:00:00Z,0.000000
2025-10-10T14:00:00Z,0.000000
2025-10-10T15:00:00Z,0.000000
2025-10-10T16:00:00Z,0.000000
2025-10-10T17:00:00Z,0.000000
2025-10-10T18:00:00Z,0.000000
2025-10-10T19:00:00Z,0.000000
2025-10-10T20:00:00Z,0.000000
2025-10-10T21:00:00Z,0.000000
2025-10-10T22:00:00Z,0.000000
2025-10-10T23:00:00Z,0.000000
2025-10-11T00:00:00Z,0.000000
2025-10-11T01:00:00Z,0.000000
2025-10-11T02:00:00Z,0.000000
2025-10-11T03:00:00Z,0.000000
2025-10-11T04:00:00Z,0.000000
2025-10-11T05:00:00Z,0.000000
2025-10-11T06:00:00Z,0.000000
2025-10-11T07:00:00Z,0.000000
2025-10-11T08:00:00Z,0.237915
2025-10-11T09:00:00Z,3.154086
2025-10-11T10:00:00Z,2.304486
2025-10-11T11:00:00Z,3.785053
2025-10-11T12:00:00Z,1.555897
2025-10-11T13:00:00Z,0.000000
2025-10-11T14:00:00Z,0.000000
2025-10-11T15:00:00Z,0.000000
2025-10-11T16:00:00Z,0.000000
2025-10-11T17:00:00Z,0.000000
2025-10-11T18:00:00Z,0.000000
2025-10-11T19:00:00Z,0.000000
2025-10-11T20:00:00Z,0.000000
2025-10-11T21:00:00Z,0.000000
2025-10-11T22:00:00Z,0.000000
2025-10-11T23:00:00Z,0.000000
2025-10-12T00:00:00Z,0.000000
2025-10-12T01:00:00Z,0.000000
2025-10-12T02:00:00Z,0.000000
2025-10-12T03:00:00Z,0.000000
2025-10-12T04:00:00Z,0.000000
2025-10-12T05:00:00Z,0.000000
2025-10-12T06:00:00Z,0.000000
2025-10-12T07:00:00Z,0.000000
2025-10-12T08:00:00Z,0.000000
2025-10-12T09:00:00Z,7.152787
2025-10-12T10:00:00Z,10.378222
2025-10-12T11:00:00Z,12.361767
2025-10-12T12:00:00Z,8.768753
2025-10-12T13:00:00Z,2.910901
2025-10-12T14:00:00Z,5.181445
2025-10-12T15:00:00Z,0.000000
2025-10-12T16:00:00Z,0.000000
2025-10-12T17:00:00Z,0.000000
2025-10-12T18:00:00Z,0.000000
2025-10-12T19:00:00Z,0.000000
2025-10-12T20:00:00Z,0.000000
2025-10-12T21:00:00Z,0.000000
2025-10-12T22:00:00Z,0.000000
2025-10-12T23:00:00Z,0.000000
2025-10-13T00:00:00Z,0.000000
2025-10-13T01:00:00Z,0.000000
2025-10-13T02:00:00Z,0.000000
2025-10-13T03:00:00Z,0.000000
2025-10-13T04:00:00Z,0.000000
2025-10-13T05:00:00Z,0.000000
2025-10-13T06:00:00Z,0.000000
2025-10-13T07:00:00Z,1.484319
2025-10-13T08:00:00Z,5.624161
2025-10-13T09:00:00Z,9.700114
2025-10-13T10:00:00Z,5.409886
2025-10-13T11:00:00Z,3.707914
2025-10-13T12:00:00Z,0.795265
2025-10-13T13:00:00Z,0.000000
2025-10-13T14:00:00Z,0.000000
2025-10-13T15:00:00Z,0.000000
2025-10-13T16:00:00Z,0.000000
2025-10-13T17:00:00Z,0.000000
2025-10-13T18:00:00Z,0.000000
2025-10-13T19:00:00Z,0.000000
2025-10-13T20:00:00Z,0.000000
2025-10-13T21:00:00Z,0.000000
2025-10-13T22:00:00Z,0.000000
2025-10-13T23:00:00Z,0.000000
2025-10-14T00:00:00Z,0.000000
2025-10-14T01:00:00Z,0.000000
2025-10-14T02:00:00Z,0.000000
2025-10-14T03:00:00Z,0.000000
2025-10-14T04:00:00Z,0.000000
2025-10-14T05:00:00Z,0.000000
2025-10-14T06:00:00Z,0.000000
2025-10-14T07:00:00Z,0.000000
2025-10-14T08:00:00Z,0.000000
2025-10-14T09:00:00Z,0.000000
2025-10-14T10:00:00Z,0.000000
2025-10-14T11:00:00Z,0.000000
2025-10-14T12:00:00Z,0.000000
2025-10-14T13:00:00Z,0.421380
2025-10-14T14:00:00Z,0.000000
2025-10-14T15:00:00Z,0.000000
2025-10-14T16:00:00Z,0.000000
2025-10-14T17:00:00Z,0.000000
2025-10-14T18:00:00Z,0.000000
2025-10-14T19:00:00Z,0.000000
2025-10-14T20:00:00Z,0.000000
2025-10-14T21:00:00Z,0.000000
2025-10-14T22:00:00Z,0.000000
2025-10-14T23:00:00Z,0.000000
2025-10-15T00:00:00Z,0.000000
2025-10-15T01:00:00Z,0.000000
2025-10-15T02:00:00Z,0.000000
2025-10-15T03:00:00Z,0.000000
2025-10-15T04:00:00Z,0.000000
2025-10-15T05:00:00Z,0.000000
2025-10-15T06:00:00Z,0.000000
2025-10-15T07:00:00Z,0.000000
2025-10-15T08:00:00Z,0.000000
2025-10-15T09:00:00Z,0.000000
2025-10-15T10:00:00Z,0.000000
2025-10-15T11:00:00Z,0.000000
2025-10-15T12:00:00Z,0.000000
2025-10-15T13:00:00Z,0.000000
2025-10-15T14:00:00Z,0.000000
2025-10-15T15:00:00Z,0.000000
2025-10-15T16:00:00Z,0.000000
2025-10-15T17:00:00Z,0.000000
2025-10-15T18:00:00Z,0.000000
2025-10-15T19:00:00Z,0.000000
2025-10-15T20:00:00Z,0.000000
2025-10-15T21:00:00Z,0.000000
2025-10-15T22:00:00Z,0.000000
2025-10-15T23:00:00Z,0.000000
2025-10-16T00:00:00Z,0.000000
2025-10-16T01:00:00Z,0.000000
2025-10-16T02:00:00Z,0.000000
2025-10-16T03:00:00Z,0.000000
2025-10-16T04:00:00Z,0.000000
2025-10-16T05:00:00Z,0.000000
2025-10-16T06:00:00Z,0.000000
2025-10-16T07:00:00Z,0.000000
2025-10-16T08:00:00Z,0.073437
2025-10-16T09:00:00Z,5.021036
2025-10-16T10:00:00Z,1.657376
2025-10-16T11:00:00Z,0.967523
2025-10-16T12:00:00Z,0.000000
2025-10-16T13:00:00Z,0.000000
2025-10-16T14:00:00Z,0.000000
2025-10-16T15:00:00Z,0.000000
2025-10-16T16:00:00Z,0.000000
2025-10-16T17:00:00Z,0.000000
2025-10-16T18:00:00Z,0.000000
2025-10-16T19:00:00Z,0.000000
2025-10-16T20:00:00Z,0.000000
2025-10-16T21:00:00Z,0.000000
2025-10-16T22:00:00Z,0.000000
2025-10-16T23:00:00Z,0.000000
2025-10-17T00:00:00Z,0.000000
2025-10-17T01:00:00Z,0.000000
2025-10-17T02:00:00Z,0.000000
2025-10-17T03:00:00Z,0.000000
2025-10-17T04:00:00Z,0.000000
2025-10-17T05:00:00Z,0.000000
2025-10-17T06:00:00Z,0.000000
2025-10-17T07:00:00Z,1.966648
2025-10-17T08:00:00Z,2.676083
2025-10-17T09:00:00Z,9.971321
2025-10-17T10:00:00Z,5.405951
2025-10-17T11:00:00Z,3.706466
2025-10-17T12:00:00Z,2.182322
2025-10-17T13:00:00Z,3.616181
2025-10-17T14:00:00Z,1.509410
2025-10-17T15:00:00Z,0.000000
2025-10-17T16:00:00Z,0.000000
2025-10-17T17:00:00Z,0.000000
2025-10-17T18:00:00Z,0.000000
2025-10-17T19:00:00Z,0.000000
2025-10-17T20:00:00Z,0.000000
2025-10-17T21:00:00Z,0.000000
2025-10-17T22:00:00Z,0.000000
2025-10-17T23:00:00Z,0.000000
2025-10-18T00:00:00Z,0.000000
2025-10-18T01:00:00Z,0.000000
2025-10-18T02:00:00Z,0.000000
2025-10-18T03:00:00Z,0.000000
2025-10-18T04:00:00Z,0.000000
2025-10-18T05:00:00Z,0.000000
2025-10-18T06:00:00Z,0.000000
2025-10-18T07:00:00Z,1.255931
2025-10-18T08:00:00Z,3.021366
2025-10-18T09:00:00Z,3.372767
2025-10-18T10:00:00Z,10.477423
2025-10-18T11:00:00Z,12.608575
2025-10-18T12:00:00Z,10.692213
2025-10-18T13:00:00Z,7.452828
2025-10-18T14:00:00Z,2.769321
2025-10-18T15:00:00Z,0.000000
2025-10-18T16:00:00Z,0.000000
2025-10-18T17:00:00Z,0.000000
2025-10-18T18:00:00Z,0.000000
2025-10-18T19:00:00Z,0.000000
2025-10-18T20:00:00Z,0.000000
2025-10-18T21:00:00Z,0.000000
2025-10-18T22:00:00Z,0.000000
2025-10-18T23:00:00Z,0.000000
2025-10-19T00:00:00Z,0.000000
2025-10-19T01:00:00Z,0.000000
2025-10-19T02:00:00Z,0.000000
2025-10-19T03:00:00Z,0.000000
2025-10-19T04:00:00Z,0.000000
2025-10-19T05:00:00Z,0.000000
2025-10-19T06:00:00Z,0.000000
2025-10-19T07:00:00Z,0.000000
2025-10-19T08:00:00Z,6.293947
2025-10-19T09:00:00Z,9.709789
2025-10-19T10:00:00Z,11.424413
2025-10-19T11:00:00Z,11.946593
2025-10-19T12:00:00Z,10.475239
2025-10-19T13:00:00Z,7.376769
2025-10-19T14:00:00Z,2.466719
2025-10-19T15:00:00Z,0.000000
2025-10-19T16:00:00Z,0.000000
2025-10-19T17:00:00Z,0.000000
2025-10-19T18:00:00Z,0.000000
2025-10-19T19:00:00Z,0.000000
2025-10-19T20:00:00Z,0.000000
2025-10-19T21:00:00Z,0.000000
2025-10-19T22:00:00Z,0.000000
2025-10-19T23:00:00Z,0.000000
2025-10-20T00:00:00Z,0.000000
2025-10-20T01:00:00Z,0.000000
2025-10-20T02:00:00Z,0.000000
2025-10-20T03:00:00Z,0.000000
2025-10-20T04:00:00Z,0.000000
2025-10-20T05:00:00Z,0.000000
2025-10-20T06:00:00Z,0.000000
2025-10-20T07:00:00Z,0.000000
2025-10-20T08:00:00Z,0.000000
2025-10-20T09:00:00Z,0.000000
2025-10-20T10:00:00Z,0.000000
2025-10-20T11:00:00Z,0.000000
2025-10-20T12:00:00Z,0.000000
2025-10-20T13:00:00Z,0.000000
2025-10-20T14:00:00Z,0.000000
2025-10-20T15:00:00Z,0.000000
2025-10-20T16:00:00Z,0.000000
2025-10-20T17:00:00Z,0.000000
2025-10-20T18:00:00Z,0.000000
2025-10-20T19:00:00Z,0.000000
2025-10-20T20:00:00Z,0.000000
2025-10-20T21:00:00Z,0.000000
2025-10-20T22:00:00Z,0.000000
2025-10-20T23:00:00Z,0.000000
2025-10-21T00:00:00Z,0.000000
2025-10-21T01:00:00Z,0.000000
2025-10-21T02:00:00Z,0.000000
2025-10-21T03:00:00Z,0.000000
2025-10-21T04:00:00Z,0.000000
2025-10-21T05:00:00Z,0.000000
2025-10-21T06:00:00Z,0.000000
2025-10-21T07:00:00Z,0.000000
2025-10-21T08:00:00Z,0.000000
2025-10-21T09:00:00Z,0.000000
2025-10-21T10:00:00Z,0.000000
2025-10-21T11:00:00Z,0.000000
2025-10-21T12:00:00Z,0.000000
2025-10-21T13:00:00Z,0.000000
2025-10-21T14:00:00Z,0.000000
2025-10-21T15:00:00Z,0.000000
2025-10-21T16:00:00Z,0.000000
2025-10-21T17:00:00Z,0.000000
2025-10-21T18:00:00Z,0.000000
2025-10-21T19:00:00Z,0.000000
2025-10-21T20:00:00Z,0.000000
2025-10-21T21:00:00Z,0.000000
2025-10-21T22:00:00Z,0.000000
2025-10-21T23:00:00Z,0.000000
2025-10-22T00:00:00Z,0.000000
2025-10-22T01:00:00Z,0.000000
2025-10-22T02:00:00Z,0.000000
2025-10-22T03:00:00Z,0.000000
2025-10-22T04:00:00Z,0.000000
2025-10-22T05:00:00Z,0.000000
2025-10-22T06:00:00Z,0.000000
2025-10-22T07:00:00Z,0.000000
2025-10-22T08:00:00Z,0.000000
2025-10-22T09:00:00Z,0.000000
2025-10-22T10:00:00Z,0.000000
2025-10-22T11:00:00Z,0.000000
2025-10-22T12:00:00Z,0.000000
2025-10-22T13:00:00Z,0.856321
2025-10-22T14:00:00Z,0.000000
2025-10-22T15:00:00Z,0.000000
2025-10-22T16:00:00Z,0.000000
2025-10-22T17:00:00Z,0.000000
2025-10-22T18:00:00Z,0.000000
2025-10-22T19:00:00Z,0.000000
2025-10-22T20:00:00Z,0.000000
2025-10-22T21:00:00Z,0.000000
2025-10-22T22:00:00Z,0.000000
2025-10-22T23:00:00Z,0.000000
2025-10-23T00:00:00Z,0.000000
2025-10-23T01:00:00Z,0.000000
2025-10-23T02:00:00Z,0.000000
2025-10-23T03:00:00Z,0.000000
2025-10-23T04:00:00Z,0.000000
2025-10-23T05:00:00Z,0.000000
2025-10-23T06:00:00Z,0.000000
2025-10-23T07:00:00Z,0.000000
2025-10-23T08:00:00Z,0.000000
2025-10-23T09:00:00Z,0.000000
2025-10-23T10:00:00Z,0.000000
2025-10-23T11:00:00Z,0.000000
2025-10-23T12:00:00Z,0.000000
2025-10-23T13:00:00Z,0.000000
2025-10-23T14:00:00Z,0.000000
2025-10-23T15:00:00Z,0.000000
2025-10-23T16:00:00Z,0.000000
2025-10-23T17:00:00Z,0.000000
2025-10-23T18:00:00Z,0.000000
2025-10-23T19:00:00Z,0.000000
2025-10-23T20:00:00Z,0.000000
2025-10-23T21:00:00Z,0.000000
2025-10-23T22:00:00Z,0.000000
2025-10-23T23:00:00Z,0.000000
2025-10-24T00:00:00Z,0.000000
2025-10-24T01:00:00Z,0.000000
2025-10-24T02:00:00Z,0.000000
2025-10-24T03:00:00Z,0.000000
2025-10-24T04:00:00Z,0.000000
2025-10-24T05:00:00Z,0.000000
2025-10-24T06:00:00Z,0.000000
2025-10-24T07:00:00Z,0.000000
2025-10-24T08:00:00Z,0.000000
2025-10-24T09:00:00Z,0.000000
2025-10-24T10:00:00Z,2.367810
2025-10-24T11:00:00Z,6.010365
2025-10-24T12:00:00Z,2.435839
2025-10-24T13:00:00Z,1.801931
2025-10-24T14:00:00Z,0.000000
2025-10-24T15:00:00Z,0.000000
2025-10-24T16:00:00Z,0.000000
2025-10-24T17:00:00Z,0.000000
2025-10-24T18:00:00Z,0.000000
2025-10-24T19:00:00Z,0.000000
2025-10-24T20:00:00Z,0.000000
2025-10-24T21:00:00Z,0.000000
2025-10-24T22:00:00Z,0.000000
2025-10-24T23:00:00Z,0.000000
2025-10-25T00:00:00Z,0.000000
2025-10-25T01:00:00Z,0.000000
2025-10-25T02:00:00Z,0.000000
2025-10-25T03:00:00Z,0.000000
2025-10-25T04:00:00Z,0.000000
2025-10-25T05:00:00Z,0.000000
2025-10-25T06:00:00Z,0.000000
2025-10-25T07:00:00Z,0.000000
2025-10-25T08:00:00Z,0.000000
2025-10-25T09:00:00Z,0.000000
2025-10-25T10:00:00Z,0.353795
2025-10-25T11:00:00Z,2.487534
2025-10-25T12:00:00Z,0.000000
2025-10-25T13:00:00Z,0.000000
2025-10-25T14:00:00Z,0.000000
2025-10-25T15:00:00Z,0.000000
2025-10-25T16:00:00Z,0.000000
2025-10-25T17:00:00Z,0.000000
2025-10-25T18:00:00Z,0.000000
2025-10-25T19:00:00Z,0.000000
2025-10-25T20:00:00Z,0.000000
2025-10-25T21:00:00Z,0.000000
2025-10-25T22:00:00Z,0.000000
2025-10-25T23:00:00Z,0.000000
2025-10-26T00:00:00Z,0.000000
2025-10-26T01:00:00Z,0.000000
2025-10-26T02:00:00Z,0.000000
2025-10-26T03:00:00Z,0.000000
2025-10-26T04:00:00Z,0.000000
2025-10-26T05:00:00Z,0.000000
2025-10-26T06:00:00Z,0.000000
2025-10-26T07:00:00Z,0.000000
2025-10-26T08:00:00Z,0.000000
2025-10-26T09:00:00Z,0.000000
2025-10-26T10:00:00Z,0.000000
2025-10-26T11:00:00Z,0.000000
2025-10-26T12:00:00Z,0.000000
2025-10-26T13:00:00Z,0.000000
2025-10-26T14:00:00Z,0.000000
2025-10-26T15:00:00Z,0.000000
2025-10-26T16:00:00Z,0.000000
2025-10-26T17:00:00Z,0.000000
2025-10-26T18:00:00Z,0.000000
2025-10-26T19:00:00Z,0.000000
2025-10-26T20:00:00Z,0.000000
2025-10-26T21:00:00Z,0.000000
2025-10-26T22:00:00Z,0.000000
2025-10-26T23:00:00Z,0.000000
2025-10-27T00:00:00Z,0.000000
2025-10-27T01:00:00Z,0.000000
2025-10-27T02:00:00Z,0.000000
2025-10-27T03:00:00Z,0.000000
2025-10-27T04:00:00Z,0.000000
2025-10-27T05:00:00Z,0.000000
2025-10-27T06:00:00Z,0.000000
2025-10-27T07:00:00Z,0.000000
2025-10-27T08:00:00Z,0.000000
2025-10-27T09:00:00Z,0.000000
2025-10-27T10:00:00Z,0.000000
2025-10-27T11:00:00Z,0.296965
2025-10-27T12:00:00Z,10.786957
2025-10-27T13:00:00Z,7.982218
2025-10-27T14:00:00Z,0.000000
2025-10-27T15:00:00Z,0.000000
2025-10-27T16:00:00Z,0.000000
2025-10-27T17:00:00Z,0.000000
2025-10-27T18:00:00Z,0.000000
2025-10-27T19:00:00Z,0.000000
2025-10-27T20:00:00Z,0.000000
2025-10-27T21:00:00Z,0.000000
2025-10-27T22:00:00Z,0.000000
2025-10-27T23:00:00Z,0.000000
2025-10-28T00:00:00Z,0.000000
2025-10-28T01:00:00Z,0.000000
2025-10-28T02:00:00Z,0.000000
2025-10-28T03:00:00Z,0.000000
2025-10-28T04:00:00Z,0.000000
2025-10-28T05:00:00Z,0.000000
2025-10-28T06:00:00Z,0.000000
2025-10-28T07:00:00Z,0.000000
2025-10-28T08:00:00Z,0.000000
2025-10-28T09:00:00Z,0.000000
2025-10-28T10:00:00Z,0.000000
2025-10-28T11:00:00Z,0.000000
2025-10-28T12:00:00Z,0.000000
2025-10-28T13:00:00Z,0.000000
2025-10-28T14:00:00Z,0.000000
2025-10-28T15:00:00Z,0.000000
2025-10-28T16:00:00Z,0.000000
2025-10-28T17:00:00Z,0.000000
2025-10-28T18:00:00Z,0.000000
2025-10-28T19:00:00Z,0.000000
2025-10-28T20:00:00Z,0.000000
2025-10-28T21:00:00Z,0.000000
2025-10-28T22:00:00Z,0.000000
2025-10-28T23:00:00Z,0.000000
2025-10-29T00:00:00Z,0.000000
2025-10-29T01:00:00Z,0.000000
2025-10-29T02:00:00Z,0.000000
2025-10-29T03:00:00Z,0.000000
2025-10-29T04:00:00Z,0.000000
2025-10-29T05:00:00Z,0.000000
2025-10-29T06:00:00Z,0.000000
2025-10-29T07:00:00Z,0.000000
2025-10-29T08:00:00Z,0.000000
2025-10-29T09:00:00Z,0.000000
2025-10-29T10:00:00Z,0.000000
2025-10-29T11:00:00Z,0.000000
2025-10-29T12:00:00Z,0.000000
2025-10-29T13:00:00Z,0.000000
2025-10-29T14:00:00Z,0.000000
2025-10-29T15:00:00Z,0.000000
2025-10-29T16:00:00Z,0.000000
2025-10-29T17:00:00Z,0.000000
2025-10-29T18:00:00Z,0.000000
2025-10-29T19:00:00Z,0.000000
2025-10-29T20:00:00Z,0.000000
2025-10-29T21:00:00Z,0.000000
2025-10-29T22:00:00Z,0.000000
2025-10-29T23:00:00Z,0.000000
2025-10-30T00:00:00Z,0.000000
2025-10-30T01:00:00Z,0.000000
2025-10-30T02:00:00Z,0.000000
2025-10-30T03:00:00Z,0.000000
2025-10-30T04:00:00Z,0.000000
2025-10-30T05:00:00Z,0.000000
2025-10-30T06:00:00Z,0.000000
2025-10-30T07:00:00Z,0.000000
2025-10-30T08:00:00Z,0.000000
2025-10-30T09:00:00Z,1.839542
2025-10-30T10:00:00Z,9.058966
2025-10-30T11:00:00Z,3.177742
2025-10-30T12:00:00Z,0.000000
2025-10-30T13:00:00Z,0.000000
2025-10-30T14:00:00Z,0.164667
2025-10-30T15:00:00Z,0.000000
2025-10-30T16:00:00Z,0.000000
2025-10-30T17:00:00Z,0.000000
2025-10-30T18:00:00Z,0.000000
2025-10-30T19:00:00Z,0.000000
2025-10-30T20:00:00Z,0.000000
2025-10-30T21:00:00Z,0.000000
2025-10-30T22:00:00Z,0.000000
2025-10-30T23:00:00Z,0.000000
2025-10-31T00:00:00Z,0.000000
2025-10-31T01:00:00Z,0.000000
2025-10-31T02:00:00Z,0.000000
2025-10-31T03:00:00Z,0.000000
2025-10-31T04:00:00Z,0.000000
2025-10-31T05:00:00Z,0.000000
2025-10-31T06:00:00Z,0.000000
2025-10-31T07:00:00Z,0.000000
2025-10-31T08:00:00Z,0.000000
2025-10-31T09:00:00Z,1.317768
2025-10-31T10:00:00Z,4.472564
2025-10-31T11:00:00Z,1.857159
2025-10-31T12:00:00Z,0.084996
2025-10-31T13:00:00Z,0.000000
2025-10-31T14:00:00Z,0.000000
2025-10-31T15:00:00Z,0.000000
2025-10-31T16:00:00Z,0.000000
2025-10-31T17:00:00Z,0.000000
2025-10-31T18:00:00Z,0.000000
2025-10-31T19:00:00Z,0.000000
2025-10-31T20:00:00Z,0.000000
2025-10-31T21:00:00Z,0.000000
2025-10-31T22:00:00Z,0.000000
2025-10-31T23:00:00Z,0.000000
2025-11-01T00:00:00Z,0.000000
2025-11-01T01:00:00Z,0.000000
2025-11-01T02:00:00Z,0.000000
2025-11-01T03:00:00Z,0.000000
2025-11-01T04:00:00Z,0.000000
2025-11-01T05:00:00Z,0.000000
2025-11-01T06:00:00Z,0.000000
2025-11-01T07:00:00Z,0.000000
2025-11-01T08:00:00Z,0.000000
2025-11-01T09:00:00Z,0.000000
2025-11-01T10:00:00Z,0.000000
2025-11-01T11:00:00Z,0.000000
2025-11-01T12:00:00Z,0.000000
2025-11-01T13:00:00Z,0.000000
2025-11-01T14:00:00Z,0.000000
2025-11-01T15:00:00Z,0.000000
2025-11-01T16:00:00Z,0.000000
2025-11-01T17:00:00Z,0.000000
2025-11-01T18:00:00Z,0.000000
2025-11-01T19:00:00Z,0.000000
2025-11-01T20:00:00Z,0.000000
2025-11-01T21:00:00Z,0.000000
2025-11-01T22:00:00Z,0.000000
2025-11-01T23:00:00Z,0.000000
2025-11-02T00:00:00Z,0.000000
2025-11-02T01:00:00Z,0.000000
2025-11-02T02:00:00Z,0.000000
2025-11-02T03:00:00Z,0.000000
2025-11-02T04:00:00Z,0.000000
2025-11-02T05:00:00Z,0.000000
2025-11-02T06:00:00Z,0.000000
2025-11-02T07:00:00Z,0.000000
2025-11-02T08:00:00Z,0.000000
2025-11-02T09:00:00Z,5.911778
2025-11-02T10:00:00Z,0.000000
2025-11-02T11:00:00Z,0.000000
2025-11-02T12:00:00Z,1.834185
2025-11-02T13:00:00Z,1.248433
2025-11-02T14:00:00Z,0.000000
2025-11-02T15:00:00Z,0.000000
2025-11-02T16:00:00Z,0.000000
2025-11-02T17:00:00Z,0.000000
2025-11-02T18:00:00Z,0.000000
2025-11-02T19:00:00Z,0.000000
2025-11-02T20:00:00Z,0.000000
2025-11-02T21:00:00Z,0.000000
2025-11-02T22:00:00Z,0.000000
2025-11-02T23:00:00Z,0.000000
2025-11-03T00:00:00Z,0.000000
2025-11-03T01:00:00Z,0.000000
2025-11-03T02:00:00Z,0.000000
2025-11-03T03:00:00Z,0.000000
2025-11-03T04:00:00Z,0.000000
2025-11-03T05:00:00Z,0.000000
2025-11-03T06:00:00Z,0.000000
2025-11-03T07:00:00Z,0.000000
2025-11-03T08:00:00Z,0.000000
2025-11-03T09:00:00Z,0.000000
2025-11-03T10:00:00Z,1.248805
2025-11-03T11:00:00Z,0.000000
2025-11-03T12:00:00Z,0.000000
2025-11-03T13:00:00Z,0.000000
2025-11-03T14:00:00Z,0.000000
2025-11-03T15:00:00Z,0.000000
2025-11-03T16:00:00Z,0.000000
2025-11-03T17:00:00Z,0.000000
2025-11-03T18:00:00Z,0.000000
2025-11-03T19:00:00Z,0.000000
2025-11-03T20:00:00Z,0.000000
2025-11-03T21:00:00Z,0.000000
2025-11-03T22:00:00Z,0.000000
2025-11-03T23:00:00Z,0.000000
2025-11-04T00:00:00Z,0.000000
2025-11-04T01:00:00Z,0.000000
2025-11-04T02:00:00Z,0.000000
2025-11-04T03:00:00Z,0.000000
2025-11-04T04:00:00Z,0.000000
2025-11-04T05:00:00Z,0.000000
2025-11-04T06:00:00Z,0.000000
2025-11-04T07:00:00Z,0.000000
2025-11-04T08:00:00Z,0.000000
2025-11-04T09:00:00Z,0.000000
2025-11-04T10:00:00Z,0.000000
2025-11-04T11:00:00Z,0.000000
2025-11-04T12:00:00Z,0.000000
2025-11-04T13:00:00Z,0.000000
2025-11-04T14:00:00Z,0.000000
2025-11-04T15:00:00Z,0.000000
2025-11-04T16:00:00Z,0.000000
2025-11-04T17:00:00Z,0.000000
2025-11-04T18:00:00Z,0.000000
2025-11-04T19:00:00Z,0.000000
2025-11-04T20:00:00Z,0.000000
2025-11-04T21:00:00Z,0.000000
2025-11-04T22:00:00Z,0.000000
2025-11-04T23:00:00Z,0.000000
2025-11-05T00:00:00Z,0.000000
2025-11-05T01:00:00Z,0.000000
2025-11-05T02:00:00Z,0.000000
2025-11-05T03:00:00Z,0.000000
2025-11-05T04:00:00Z,0.000000
2025-11-05T05:00:00Z,0.000000
2025-11-05T06:00:00Z,0.000000
2025-11-05T07:00:00Z,0.000000
2025-11-05T08:00:00Z,0.000000
2025-11-05T09:00:00Z,0.000000
2025-11-05T10:00:00Z,0.000000
2025-11-05T11:00:00Z,0.000000
2025-11-05T12:00:00Z,0.000000
2025-11-05T13:00:00Z,0.000000
2025-11-05T14:00:00Z,0.000000
2025-11-05T15:00:00Z,0.000000
2025-11-05T16:00:00Z,0.000000
2025-11-05T17:00:00Z,0.000000
2025-11-05T18:00:00Z,0.000000
2025-11-05T19:00:00Z,0.000000
2025-11-05T20:00:00Z,0.000000
2025-11-05T21:00:00Z,0.000000
2025-11-05T22:00:00Z,0.000000
2025-11-05T23:00:00Z,0.000000
2025-11-06T00:00:00Z,0.000000
2025-11-06T01:00:00Z,0.000000
2025-11-06T02:00:00Z,0.000000
2025-11-06T03:00:00Z,0.000000
2025-11-06T04:00:00Z,0.000000
2025-11-06T05:00:00Z,0.000000
2025-11-06T06:00:00Z,0.000000
2025-11-06T07:00:00Z,0.000000
2025-11-06T08:00:00Z,0.000000
2025-11-06T09:00:00Z,0.000000
2025-11-06T10:00:00Z,5.507381
2025-11-06T11:00:00Z,7.262175
2025-11-06T12:00:00Z,5.203667
2025-11-06T13:00:00Z,0.000000
2025-11-06T14:00:00Z,0.000000
2025-11-06T15:00:00Z,0.000000
2025-11-06T16:00:00Z,0.000000
2025-11-06T17:00:00Z,0.000000
2025-11-06T18:00:00Z,0.000000
2025-11-06T19:00:00Z,0.000000
2025-11-06T20:00:00Z,0.000000
2025-11-06T21:00:00Z,0.000000
2025-11-06T22:00:00Z,0.000000
2025-11-06T23:00:00Z,0.000000
2025-11-07T00:00:00Z,0.000000
2025-11-07T01:00:00Z,0.000000
2025-11-07T02:00:00Z,0.000000
2025-11-07T03:00:00Z,0.000000
2025-11-07T04:00:00Z,0.000000
2025-11-07T05:00:00Z,0.000000
2025-11-07T06:00:00Z,0.000000
2025-11-07T07:00:00Z,0.000000
2025-11-07T08:00:00Z,0.000000
2025-11-07T09:00:00Z,0.000000
2025-11-07T10:00:00Z,0.000000
2025-11-07T11:00:00Z,0.000000
2025-11-07T12:00:00Z,1.408291
2025-11-07T13:00:00Z,0.000000
2025-11-07T14:00:00Z,0.000000
2025-11-07T15:00:00Z,0.000000
2025-11-07T16:00:00Z,0.000000
2025-11-07T17:00:00Z,0.000000
2025-11-07T18:00:00Z,0.000000
2025-11-07T19:00:00Z,0.000000
2025-11-07T20:00:00Z,0.000000
2025-11-07T21:00:00Z,0.000000
2025-11-07T22:00:00Z,0.000000
2025-11-07T23:00:00Z,0.000000
2025-11-08T00:00:00Z,0.000000
2025-11-08T01:00:00Z,0.000000
2025-11-08T02:00:00Z,0.000000
2025-11-08T03:00:00Z,0.000000
2025-11-08T04:00:00Z,0.000000
2025-11-08T05:00:00Z,0.000000
2025-11-08T06:00:00Z,0.000000
2025-11-08T07:00:00Z,0.000000
2025-11-08T08:00:00Z,0.000000
2025-11-08T09:00:00Z,0.000000
2025-11-08T10:00:00Z,0.000000
2025-11-08T11:00:00Z,0.000000
2025-11-08T12:00:00Z,0.000000
2025-11-08T13:00:00Z,0.000000
2025-11-08T14:00:00Z,0.000000
2025-11-08T15:00:00Z,0.000000
2025-11-08T16:00:00Z,0.000000
2025-11-08T17:00:00Z,0.000000
2025-11-08T18:00:00Z,0.000000
2025-11-08T19:00:00Z,0.000000
2025-11-08T20:00:00Z,0.000000
2025-11-08T21:00:00Z,0.000000
2025-11-08T22:00:00Z,0.000000
2025-11-08T23:00:00Z,0.000000
2025-11-09T00:00:00Z,0.000000
2025-11-09T01:00:00Z,0.000000
2025-11-09T02:00:00Z,0.000000
2025-11-09T03:00:00Z,0.000000
2025-11-09T04:00:00Z,0.000000
2025-11-09T05:00:00Z,0.000000
2025-11-09T06:00:00Z,0.000000
2025-11-09T07:00:00Z,0.000000
2025-11-09T08:00:00Z,0.000000
2025-11-09T09:00:00Z,0.000000
2025-11-09T10:00:00Z,0.000000
2025-11-09T11:00:00Z,0.000000
2025-11-09T12:00:00Z,0.000000
2025-11-09T13:00:00Z,0.000000
2025-11-09T14:00:00Z,0.000000
2025-11-09T15:00:00Z,0.000000
2025-11-09T16:00:00Z,0.000000
2025-11-09T17:00:00Z,0.000000
2025-11-09T18:00:00Z,0.000000
2025-11-09T19:00:00Z,0.000000
2025-11-09T20:00:00Z,0.000000
2025-11-09T21:00:00Z,0.000000
2025-11-09T22:00:00Z,0.000000
2025-11-09T23:00:00Z,0.000000
2025-11-10T00:00:00Z,0.000000
2025-11-10T01:00:00Z,0.000000
2025-11-10T02:00:00Z,0.000000
2025-11-10T03:00:00Z,0.000000
2025-11-10T04:00:00Z,0.000000
2025-11-10T05:00:00Z,0.000000
2025-11-10T06:00:00Z,0.000000
2025-11-10T07:00:00Z,0.000000
2025-11-10T08:00:00Z,0.000000
2025-11-10T09:00:00Z,0.000000
2025-11-10T10:00:00Z,2.452606
2025-11-10T11:00:00Z,6.776986
2025-11-10T12:00:00Z,0.000000
2025-11-10T13:00:00Z,0.000000
2025-11-10T14:00:00Z,0.000000
2025-11-10T15:00:00Z,0.000000
2025-11-10T16:00:00Z,0.000000
2025-11-10T17:00:00Z,0.000000
2025-11-10T18:00:00Z,0.000000
2025-11-10T19:00:00Z,0.000000
2025-11-10T20:00:00Z,0.000000
2025-11-10T21:00:00Z,0.000000
2025-11-10T22:00:00Z,0.000000
2025-11-10T23:00:00Z,0.000000
2025-11-11T00:00:00Z,0.000000
2025-11-11T01:00:00Z,0.000000
2025-11-11T02:00:00Z,0.000000
2025-11-11T03:00:00Z,0.000000
2025-11-11T04:00:00Z,0.000000
2025-11-11T05:00:00Z,0.000000
2025-11-11T06:00:00Z,0.000000
2025-11-11T07:00:00Z,0.000000
2025-11-11T08:00:00Z,0.000000
2025-11-11T09:00:00Z,0.000000
2025-11-11T10:00:00Z,0.000000
2025-11-11T11:00:00Z,0.000000
2025-11-11T12:00:00Z,0.000000
2025-11-11T13:00:00Z,0.000000
2025-11-11T14:00:00Z,0.000000
2025-11-11T15:00:00Z,0.000000
2025-11-11T16:00:00Z,0.000000
2025-11-11T17:00:00Z,0.000000
2025-11-11T18:00:00Z,0.000000
2025-11-11T19:00:00Z,0.000000
2025-11-11T20:00:00Z,0.000000
2025-11-11T21:00:00Z,0.000000
2025-11-11T22:00:00Z,0.000000
2025-11-11T23:00:00Z,0.000000
2025-11-12T00:00:00Z,0.000000
2025-11-12T01:00:00Z,0.000000
2025-11-12T02:00:00Z,0.000000
2025-11-12T03:00:00Z,0.000000
2025-11-12T04:00:00Z,0.000000
2025-11-12T05:00:00Z,0.000000
2025-11-12T06:00:00Z,0.000000
2025-11-12T07:00:00Z,0.000000
2025-11-12T08:00:00Z,0.000000
2025-11-12T09:00:00Z,0.000000
2025-11-12T10:00:00Z,0.000000
2025-11-12T11:00:00Z,0.000000
2025-11-12T12:00:00Z,0.000000
2025-11-12T13:00:00Z,0.000000
2025-11-12T14:00:00Z,0.000000
2025-11-12T15:00:00Z,0.000000
2025-11-12T16:00:00Z,0.000000
2025-11-12T17:00:00Z,0.000000
2025-11-12T18:00:00Z,0.000000
2025-11-12T19:00:00Z,0.000000
2025-11-12T20:00:00Z,0.000000
2025-11-12T21:00:00Z,0.000000
2025-11-12T22:00:00Z,0.000000
2025-11-12T23:00:00Z,0.000000
2025-11-13T00:00:00Z,0.000000
2025-11-13T01:00:00Z,0.000000
2025-11-13T02:00:00Z,0.000000
2025-11-13T03:00:00Z,0.000000
2025-11-13T04:00:00Z,0.000000
2025-11-13T05:00:00Z,0.000000
2025-11-13T06:00:00Z,0.000000
2025-11-13T07:00:00Z,0.000000
2025-11-13T08:00:00Z,0.000000
2025-11-13T09:00:00Z,0.000000
2025-11-13T10:00:00Z,0.000000
2025-11-13T11:00:00Z,0.000000
2025-11-13T12:00:00Z,0.000000
2025-11-13T13:00:00Z,0.000000
2025-11-13T14:00:00Z,0.000000
2025-11-13T15:00:00Z,0.000000
2025-11-13T16:00:00Z,0.000000
2025-11-13T17:00:00Z,0.000000
2025-11-13T18:00:00Z,0.000000
2025-11-13T19:00:00Z,0.000000
2025-11-13T20:00:00Z,0.000000
2025-11-13T21:00:00Z,0.000000
2025-11-13T22:00:00Z,0.000000
2025-11-13T23:00:00Z,0.000000
2025-11-14T00:00:00Z,0.000000
2025-11-14T01:00:00Z,0.000000
2025-11-14T02:00:00Z,0.000000
2025-11-14T03:00:00Z,0.000000
2025-11-14T04:00:00Z,0.000000
2025-11-14T05:00:00Z,0.000000
2025-11-14T06:00:00Z,0.000000
2025-11-14T07:00:00Z,0.000000
2025-11-14T08:00:00Z,0.000000
2025-11-14T09:00:00Z,0.000000
2025-11-14T10:00:00Z,0.000000
2025-11-14T11:00:00Z,0.000000
2025-11-14T12:00:00Z,0.000000
2025-11-14T13:00:00Z,0.000000
2025-11-14T14:00:00Z,0.000000
2025-11-14T15:00:00Z,0.000000
2025-11-14T16:00:00Z,0.000000
2025-11-14T17:00:00Z,0.000000
2025-11-14T18:00:00Z,0.000000
2025-11-14T19:00:00Z,0.000000
2025-11-14T20:00:00Z,0.000000
2025-11-14T21:00:00Z,0.000000
2025-11-14T22:00:00Z,0.000000
2025-11-14T23:00:00Z,0.000000
2025-11-15T00:00:00Z,0.000000
2025-11-15T01:00:00Z,0.000000
2025-11-15T02:00:00Z,0.000000
2025-11-15T03:00:00Z,0.000000
2025-11-15T04:00:00Z,0.000000
2025-11-15T05:00:00Z,0.000000
2025-11-15T06:00:00Z,0.000000
2025-11-15T07:00:00Z,0.000000
2025-11-15T08:00:00Z,0.000000
2025-11-15T09:00:00Z,3.167169
2025-11-15T10:00:00Z,5.489465
2025-11-15T11:00:00Z,5.892632
2025-11-15T12:00:00Z,4.037727
2025-11-15T13:00:00Z,0.964036
2025-11-15T14:00:00Z,0.000000
2025-11-15T15:00:00Z,0.000000
2025-11-15T16:00:00Z,0.000000
2025-11-15T17:00:00Z,0.000000
2025-11-15T18:00:00Z,0.000000
2025-11-15T19:00:00Z,0.000000
2025-11-15T20:00:00Z,0.000000
2025-11-15T21:00:00Z,0.000000
2025-11-15T22:00:00Z,0.000000
2025-11-15T23:00:00Z,0.000000
2025-11-16T00:00:00Z,0.000000
2025-11-16T01:00:00Z,0.000000
2025-11-16T02:00:00Z,0.000000
2025-11-16T03:00:00Z,0.000000
2025-11-16T04:00:00Z,0.000000
2025-11-16T05:00:00Z,0.000000
2025-11-16T06:00:00Z,0.000000
2025-11-16T07:00:00Z,0.000000
2025-11-16T08:00:00Z,0.000000
2025-11-16T09:00:00Z,3.046579
2025-11-16T10:00:00Z,7.220498
2025-11-16T11:00:00Z,0.193065
2025-11-16T12:00:00Z,0.000000
2025-11-16T13:00:00Z,0.000000
2025-11-16T14:00:00Z,0.000000
2025-11-16T15:00:00Z,0.000000
2025-11-16T16:00:00Z,0.000000
2025-11-16T17:00:00Z,0.000000
2025-11-16T18:00:00Z,0.000000
2025-11-16T19:00:00Z,0.000000
2025-11-16T20:00:00Z,0.000000
2025-11-16T21:00:00Z,0.000000
2025-11-16T22:00:00Z,0.000000
2025-11-16T23:00:00Z,0.000000
2025-11-17T00:00:00Z,0.000000
2025-11-17T01:00:00Z,0.000000
2025-11-17T02:00:00Z,0.000000
2025-11-17T03:00:00Z,0.000000
2025-11-17T04:00:00Z,0.000000
2025-11-17T05:00:00Z,0.000000
2025-11-17T06:00:00Z,0.000000
2025-11-17T07:00:00Z,0.000000
2025-11-17T08:00:00Z,0.000000
2025-11-17T09:00:00Z,2.212512
2025-11-17T10:00:00Z,4.473132
2025-11-17T11:00:00Z,5.197094
2025-11-17T12:00:00Z,3.343490
2025-11-17T13:00:00Z,0.132619
2025-11-17T14:00:00Z,0.000000
2025-11-17T15:00:00Z,0.000000
2025-11-17T16:00:00Z,0.000000
2025-11-17T17:00:00Z,0.000000
2025-11-17T18:00:00Z,0.000000
2025-11-17T19:00:00Z,0.000000
2025-11-17T20:00:00Z,0.000000
2025-11-17T21:00:00Z,0.000000
2025-11-17T22:00:00Z,0.000000
2025-11-17T23:00:00Z,0.000000
2025-11-18T00:00:00Z,0.000000
2025-11-18T01:00:00Z,0.000000
2025-11-18T02:00:00Z,0.000000
2025-11-18T03:00:00Z,0.000000
2025-11-18T04:00:00Z,0.000000
2025-11-18T05:00:00Z,0.000000
2025-11-18T06:00:00Z,0.000000
2025-11-18T07:00:00Z,0.000000
2025-11-18T08:00:00Z,0.000000
2025-11-18T09:00:00Z,0.000000
2025-11-18T10:00:00Z,0.550914
2025-11-18T11:00:00Z,1.898835
2025-11-18T12:00:00Z,0.000000
2025-11-18T13:00:00Z,0.000000
2025-11-18T14:00:00Z,0.000000
2025-11-18T15:00:00Z,0.000000
2025-11-18T16:00:00Z,0.000000
2025-11-18T17:00:00Z,0.000000
2025-11-18T18:00:00Z,0.000000
2025-11-18T19:00:00Z,0.000000
2025-11-18T20:00:00Z,0.000000
2025-11-18T21:00:00Z,0.000000
2025-11-18T22:00:00Z,0.000000
2025-11-18T23:00:00Z,0.000000
2025-11-19T00:00:00Z,0.000000
2025-11-19T01:00:00Z,0.000000
2025-11-19T02:00:00Z,0.000000
2025-11-19T03:00:00Z,0.000000
2025-11-19T04:00:00Z,0.000000
2025-11-19T05:00:00Z,0.000000
2025-11-19T06:00:00Z,0.000000
2025-11-19T07:00:00Z,0.000000
2025-11-19T08:00:00Z,0.000000
2025-11-19T09:00:00Z,0.000000
2025-11-19T10:00:00Z,0.377903
2025-11-19T11:00:00Z,0.000000
2025-11-19T12:00:00Z,0.000000
2025-11-19T13:00:00Z,0.497745
2025-11-19T14:00:00Z,0.000000
2025-11-19T15:00:00Z,0.000000
2025-11-19T16:00:00Z,0.000000
2025-11-19T17:00:00Z,0.000000
2025-11-19T18:00:00Z,0.000000
2025-11-19T19:00:00Z,0.000000
2025-11-19T20:00:00Z,0.000000
2025-11-19T21:00:00Z,0.000000
2025-11-19T22:00:00Z,0.000000
2025-11-19T23:00:00Z,0.000000
2025-11-20T00:00:00Z,0.000000
2025-11-20T01:00:00Z,0.000000
2025-11-20T02:00:00Z,0.000000
2025-11-20T03:00:00Z,0.000000
2025-11-20T04:00:00Z,0.000000
2025-11-20T05:00:00Z,0.000000
2025-11-20T06:00:00Z,0.000000
2025-11-20T07:00:00Z,0.000000
2025-11-20T08:00:00Z,0.000000
2025-11-20T09:00:00Z,2.068502
2025-11-20T10:00:00Z,4.306220
2025-11-20T11:00:00Z,1.796180
2025-11-20T12:00:00Z,0.000000
2025-11-20T13:00:00Z,0.000000
2025-11-20T14:00:00Z,0.000000
2025-11-20T15:00:00Z,0.000000
2025-11-20T16:00:00Z,0.000000
2025-11-20T17:00:00Z,0.000000
2025-11-20T18:00:00Z,0.000000
2025-11-20T19:00:00Z,0.000000
2025-11-20T20:00:00Z,0.000000
2025-11-20T21:00:00Z,0.000000
2025-11-20T22:00:00Z,0.000000
2025-11-20T23:00:00Z,0.000000
2025-11-21T00:00:00Z,0.000000
2025-11-21T01:00:00Z,0.000000
2025-11-21T02:00:00Z,0.000000
2025-11-21T03:00:00Z,0.000000
2025-11-21T04:00:00Z,0.000000
2025-11-21T05:00:00Z,0.000000
2025-11-21T06:00:00Z,0.000000
2025-11-21T07:00:00Z,0.000000
2025-11-21T08:00:00Z,0.000000
2025-11-21T09:00:00Z,1.677817
2025-11-21T10:00:00Z,4.122615
2025-11-21T11:00:00Z,4.553816
2025-11-21T12:00:00Z,2.771995
2025-11-21T13:00:00Z,0.000000
2025-11-21T14:00:00Z,0.000000
2025-11-21T15:00:00Z,0.000000
2025-11-21T16:00:00Z,0.000000
2025-11-21T17:00:00Z,0.000000
2025-11-21T18:00:00Z,0.000000
2025-11-21T19:00:00Z,0.000000
2025-11-21T20:00:00Z,0.000000
2025-11-21T21:00:00Z,0.000000
2025-11-21T22:00:00Z,0.000000
2025-11-21T23:00:00Z,0.000000
2025-11-22T00:00:00Z,0.000000
2025-11-22T01:00:00Z,0.000000
2025-11-22T02:00:00Z,0.000000
2025-11-22T03:00:00Z,0.000000
2025-11-22T04:00:00Z,0.000000
2025-11-22T05:00:00Z,0.000000
2025-11-22T06:00:00Z,0.000000
2025-11-22T07:00:00Z,0.000000
2025-11-22T08:00:00Z,0.000000
2025-11-22T09:00:00Z,0.000000
2025-11-22T10:00:00Z,0.000000
2025-11-22T11:00:00Z,0.000000
2025-11-22T12:00:00Z,0.000000
2025-11-22T13:00:00Z,0.000000
2025-11-22T14:00:00Z,0.000000
2025-11-22T15:00:00Z,0.000000
2025-11-22T16:00:00Z,0.000000
2025-11-22T17:00:00Z,0.000000
2025-11-22T18:00:00Z,0.000000
2025-11-22T19:00:00Z,0.000000
2025-11-22T20:00:00Z,0.000000
2025-11-22T21:00:00Z,0.000000
2025-11-22T22:00:00Z,0.000000
2025-11-22T23:00:00Z,0.000000
2025-11-23T00:00:00Z,0.000000
2025-11-23T01:00:00Z,0.000000
2025-11-23T02:00:00Z,0.000000
2025-11-23T03:00:00Z,0.000000
2025-11-23T04:00:00Z,0.000000
2025-11-23T05:00:00Z,0.000000
2025-11-23T06:00:00Z,0.000000
2025-11-23T07:00:00Z,0.000000
2025-11-23T08:00:00Z,0.000000
2025-11-23T09:00:00Z,0.000000
2025-11-23T10:00:00Z,0.000000
2025-11-23T11:00:00Z,0.000000
2025-11-23T12:00:00Z,0.000000
2025-11-23T13:00:00Z,0.000000
2025-11-23T14:00:00Z,0.000000
2025-11-23T15:00:00Z,0.000000
2025-11-23T16:00:00Z,0.000000
2025-11-23T17:00:00Z,0.000000
2025-11-23T18:00:00Z,0.000000
2025-11-23T19:00:00Z,0.000000
2025-11-23T20:00:00Z,0.000000
2025-11-23T21:00:00Z,0.000000
2025-11-23T22:00:00Z,0.000000
2025-11-23T23:00:00Z,0.000000
2025-11-24T00:00:00Z,0.000000
2025-11-24T01:00:00Z,0.000000
2025-11-24T02:00:00Z,0.000000
2025-11-24T03:00:00Z,0.000000
2025-11-24T04:00:00Z,0.000000
2025-11-24T05:00:00Z,0.000000
2025-11-24T06:00:00Z,0.000000
2025-11-24T07:00:00Z,0.000000
2025-11-24T08:00:00Z,0.000000
2025-11-24T09:00:00Z,0.000000
2025-11-24T10:00:00Z,0.000000
2025-11-24T11:00:00Z,0.000000
2025-11-24T12:00:00Z,0.000000
2025-11-24T13:00:00Z,0.000000
2025-11-24T14:00:00Z,0.000000
2025-11-24T15:00:00Z,0.000000
2025-11-24T16:00:00Z,0.000000
2025-11-24T17:00:00Z,0.000000
2025-11-24T18:00:00Z,0.000000
2025-11-24T19:00:00Z,0.000000
2025-11-24T20:00:00Z,0.000000
2025-11-24T21:00:00Z,0.000000
2025-11-24T22:00:00Z,0.000000
2025-11-24T23:00:00Z,0.000000
2025-11-25T00:00:00Z,0.000000
2025-11-25T01:00:00Z,0.000000
2025-11-25T02:00:00Z,0.000000
2025-11-25T03:00:00Z,0.000000
2025-11-25T04:00:00Z,0.000000
2025-11-25T05:00:00Z,0.000000
2025-11-25T06:00:00Z,0.000000
2025-11-25T07:00:00Z,0.000000
2025-11-25T08:00:00Z,0.000000
2025-11-25T09:00:00Z,0.000000
2025-11-25T10:00:00Z,0.000000
2025-11-25T11:00:00Z,0.000000
2025-11-25T12:00:00Z,0.000000
2025-11-25T13:00:00Z,0.000000
2025-11-25T14:00:00Z,0.000000
2025-11-25T15:00:00Z,0.000000
2025-11-25T16:00:00Z,0.000000
2025-11-25T17:00:00Z,0.000000
2025-11-25T18:00:00Z,0.000000
2025-11-25T19:00:00Z,0.000000
2025-11-25T20:00:00Z,0.000000
2025-11-25T21:00:00Z,0.000000
2025-11-25T22:00:00Z,0.000000
2025-11-25T23:00:00Z,0.000000
2025-11-26T00:00:00Z,0.000000
2025-11-26T01:00:00Z,0.000000
2025-11-26T02:00:00Z,0.000000
2025-11-26T03:00:00Z,0.000000
2025-11-26T04:00:00Z,0.000000
2025-11-26T05:00:00Z,0.000000
2025-11-26T06:00:00Z,0.000000
2025-11-26T07:00:00Z,0.000000
2025-11-26T08:00:00Z,0.000000
2025-11-26T09:00:00Z,0.000000
2025-11-26T10:00:00Z,2.253381
2025-11-26T11:00:00Z,2.943228
2025-11-26T12:00:00Z,0.198812
2025-11-26T13:00:00Z,0.000000
2025-11-26T14:00:00Z,0.000000
2025-11-26T15:00:00Z,0.000000
2025-11-26T16:00:00Z,0.000000
2025-11-26T17:00:00Z,0.000000
2025-11-26T18:00:00Z,0.000000
2025-11-26T19:00:00Z,0.000000
2025-11-26T20:00:00Z,0.000000
2025-11-26T21:00:00Z,0.000000
2025-11-26T22:00:00Z,0.000000
2025-11-26T23:00:00Z,0.000000
2025-11-27T00:00:00Z,0.000000
2025-11-27T01:00:00Z,0.000000
2025-11-27T02:00:00Z,0.000000
2025-11-27T03:00:00Z,0.000000
2025-11-27T04:00:00Z,0.000000
2025-11-27T05:00:00Z,0.000000
2025-11-27T06:00:00Z,0.000000
2025-11-27T07:00:00Z,0.000000
2025-11-27T08:00:00Z,0.000000
2025-11-27T09:00:00Z,0.000000
2025-11-27T10:00:00Z,0.000000
2025-11-27T11:00:00Z,0.000000
2025-11-27T12:00:00Z,0.000000
2025-11-27T13:00:00Z,0.000000
2025-11-27T14:00:00Z,0.000000
2025-11-27T15:00:00Z,0.000000
2025-11-27T16:00:00Z,0.000000
2025-11-27T17:00:00Z,0.000000
2025-11-27T18:00:00Z,0.000000
2025-11-27T19:00:00Z,0.000000
2025-11-27T20:00:00Z,0.000000
2025-11-27T21:00:00Z,0.000000
2025-11-27T22:00:00Z,0.000000
2025-11-27T23:00:00Z,0.000000
2025-11-28T00:00:00Z,0.000000
2025-11-28T01:00:00Z,0.000000
2025-11-28T02:00:00Z,0.000000
2025-11-28T03:00:00Z,0.000000
2025-11-28T04:00:00Z,0.000000
2025-11-28T05:00:00Z,0.000000
2025-11-28T06:00:00Z,0.000000
2025-11-28T07:00:00Z,0.000000
2025-11-28T08:00:00Z,0.000000
2025-11-28T09:00:00Z,0.000000
2025-11-28T10:00:00Z,0.000000
2025-11-28T11:00:00Z,0.000000
2025-11-28T12:00:00Z,0.000000
2025-11-28T13:00:00Z,0.000000
2025-11-28T14:00:00Z,0.000000
2025-11-28T15:00:00Z,0.000000
2025-11-28T16:00:00Z,0.000000
2025-11-28T17:00:00Z,0.000000
2025-11-28T18:00:00Z,0.000000
2025-11-28T19:00:00Z,0.000000
2025-11-28T20:00:00Z,0.000000
2025-11-28T21:00:00Z,0.000000
2025-11-28T22:00:00Z,0.000000
2025-11-28T23:00:00Z,0.000000
2025-11-29T00:00:00Z,0.000000
2025-11-29T01:00:00Z,0.000000
2025-11-29T02:00:00Z,0.000000
2025-11-29T03:00:00Z,0.000000
2025-11-29T04:00:00Z,0.000000
2025-11-29T05:00:00Z,0.000000
2025-11-29T06:00:00Z,0.000000
2025-11-29T07:00:00Z,0.000000
2025-11-29T08:00:00Z,0.000000
2025-11-29T09:00:00Z,0.000000
2025-11-29T10:00:00Z,0.000000
2025-11-29T11:00:00Z,0.000000
2025-11-29T12:00:00Z,0.000000
2025-11-29T13:00:00Z,0.000000
2025-11-29T14:00:00Z,0.000000
2025-11-29T15:00:00Z,0.000000
2025-11-29T16:00:00Z,0.000000
2025-11-29T17:00:00Z,0.000000
2025-11-29T18:00:00Z,0.000000
2025-11-29T19:00:00Z,0.000000
2025-11-29T20:00:00Z,0.000000
2025-11-29T21:00:00Z,0.000000
2025-11-29T22:00:00Z,0.000000
2025-11-29T23:00:00Z,0.000000
2025-11-30T00:00:00Z,0.000000
2025-11-30T01:00:00Z,0.000000
2025-11-30T02:00:00Z,0.000000
2025-11-30T03:00:00Z,0.000000
2025-11-30T04:00:00Z,0.000000
2025-11-30T05:00:00Z,0.000000
2025-11-30T06:00:00Z,0.000000
2025-11-30T07:00:00Z,0.000000
2025-11-30T08:00:00Z,0.000000
2025-11-30T09:00:00Z,0.000000
2025-11-30T10:00:00Z,0.000000
2025-11-30T11:00:00Z,0.000000
2025-11-30T12:00:00Z,0.000000
2025-11-30T13:00:00Z,0.000000
2025-11-30T14:00:00Z,0.000000
2025-11-30T15:00:00Z,0.000000
2025-11-30T16:00:00Z,0.000000
2025-11-30T17:00:00Z,0.000000
2025-11-30T18:00:00Z,0.000000
2025-11-30T19:00:00Z,0.000000
2025-11-30T20:00:00Z,0.000000
2025-11-30T21:00:00Z,0.000000
2025-11-30T22:00:00Z,0.000000
2025-11-30T23:00:00Z,0.000000
2025-12-01T00:00:00Z,0.000000
2025-12-01T01:00:00Z,0.000000
2025-12-01T02:00:00Z,0.000000
2025-12-01T03:00:00Z,0.000000
2025-12-01T04:00:00Z,0.000000
2025-12-01T05:00:00Z,0.000000
2025-12-01T06:00:00Z,0.000000
2025-12-01T07:00:00Z,0.000000
2025-12-01T08:00:00Z,0.000000
2025-12-01T09:00:00Z,0.000000
2025-12-01T10:00:00Z,0.000000
2025-12-01T11:00:00Z,0.000000
2025-12-01T12:00:00Z,0.000000
2025-12-01T13:00:00Z,0.000000
2025-12-01T14:00:00Z,0.000000
2025-12-01T15:00:00Z,0.000000
2025-12-01T16:00:00Z,0.000000
2025-12-01T17:00:00Z,0.000000
2025-12-01T18:00:00Z,0.000000
2025-12-01T19:00:00Z,0.000000
2025-12-01T20:00:00Z,0.000000
2025-12-01T21:00:00Z,0.000000
2025-12-01T22:00:00Z,0.000000
2025-12-01T23:00:00Z,0.000000
2025-12-02T00:00:00Z,0.000000
2025-12-02T01:00:00Z,0.000000
2025-12-02T02:00:00Z,0.000000
2025-12-02T03:00:00Z,0.000000
2025-12-02T04:00:00Z,0.000000
2025-12-02T05:00:00Z,0.000000
2025-12-02T06:00:00Z,0.000000
2025-12-02T07:00:00Z,0.000000
2025-12-02T08:00:00Z,0.000000
2025-12-02T09:00:00Z,0.000000
2025-12-02T10:00:00Z,0.000000
2025-12-02T11:00:00Z,0.000000
2025-12-02T12:00:00Z,0.000000
2025-12-02T13:00:00Z,0.000000
2025-12-02T14:00:00Z,0.000000
2025-12-02T15:00:00Z,0.000000
2025-12-02T16:00:00Z,0.000000
2025-12-02T17:00:00Z,0.000000
2025-12-02T18:00:00Z,0.000000
2025-12-02T19:00:00Z,0.000000
2025-12-02T20:00:00Z,0.000000
2025-12-02T21:00:00Z,0.000000
2025-12-02T22:00:00Z,0.000000
2025-12-02T23:00:00Z,0.000000
2025-12-03T00:00:00Z,0.000000
2025-12-03T01:00:00Z,0.000000
2025-12-03T02:00:00Z,0.000000
2025-12-03T03:00:00Z,0.000000
2025-12-03T04:00:00Z,0.000000
2025-12-03T05:00:00Z,0.000000
2025-12-03T06:00:00Z,0.000000
2025-12-03T07:00:00Z,0.000000
2025-12-03T08:00:00Z,0.000000
2025-12-03T09:00:00Z,0.000000
2025-12-03T10:00:00Z,0.000000
2025-12-03T11:00:00Z,0.000000
2025-12-03T12:00:00Z,0.000000
2025-12-03T13:00:00Z,0.000000
2025-12-03T14:00:00Z,0.000000
2025-12-03T15:00:00Z,0.000000
2025-12-03T16:00:00Z,0.000000
2025-12-03T17:00:00Z,0.000000
2025-12-03T18:00:00Z,0.000000
2025-12-03T19:00:00Z,0.000000
2025-12-03T20:00:00Z,0.000000
2025-12-03T21:00:00Z,0.000000
2025-12-03T22:00:00Z,0.000000
2025-12-03T23:00:00Z,0.000000
2025-12-04T00:00:00Z,0.000000
2025-12-04T01:00:00Z,0.000000
2025-12-04T02:00:00Z,0.000000
2025-12-04T03:00:00Z,0.000000
2025-12-04T04:00:00Z,0.000000
2025-12-04T05:00:00Z,0.000000
2025-12-04T06:00:00Z,0.000000
2025-12-04T07:00:00Z,0.000000
2025-12-04T08:00:00Z,0.000000
2025-12-04T09:00:00Z,0.000000
2025-12-04T10:00:00Z,0.000000
2025-12-04T11:00:00Z,0.000000
2025-12-04T12:00:00Z,0.000000
2025-12-04T13:00:00Z,0.000000
2025-12-04T14:00:00Z,0.000000
2025-12-04T15:00:00Z,0.000000
2025-12-04T16:00:00Z,0.000000
2025-12-04T17:00:00Z,0.000000
2025-12-04T18:00:00Z,0.000000
2025-12-04T19:00:00Z,0.000000
2025-12-04T20:00:00Z,0.000000
2025-12-04T21:00:00Z,0.000000
2025-12-04T22:00:00Z,0.000000
2025-12-04T23:00:00Z,0.000000
2025-12-05T00:00:00Z,0.000000
2025-12-05T01:00:00Z,0.000000
2025-12-05T02:00:00Z,0.000000
2025-12-05T03:00:00Z,0.000000
2025-12-05T04:00:00Z,0.000000
2025-12-05T05:00:00Z,0.000000
2025-12-05T06:00:00Z,0.000000
2025-12-05T07:00:00Z,0.000000
2025-12-05T08:00:00Z,0.000000
2025-12-05T09:00:00Z,0.000000
2025-12-05T10:00:00Z,0.000000
2025-12-05T11:00:00Z,0.000000
2025-12-05T12:00:00Z,0.000000
2025-12-05T13:00:00Z,0.000000
2025-12-05T14:00:00Z,0.000000
2025-12-05T15:00:00Z,0.000000
2025-12-05T16:00:00Z,0.000000
2025-12-05T17:00:00Z,0.000000
2025-12-05T18:00:00Z,0.000000
2025-12-05T19:00:00Z,0.000000
2025-12-05T20:00:00Z,0.000000
2025-12-05T21:00:00Z,0.000000
2025-12-05T22:00:00Z,0.000000
2025-12-05T23:00:00Z,0.000000
2025-12-06T00:00:00Z,0.000000
2025-12-06T01:00:00Z,0.000000
2025-12-06T02:00:00Z,0.000000
2025-12-06T03:00:00Z,0.000000
2025-12-06T04:00:00Z,0.000000
2025-12-06T05:00:00Z,0.000000
2025-12-06T06:00:00Z,0.000000
2025-12-06T07:00:00Z,0.000000
2025-12-06T08:00:00Z,0.000000
2025-12-06T09:00:00Z,0.000000
2025-12-06T10:00:00Z,0.000000
2025-12-06T11:00:00Z,0.000000
2025-12-06T12:00:00Z,0.000000
2025-12-06T13:00:00Z,0.000000
2025-12-06T14:00:00Z,0.000000
2025-12-06T15:00:00Z,0.000000
2025-12-06T16:00:00Z,0.000000
2025-12-06T17:00:00Z,0.000000
2025-12-06T18:00:00Z,0.000000
2025-12-06T19:00:00Z,0.000000
2025-12-06T20:00:00Z,0.000000
2025-12-06T21:00:00Z,0.000000
2025-12-06T22:00:00Z,0.000000
2025-12-06T23:00:00Z,0.000000
2025-12-07T00:00:00Z,0.000000
2025-12-07T01:00:00Z,0.000000
2025-12-07T02:00:00Z,0.000000
2025-12-07T03:00:00Z,0.000000
2025-12-07T04:00:00Z,0.000000
2025-12-07T05:00:00Z,0.000000
2025-12-07T06:00:00Z,0.000000
2025-12-07T07:00:00Z,0.000000
2025-12-07T08:00:00Z,0.000000
2025-12-07T09:00:00Z,0.000000
2025-12-07T10:00:00Z,0.000000
2025-12-07T11:00:00Z,0.000000
2025-12-07T12:00:00Z,0.000000
2025-12-07T13:00:00Z,0.000000
2025-12-07T14:00:00Z,0.000000
2025-12-07T15:00:00Z,0.000000
2025-12-07T16:00:00Z,0.000000
2025-12-07T17:00:00Z,0.000000
2025-12-07T18:00:00Z,0.000000
2025-12-07T19:00:00Z,0.000000
2025-12-07T20:00:00Z,0.000000
2025-12-07T21:00:00Z,0.000000
2025-12-07T22:00:00Z,0.000000
2025-12-07T23:00:00Z,0.000000
2025-12-08T00:00:00Z,0.000000
2025-12-08T01:00:00Z,0.000000
2025-12-08T02:00:00Z,0.000000
2025-12-08T03:00:00Z,0.000000
2025-12-08T04:00:00Z,0.000000
2025-12-08T05:00:00Z,0.000000
2025-12-08T06:00:00Z,0.000000
2025-12-08T07:00:00Z,0.000000
2025-12-08T08:00:00Z,0.000000
2025-12-08T09:00:00Z,0.000000
2025-12-08T10:00:00Z,0.000000
2025-12-08T11:00:00Z,0.000000
2025-12-08T12:00:00Z,0.000000
2025-12-08T13:00:00Z,0.000000
2025-12-08T14:00:00Z,0.000000
2025-12-08T15:00:00Z,0.000000
2025-12-08T16:00:00Z,0.000000
2025-12-08T17:00:00Z,0.000000
2025-12-08T18:00:00Z,0.000000
2025-12-08T19:00:00Z,0.000000
2025-12-08T20:00:00Z,0.000000
2025-12-08T21:00:00Z,0.000000
2025-12-08T22:00:00Z,0.000000
2025-12-08T23:00:00Z,0.000000
2025-12-09T00:00:00Z,0.000000
2025-12-09T01:00:00Z,0.000000
2025-12-09T02:00:00Z,0.000000
2025-12-09T03:00:00Z,0.000000
2025-12-09T04:00:00Z,0.000000
2025-12-09T05:00:00Z,0.000000
2025-12-09T06:00:00Z,0.000000
2025-12-09T07:00:00Z,0.000000
2025-12-09T08:00:00Z,0.000000
2025-12-09T09:00:00Z,0.000000
2025-12-09T10:00:00Z,0.000000
2025-12-09T11:00:00Z,0.000000
2025-12-09T12:00:00Z,0.000000
2025-12-09T13:00:00Z,0.000000
2025-12-09T14:00:00Z,0.000000
2025-12-09T15:00:00Z,0.000000
2025-12-09T16:00:00Z,0.000000
2025-12-09T17:00:00Z,0.000000
2025-12-09T18:00:00Z,0.000000
2025-12-09T19:00:00Z,0.000000
2025-12-09T20:00:00Z,0.000000
2025-12-09T21:00:00Z,0.000000
2025-12-09T22:00:00Z,0.000000
2025-12-09T23:00:00Z,0.000000
2025-12-10T00:00:00Z,0.000000
2025-12-10T01:00:00Z,0.000000
2025-12-10T02:00:00Z,0.000000
2025-12-10T03:00:00Z,0.000000
2025-12-10T04:00:00Z,0.000000
2025-12-10T05:00:00Z,0.000000
2025-12-10T06:00:00Z,0.000000
2025-12-10T07:00:00Z,0.000000
2025-12-10T08:00:00Z,0.000000
2025-12-10T09:00:00Z,0.000000
2025-12-10T10:00:00Z,0.000000
2025-12-10T11:00:00Z,0.000000
2025-12-10T12:00:00Z,0.000000
2025-12-10T13:00:00Z,0.000000
2025-12-10T14:00:00Z,0.000000
2025-12-10T15:00:00Z,0.000000
2025-12-10T16:00:00Z,0.000000
2025-12-10T17:00:00Z,0.000000
2025-12-10T18:00:00Z,0.000000
2025-12-10T19:00:00Z,0.000000
2025-12-10T20:00:00Z,0.000000
2025-12-10T21:00:00Z,0.000000
2025-12-10T22:00:00Z,0.000000
2025-12-10T23:00:00Z,0.000000
2025-12-11T00:00:00Z,0.000000
2025-12-11T01:00:00Z,0.000000
2025-12-11T02:00:00Z,0.000000
2025-12-11T03:00:00Z,0.000000
2025-12-11T04:00:00Z,0.000000
2025-12-11T05:00:00Z,0.000000
2025-12-11T06:00:00Z,0.000000
2025-12-11T07:00:00Z,0.000000
2025-12-11T08:00:00Z,0.000000
2025-12-11T09:00:00Z,0.000000
2025-12-11T10:00:00Z,0.000000
2025-12-11T11:00:00Z,0.000000
2025-12-11T12:00:00Z,0.000000
2025-12-11T13:00:00Z,0.000000
2025-12-11T14:00:00Z,0.000000
2025-12-11T15:00:00Z,0.000000
2025-12-11T16:00:00Z,0.000000
2025-12-11T17:00:00Z,0.000000
2025-12-11T18:00:00Z,0.000000
2025-12-11T19:00:00Z,0.000000
2025-12-11T20:00:00Z,0.000000
2025-12-11T21:00:00Z,0.000000
2025-12-11T22:00:00Z,0.000000
2025-12-11T23:00:00Z,0.000000
2025-12-12T00:00:00Z,0.000000
2025-12-12T01:00:00Z,0.000000
2025-12-12T02:00:00Z,0.000000
2025-12-12T03:00:00Z,0.000000
2025-12-12T04:00:00Z,0.000000
2025-12-12T05:00:00Z,0.000000
2025-12-12T06:00:00Z,0.000000
2025-12-12T07:00:00Z,0.000000
2025-12-12T08:00:00Z,0.000000
2025-12-12T09:00:00Z,0.000000
2025-12-12T10:00:00Z,0.000000
2025-12-12T11:00:00Z,0.000000
2025-12-12T12:00:00Z,0.000000
2025-12-12T13:00:00Z,0.000000
2025-12-12T14:00:00Z,0.000000
2025-12-12T15:00:00Z,0.000000
2025-12-12T16:00:00Z,0.000000
2025-12-12T17:00:00Z,0.000000
2025-12-12T18:00:00Z,0.000000
2025-12-12T19:00:00Z,0.000000
2025-12-12T20:00:00Z,0.000000
2025-12-12T21:00:00Z,0.000000
2025-12-12T22:00:00Z,0.000000
2025-12-12T23:00:00Z,0.000000
2025-12-13T00:00:00Z,0.000000
2025-12-13T01:00:00Z,0.000000
2025-12-13T02:00:00Z,0.000000
2025-12-13T03:00:00Z,0.000000
2025-12-13T04:00:00Z,0.000000
2025-12-13T05:00:00Z,0.000000
2025-12-13T06:00:00Z,0.000000
2025-12-13T07:00:00Z,0.000000
2025-12-13T08:00:00Z,0.000000
2025-12-13T09:00:00Z,0.000000
2025-12-13T10:00:00Z,0.000000
2025-12-13T11:00:00Z,0.137145
2025-12-13T12:00:00Z,0.000000
2025-12-13T13:00:00Z,0.000000
2025-12-13T14:00:00Z,0.000000
2025-12-13T15:00:00Z,0.000000
2025-12-13T16:00:00Z,0.000000
2025-12-13T17:00:00Z,0.000000
2025-12-13T18:00:00Z,0.000000
2025-12-13T19:00:00Z,0.000000
2025-12-13T20:00:00Z,0.000000
2025-12-13T21:00:00Z,0.000000
2025-12-13T22:00:00Z,0.000000
2025-12-13T23:00:00Z,0.000000
2025-12-14T00:00:00Z,0.000000
2025-12-14T01:00:00Z,0.000000
2025-12-14T02:00:00Z,0.000000
2025-12-14T03:00:00Z,0.000000
2025-12-14T04:00:00Z,0.000000
2025-12-14T05:00:00Z,0.000000
2025-12-14T06:00:00Z,0.000000
2025-12-14T07:00:00Z,0.000000
2025-12-14T08:00:00Z,0.000000
2025-12-14T09:00:00Z,0.000000
2025-12-14T10:00:00Z,0.000000
2025-12-14T11:00:00Z,0.000000
2025-12-14T12:00:00Z,0.000000
2025-12-14T13:00:00Z,0.000000
2025-12-14T14:00:00Z,0.000000
2025-12-14T15:00:00Z,0.000000
2025-12-14T16:00:00Z,0.000000
2025-12-14T17:00:00Z,0.000000
2025-12-14T18:00:00Z,0.000000
2025-12-14T19:00:00Z,0.000000
2025-12-14T20:00:00Z,0.000000
2025-12-14T21:00:00Z,0.000000
2025-12-14T22:00:00Z,0.000000
2025-12-14T23:00:00Z,0.000000
2025-12-15T00:00:00Z,0.000000
2025-12-15T01:00:00Z,0.000000
2025-12-15T02:00:00Z,0.000000
2025-12-15T03:00:00Z,0.000000
2025-12-15T04:00:00Z,0.000000
2025-12-15T05:00:00Z,0.000000
2025-12-15T06:00:00Z,0.000000
2025-12-15T07:00:00Z,0.000000
2025-12-15T08:00:00Z,0.000000
2025-12-15T09:00:00Z,0.000000
2025-12-15T10:00:00Z,0.000000
2025-12-15T11:00:00Z,0.000000
2025-12-15T12:00:00Z,0.000000
2025-12-15T13:00:00Z,0.000000
2025-12-15T14:00:00Z,0.000000
2025-12-15T15:00:00Z,0.000000
2025-12-15T16:00:00Z,0.000000
2025-12-15T17:00:00Z,0.000000
2025-12-15T18:00:00Z,0.000000
2025-12-15T19:00:00Z,0.000000
2025-12-15T20:00:00Z,0.000000
2025-12-15T21:00:00Z,0.000000
2025-12-15T22:00:00Z,0.000000
2025-12-15T23:00:00Z,0.000000
2025-12-16T00:00:00Z,0.000000
2025-12-16T01:00:00Z,0.000000
2025-12-16T02:00:00Z,0.000000
2025-12-16T03:00:00Z,0.000000
2025-12-16T04:00:00Z,0.000000
2025-12-16T05:00:00Z,0.000000
2025-12-16T06:00:00Z,0.000000
2025-12-16T07:00:00Z,0.000000
2025-12-16T08:00:00Z,0.000000
2025-12-16T09:00:00Z,0.000000
2025-12-16T10:00:00Z,0.000000
2025-12-16T11:00:00Z,0.000000
2025-12-16T12:00:00Z,0.000000
2025-12-16T13:00:00Z,0.000000
2025-12-16T14:00:00Z,0.000000
2025-12-16T15:00:00Z,0.000000
2025-12-16T16:00:00Z,0.000000
2025-12-16T17:00:00Z,0.000000
2025-12-16T18:00:00Z,0.000000
2025-12-16T19:00:00Z,0.000000
2025-12-16T20:00:00Z,0.000000
2025-12-16T21:00:00Z,0.000000
2025-12-16T22:00:00Z,0.000000
2025-12-16T23:00:00Z,0.000000
2025-12-17T00:00:00Z,0.000000
2025-12-17T01:00:00Z,0.000000
2025-12-17T02:00:00Z,0.000000
2025-12-17T03:00:00Z,0.000000
2025-12-17T04:00:00Z,0.000000
2025-12-17T05:00:00Z,0.000000
2025-12-17T06:00:00Z,0.000000
2025-12-17T07:00:00Z,0.000000
2025-12-17T08:00:00Z,0.000000
2025-12-17T09:00:00Z,0.000000
2025-12-17T10:00:00Z,1.405045
2025-12-17T11:00:00Z,0.493082
2025-12-17T12:00:00Z,0.000000
2025-12-17T13:00:00Z,0.000000
2025-12-17T14:00:00Z,0.000000
2025-12-17T15:00:00Z,0.000000
2025-12-17T16:00:00Z,0.000000
2025-12-17T17:00:00Z,0.000000
2025-12-17T18:00:00Z,0.000000
2025-12-17T19:00:00Z,0.000000
2025-12-17T20:00:00Z,0.000000
2025-12-17T21:00:00Z,0.000000
2025-12-17T22:00:00Z,0.000000
2025-12-17T23:00:00Z,0.000000
2025-12-18T00:00:00Z,0.000000
2025-12-18T01:00:00Z,0.000000
2025-12-18T02:00:00Z,0.000000
2025-12-18T03:00:00Z,0.000000
2025-12-18T04:00:00Z,0.000000
2025-12-18T05:00:00Z,0.000000
2025-12-18T06:00:00Z,0.000000
2025-12-18T07:00:00Z,0.000000
2025-12-18T08:00:00Z,0.000000
2025-12-18T09:00:00Z,0.000000
2025-12-18T10:00:00Z,0.000000
2025-12-18T11:00:00Z,0.000000
2025-12-18T12:00:00Z,0.000000
2025-12-18T13:00:00Z,0.000000
2025-12-18T14:00:00Z,0.000000
2025-12-18T15:00:00Z,0.000000
2025-12-18T16:00:00Z,0.000000
2025-12-18T17:00:00Z,0.000000
2025-12-18T18:00:00Z,0.000000
2025-12-18T19:00:00Z,0.000000
2025-12-18T20:00:00Z,0.000000
2025-12-18T21:00:00Z,0.000000
2025-12-18T22:00:00Z,0.000000
2025-12-18T23:00:00Z,0.000000
2025-12-19T00:00:00Z,0.000000
2025-12-19T01:00:00Z,0.000000
2025-12-19T02:00:00Z,0.000000
2025-12-19T03:00:00Z,0.000000
2025-12-19T04:00:00Z,0.000000
2025-12-19T05:00:00Z,0.000000
2025-12-19T06:00:00Z,0.000000
2025-12-19T07:00:00Z,0.000000
2025-12-19T08:00:00Z,0.000000
2025-12-19T09:00:00Z,0.000000
2025-12-19T10:00:00Z,0.000000
2025-12-19T11:00:00Z,0.000000
2025-12-19T12:00:00Z,0.000000
2025-12-19T13:00:00Z,0.000000
2025-12-19T14:00:00Z,0.000000
2025-12-19T15:00:00Z,0.000000
2025-12-19T16:00:00Z,0.000000
2025-12-19T17:00:00Z,0.000000
2025-12-19T18:00:00Z,0.000000
2025-12-19T19:00:00Z,0.000000
2025-12-19T20:00:00Z,0.000000
2025-12-19T21:00:00Z,0.000000
2025-12-19T22:00:00Z,0.000000
2025-12-19T23:00:00Z,0.000000
2025-12-20T00:00:00Z,0.000000
2025-12-20T01:00:00Z,0.000000
2025-12-20T02:00:00Z,0.000000
2025-12-20T03:00:00Z,0.000000
2025-12-20T04:00:00Z,0.000000
2025-12-20T05:00:00Z,0.000000
2025-12-20T06:00:00Z,0.000000
2025-12-20T07:00:00Z,0.000000
2025-12-20T08:00:00Z,0.000000
2025-12-20T09:00:00Z,0.000000
2025-12-20T10:00:00Z,0.000000
2025-12-20T11:00:00Z,0.000000
2025-12-20T12:00:00Z,0.817779
2025-12-20T13:00:00Z,0.000000
2025-12-20T14:00:00Z,0.000000
2025-12-20T15:00:00Z,0.000000
2025-12-20T16:00:00Z,0.000000
2025-12-20T17:00:00Z,0.000000
2025-12-20T18:00:00Z,0.000000
2025-12-20T19:00:00Z,0.000000
2025-12-20T20:00:00Z,0.000000
2025-12-20T21:00:00Z,0.000000
2025-12-20T22:00:00Z,0.000000
2025-12-20T23:00:00Z,0.000000
2025-12-21T00:00:00Z,0.000000
2025-12-21T01:00:00Z,0.000000
2025-12-21T02:00:00Z,0.000000
2025-12-21T03:00:00Z,0.000000
2025-12-21T04:00:00Z,0.000000
2025-12-21T05:00:00Z,0.000000
2025-12-21T06:00:00Z,0.000000
2025-12-21T07:00:00Z,0.000000
2025-12-21T08:00:00Z,0.000000
2025-12-21T09:00:00Z,0.000000
2025-12-21T10:00:00Z,0.000000
2025-12-21T11:00:00Z,0.000000
2025-12-21T12:00:00Z,0.000000
2025-12-21T13:00:00Z,0.000000
2025-12-21T14:00:00Z,0.000000
2025-12-21T15:00:00Z,0.000000
2025-12-21T16:00:00Z,0.000000
2025-12-21T17:00:00Z,0.000000
2025-12-21T18:00:00Z,0.000000
2025-12-21T19:00:00Z,0.000000
2025-12-21T20:00:00Z,0.000000
2025-12-21T21:00:00Z,0.000000
2025-12-21T22:00:00Z,0.000000
2025-12-21T23:00:00Z,0.000000
2025-12-22T00:00:00Z,0.000000
2025-12-22T01:00:00Z,0.000000
2025-12-22T02:00:00Z,0.000000
2025-12-22T03:00:00Z,0.000000
2025-12-22T04:00:00Z,0.000000
2025-12-22T05:00:00Z,0.000000
2025-12-22T06:00:00Z,0.000000
2025-12-22T07:00:00Z,0.000000
2025-12-22T08:00:00Z,0.000000
2025-12-22T09:00:00Z,0.000000
2025-12-22T10:00:00Z,0.000000
2025-12-22T11:00:00Z,0.000000
2025-12-22T12:00:00Z,0.000000
2025-12-22T13:00:00Z,0.000000
2025-12-22T14:00:00Z,0.000000
2025-12-22T15:00:00Z,0.000000
2025-12-22T16:00:00Z,0.000000
2025-12-22T17:00:00Z,0.000000
2025-12-22T18:00:00Z,0.000000
2025-12-22T19:00:00Z,0.000000
2025-12-22T20:00:00Z,0.000000
2025-12-22T21:00:00Z,0.000000
2025-12-22T22:00:00Z,0.000000
2025-12-22T23:00:00Z,0.000000
2025-12-23T00:00:00Z,0.000000
2025-12-23T01:00:00Z,0.000000
2025-12-23T02:00:00Z,0.000000
2025-12-23T03:00:00Z,0.000000
2025-12-23T04:00:00Z,0.000000
2025-12-23T05:00:00Z,0.000000
2025-12-23T06:00:00Z,0.000000
2025-12-23T07:00:00Z,0.000000
2025-12-23T08:00:00Z,0.000000
2025-12-23T09:00:00Z,0.000000
2025-12-23T10:00:00Z,0.000000
2025-12-23T11:00:00Z,0.000000
2025-12-23T12:00:00Z,0.000000
2025-12-23T13:00:00Z,0.000000
2025-12-23T14:00:00Z,0.000000
2025-12-23T15:00:00Z,0.000000
2025-12-23T16:00:00Z,0.000000
2025-12-23T17:00:00Z,0.000000
2025-12-23T18:00:00Z,0.000000
2025-12-23T19:00:00Z,0.000000
2025-12-23T20:00:00Z,0.000000
2025-12-23T21:00:00Z,0.000000
2025-12-23T22:00:00Z,0.000000
2025-12-23T23:00:00Z,0.000000
2025-12-24T00:00:00Z,0.000000
2025-12-24T01:00:00Z,0.000000
2025-12-24T02:00:00Z,0.000000
2025-12-24T03:00:00Z,0.000000
2025-12-24T04:00:00Z,0.000000
2025-12-24T05:00:00Z,0.000000
2025-12-24T06:00:00Z,0.000000
2025-12-24T07:00:00Z,0.000000
2025-12-24T08:00:00Z,0.000000
2025-12-24T09:00:00Z,0.000000
2025-12-24T10:00:00Z,0.000000
2025-12-24T11:00:00Z,0.000000
2025-12-24T12:00:00Z,0.000000
2025-12-24T13:00:00Z,0.000000
2025-12-24T14:00:00Z,0.000000
2025-12-24T15:00:00Z,0.000000
2025-12-24T16:00:00Z,0.000000
2025-12-24T17:00:00Z,0.000000
2025-12-24T18:00:00Z,0.000000
2025-12-24T19:00:00Z,0.000000
2025-12-24T20:00:00Z,0.000000
2025-12-24T21:00:00Z,0.000000
2025-12-24T22:00:00Z,0.000000
2025-12-24T23:00:00Z,0.000000
2025-12-25T00:00:00Z,0.000000
2025-12-25T01:00:00Z,0.000000
2025-12-25T02:00:00Z,0.000000
2025-12-25T03:00:00Z,0.000000
2025-12-25T04:00:00Z,0.000000
2025-12-25T05:00:00Z,0.000000
2025-12-25T06:00:00Z,0.000000
2025-12-25T07:00:00Z,0.000000
2025-12-25T08:00:00Z,0.000000
2025-12-25T09:00:00Z,0.000000
2025-12-25T10:00:00Z,0.000000
2025-12-25T11:00:00Z,0.000000
2025-12-25T12:00:00Z,0.000000
2025-12-25T13:00:00Z,0.000000
2025-12-25T14:00:00Z,0.000000
2025-12-25T15:00:00Z,0.000000
2025-12-25T16:00:00Z,0.000000
2025-12-25T17:00:00Z,0.000000
2025-12-25T18:00:00Z,0.000000
2025-12-25T19:00:00Z,0.000000
2025-12-25T20:00:00Z,0.000000
2025-12-25T21:00:00Z,0.000000
2025-12-25T22:00:00Z,0.000000
2025-12-25T23:00:00Z,0.000000
2025-12-26T00:00:00Z,0.000000
2025-12-26T01:00:00Z,0.000000
2025-12-26T02:00:00Z,0.000000
2025-12-26T03:00:00Z,0.000000
2025-12-26T04:00:00Z,0.000000
2025-12-26T05:00:00Z,0.000000
2025-12-26T06:00:00Z,0.000000
2025-12-26T07:00:00Z,0.000000
2025-12-26T08:00:00Z,0.000000
2025-12-26T09:00:00Z,0.000000
2025-12-26T10:00:00Z,0.000000
2025-12-26T11:00:00Z,0.641714
2025-12-26T12:00:00Z,0.000000
2025-12-26T13:00:00Z,0.000000
2025-12-26T14:00:00Z,0.000000
2025-12-26T15:00:00Z,0.000000
2025-12-26T16:00:00Z,0.000000
2025-12-26T17:00:00Z,0.000000
2025-12-26T18:00:00Z,0.000000
2025-12-26T19:00:00Z,0.000000
2025-12-26T20:00:00Z,0.000000
2025-12-26T21:00:00Z,0.000000
2025-12-26T22:00:00Z,0.000000
2025-12-26T23:00:00Z,0.000000
2025-12-27T00:00:00Z,0.000000
2025-12-27T01:00:00Z,0.000000
2025-12-27T02:00:00Z,0.000000
2025-12-27T03:00:00Z,0.000000
2025-12-27T04:00:00Z,0.000000
2025-12-27T05:00:00Z,0.000000
2025-12-27T06:00:00Z,0.000000
2025-12-27T07:00:00Z,0.000000
2025-12-27T08:00:00Z,0.000000
2025-12-27T09:00:00Z,0.000000
2025-12-27T10:00:00Z,0.000000
2025-12-27T11:00:00Z,1.004208
2025-12-27T12:00:00Z,0.000000
2025-12-27T13:00:00Z,0.000000
2025-12-27T14:00:00Z,0.000000
2025-12-27T15:00:00Z,0.000000
2025-12-27T16:00:00Z,0.000000
2025-12-27T17:00:00Z,0.000000
2025-12-27T18:00:00Z,0.000000
2025-12-27T19:00:00Z,0.000000
2025-12-27T20:00:00Z,0.000000
2025-12-27T21:00:00Z,0.000000
2025-12-27T22:00:00Z,0.000000
2025-12-27T23:00:00Z,0.000000
2025-12-28T00:00:00Z,0.000000
2025-12-28T01:00:00Z,0.000000
2025-12-28T02:00:00Z,0.000000
2025-12-28T03:00:00Z,0.000000
2025-12-28T04:00:00Z,0.000000
2025-12-28T05:00:00Z,0.000000
2025-12-28T06:00:00Z,0.000000
2025-12-28T07:00:00Z,0.000000
2025-12-28T08:00:00Z,0.000000
2025-12-28T09:00:00Z,0.000000
2025-12-28T10:00:00Z,0.000000
2025-12-28T11:00:00Z,0.000000
2025-12-28T12:00:00Z,0.000000
2025-12-28T13:00:00Z,0.000000
2025-12-28T14:00:00Z,0.000000
2025-12-28T15:00:00Z,0.000000
2025-12-28T16:00:00Z,0.000000
2025-12-28T17:00:00Z,0.000000
2025-12-28T18:00:00Z,0.000000
2025-12-28T19:00:00Z,0.000000
2025-12-28T20:00:00Z,0.000000
2025-12-28T21:00:00Z,0.000000
2025-12-28T22:00:00Z,0.000000
2025-12-28T23:00:00Z,0.000000
2025-12-29T00:00:00Z,0.000000
2025-12-29T01:00:00Z,0.000000
2025-12-29T02:00:00Z,0.000000
2025-12-29T03:00:00Z,0.000000
2025-12-29T04:00:00Z,0.000000
2025-12-29T05:00:00Z,0.000000
2025-12-29T06:00:00Z,0.000000
2025-12-29T07:00:00Z,0.000000
2025-12-29T08:00:00Z,0.000000
2025-12-29T09:00:00Z,0.000000
2025-12-29T10:00:00Z,0.335563
2025-12-29T11:00:00Z,1.692675
2025-12-29T12:00:00Z,0.571616
2025-12-29T13:00:00Z,0.000000
2025-12-29T14:00:00Z,0.000000
2025-12-29T15:00:00Z,0.000000
2025-12-29T16:00:00Z,0.000000
2025-12-29T17:00:00Z,0.000000
2025-12-29T18:00:00Z,0.000000
2025-12-29T19:00:00Z,0.000000
2025-12-29T20:00:00Z,0.000000
2025-12-29T21:00:00Z,0.000000
2025-12-29T22:00:00Z,0.000000
2025-12-29T23:00:00Z,0.000000
2025-12-30T00:00:00Z,0.000000
2025-12-30T01:00:00Z,0.000000
2025-12-30T02:00:00Z,0.000000
2025-12-30T03:00:00Z,0.000000
2025-12-30T04:00:00Z,0.000000
2025-12-30T05:00:00Z,0.000000
2025-12-30T06:00:00Z,0.000000
2025-12-30T07:00:00Z,0.000000
2025-12-30T08:00:00Z,0.000000
2025-12-30T09:00:00Z,0.000000
2025-12-30T10:00:00Z,0.859357
2025-12-30T11:00:00Z,1.870240
2025-12-30T12:00:00Z,0.776370
2025-12-30T13:00:00Z,0.000000
2025-12-30T14:00:00Z,0.000000
2025-12-30T15:00:00Z,0.000000
2025-12-30T16:00:00Z,0.000000
2025-12-30T17:00:00Z,0.000000
2025-12-30T18:00:00Z,0.000000
2025-12-30T19:00:00Z,0.000000
2025-12-30T20:00:00Z,0.000000
2025-12-30T21:00:00Z,0.000000
2025-12-30T22:00:00Z,0.000000
2025-12-30T23:00:00Z,0.000000
2025-12-31T00:00:00Z,0.000000
2025-12-31T01:00:00Z,0.000000
2025-12-31T02:00:00Z,0.000000
2025-12-31T03:00:00Z,0.000000
2025-12-31T04:00:00Z,0.000000
2025-12-31T05:00:00Z,0.000000
2025-12-31T06:00:00Z,0.000000
2025-12-31T07:00:00Z,0.000000
2025-12-31T08:00:00Z,0.000000
2025-12-31T09:00:00Z,0.000000
2025-12-31T10:00:00Z,0.936313
2025-12-31T11:00:00Z,2.070449
2025-12-31T12:00:00Z,1.029487
2025-12-31T13:00:00Z,0.000000
2025-12-31T14:00:00Z,0.000000
2025-12-31T15:00:00Z,0.000000
2025-12-31T16:00:00Z,0.000000
2025-12-31T17:00:00Z,0.000000
2025-12-31T18:00:00Z,0.000000
2025-12-31T19:00:00Z,0.000000
2025-12-31T20:00:00Z,0.000000
2025-12-31T21:00:00Z,0.000000
2025-12-31T22:00:00Z,0.000000
2025-12-31T23:00:00Z,0.000000
2026-01-01T00:00:00Z,0.000000
2026-01-01T01:00:00Z,0.000000
2026-01-01T02:00:00Z,0.000000
2026-01-01T03:00:00Z,0.000000
2026-01-01T04:00:00Z,0.000000
2026-01-01T05:00:00Z,0.000000
2026-01-01T06:00:00Z,0.000000
2026-01-01T07:00:00Z,0.000000
2026-01-01T08:00:00Z,0.000000
2026-01-01T09:00:00Z,0.000000
2026-01-01T10:00:00Z,0.000000
2026-01-01T11:00:00Z,0.000000
2026-01-01T12:00:00Z,0.000000
2026-01-01T13:00:00Z,0.000000
2026-01-01T14:00:00Z,0.000000
2026-01-01T15:00:00Z,0.000000
2026-01-01T16:00:00Z,0.000000
2026-01-01T17:00:00Z,0.000000
2026-01-01T18:00:00Z,0.000000
2026-01-01T19:00:00Z,0.000000
2026-01-01T20:00:00Z,0.000000
2026-01-01T21:00:00Z,0.000000
2026-01-01T22:00:00Z,0.000000
2026-01-01T23:00:00Z,0.000000
2026-01-02T00:00:00Z,0.000000
2026-01-02T01:00:00Z,0.000000
2026-01-02T02:00:00Z,0.000000
2026-01-02T03:00:00Z,0.000000
2026-01-02T04:00:00Z,0.000000
2026-01-02T05:00:00Z,0.000000
2026-01-02T06:00:00Z,0.000000
2026-01-02T07:00:00Z,0.000000
2026-01-02T08:00:00Z,0.000000
2026-01-02T09:00:00Z,0.000000
2026-01-02T10:00:00Z,0.000000
2026-01-02T11:00:00Z,0.000000
2026-01-02T12:00:00Z,0.000000
2026-01-02T13:00:00Z,0.000000
2026-01-02T14:00:00Z,0.000000
2026-01-02T15:00:00Z,0.000000
2026-01-02T16:00:00Z,0.000000
2026-01-02T17:00:00Z,0.000000
2026-01-02T18:00:00Z,0.000000
2026-01-02T19:00:00Z,0.000000
2026-01-02T20:00:00Z,0.000000
2026-01-02T21:00:00Z,0.000000
2026-01-02T22:00:00Z,0.000000
2026-01-02T23:00:00Z,0.000000
2026-01-03T00:00:00Z,0.000000
2026-01-03T01:00:00Z,0.000000
2026-01-03T02:00:00Z,0.000000
2026-01-03T03:00:00Z,0.000000
2026-01-03T04:00:00Z,0.000000
2026-01-03T05:00:00Z,0.000000
2026-01-03T06:00:00Z,0.000000
2026-01-03T07:00:00Z,0.000000
2026-01-03T08:00:00Z,0.000000
2026-01-03T09:00:00Z,0.000000
2026-01-03T10:00:00Z,0.574504
2026-01-03T11:00:00Z,1.695564
2026-01-03T12:00:00Z,0.747412
2026-01-03T13:00:00Z,0.000000
2026-01-03T14:00:00Z,0.000000
2026-01-03T15:00:00Z,0.000000
2026-01-03T16:00:00Z,0.000000
2026-01-03T17:00:00Z,0.000000
2026-01-03T18:00:00Z,0.000000
2026-01-03T19:00:00Z,0.000000
2026-01-03T20:00:00Z,0.000000
2026-01-03T21:00:00Z,0.000000
2026-01-03T22:00:00Z,0.000000
2026-01-03T23:00:00Z,0.000000
2026-01-04T00:00:00Z,0.000000
2026-01-04T01:00:00Z,0.000000
2026-01-04T02:00:00Z,0.000000
2026-01-04T03:00:00Z,0.000000
2026-01-04T04:00:00Z,0.000000
2026-01-04T05:00:00Z,0.000000
2026-01-04T06:00:00Z,0.000000
2026-01-04T07:00:00Z,0.000000
2026-01-04T08:00:00Z,0.000000
2026-01-04T09:00:00Z,0.000000
2026-01-04T10:00:00Z,3.605659
2026-01-04T11:00:00Z,4.804291
2026-01-04T12:00:00Z,2.678354
2026-01-04T13:00:00Z,0.000000
2026-01-04T14:00:00Z,0.000000
2026-01-04T15:00:00Z,0.000000
2026-01-04T16:00:00Z,0.000000
2026-01-04T17:00:00Z,0.000000
2026-01-04T18:00:00Z,0.000000
2026-01-04T19:00:00Z,0.000000
2026-01-04T20:00:00Z,0.000000
2026-01-04T21:00:00Z,0.000000
2026-01-04T22:00:00Z,0.000000
2026-01-04T23:00:00Z,0.000000
2026-01-05T00:00:00Z,0.000000
2026-01-05T01:00:00Z,0.000000
2026-01-05T02:00:00Z,0.000000
2026-01-05T03:00:00Z,0.000000
2026-01-05T04:00:00Z,0.000000
2026-01-05T05:00:00Z,0.000000
2026-01-05T06:00:00Z,0.000000
2026-01-05T07:00:00Z,0.000000
2026-01-05T08:00:00Z,0.000000
2026-01-05T09:00:00Z,0.000000
2026-01-05T10:00:00Z,0.000000
2026-01-05T11:00:00Z,0.000000
2026-01-05T12:00:00Z,0.000000
2026-01-05T13:00:00Z,0.000000
2026-01-05T14:00:00Z,0.000000
2026-01-05T15:00:00Z,0.000000
2026-01-05T16:00:00Z,0.000000
2026-01-05T17:00:00Z,0.000000
2026-01-05T18:00:00Z,0.000000
2026-01-05T19:00:00Z,0.000000
2026-01-05T20:00:00Z,0.000000
2026-01-05T21:00:00Z,0.000000
2026-01-05T22:00:00Z,0.000000
2026-01-05T23:00:00Z,0.000000
2026-01-06T00:00:00Z,0.000000
2026-01-06T01:00:00Z,0.000000
2026-01-06T02:00:00Z,0.000000
2026-01-06T03:00:00Z,0.000000
2026-01-06T04:00:00Z,0.000000
2026-01-06T05:00:00Z,0.000000
2026-01-06T06:00:00Z,0.000000
2026-01-06T07:00:00Z,0.000000
2026-01-06T08:00:00Z,0.000000
2026-01-06T09:00:00Z,0.000000
2026-01-06T10:00:00Z,0.000000
2026-01-06T11:00:00Z,0.000000
2026-01-06T12:00:00Z,0.000000
2026-01-06T13:00:00Z,0.000000
2026-01-06T14:00:00Z,0.000000
2026-01-06T15:00:00Z,0.000000
2026-01-06T16:00:00Z,0.000000
2026-01-06T17:00:00Z,0.000000
2026-01-06T18:00:00Z,0.000000
2026-01-06T19:00:00Z,0.000000
2026-01-06T20:00:00Z,0.000000
2026-01-06T21:00:00Z,0.000000
2026-01-06T22:00:00Z,0.000000
2026-01-06T23:00:00Z,0.000000
2026-01-07T00:00:00Z,0.000000
2026-01-07T01:00:00Z,0.000000
2026-01-07T02:00:00Z,0.000000
2026-01-07T03:00:00Z,0.000000
2026-01-07T04:00:00Z,0.000000
2026-01-07T05:00:00Z,0.000000
2026-01-07T06:00:00Z,0.000000
2026-01-07T07:00:00Z,0.000000
2026-01-07T08:00:00Z,0.000000
2026-01-07T09:00:00Z,0.000000
2026-01-07T10:00:00Z,0.000000
2026-01-07T11:00:00Z,0.000000
2026-01-07T12:00:00Z,0.000000
2026-01-07T13:00:00Z,0.000000
2026-01-07T14:00:00Z,0.000000
2026-01-07T15:00:00Z,0.000000
2026-01-07T16:00:00Z,0.000000
2026-01-07T17:00:00Z,0.000000
2026-01-07T18:00:00Z,0.000000
2026-01-07T19:00:00Z,0.000000
2026-01-07T20:00:00Z,0.000000
2026-01-07T21:00:00Z,0.000000
2026-01-07T22:00:00Z,0.000000
2026-01-07T23:00:00Z,0.000000
2026-01-08T00:00:00Z,0.000000
2026-01-08T01:00:00Z,0.000000
2026-01-08T02:00:00Z,0.000000
2026-01-08T03:00:00Z,0.000000
2026-01-08T04:00:00Z,0.000000
2026-01-08T05:00:00Z,0.000000
2026-01-08T06:00:00Z,0.000000
2026-01-08T07:00:00Z,0.000000
2026-01-08T08:00:00Z,0.000000
2026-01-08T09:00:00Z,0.000000
2026-01-08T10:00:00Z,0.000000
2026-01-08T11:00:00Z,0.000000
2026-01-08T12:00:00Z,0.000000
2026-01-08T13:00:00Z,0.000000
2026-01-08T14:00:00Z,0.000000
2026-01-08T15:00:00Z,0.000000
2026-01-08T16:00:00Z,0.000000
2026-01-08T17:00:00Z,0.000000
2026-01-08T18:00:00Z,0.000000
2026-01-08T19:00:00Z,0.000000
2026-01-08T20:00:00Z,0.000000
2026-01-08T21:00:00Z,0.000000
2026-01-08T22:00:00Z,0.000000
2026-01-08T23:00:00Z,0.000000
2026-01-09T00:00:00Z,0.000000
2026-01-09T01:00:00Z,0.000000
2026-01-09T02:00:00Z,0.000000
2026-01-09T03:00:00Z,0.000000
2026-01-09T04:00:00Z,0.000000
2026-01-09T05:00:00Z,0.000000
2026-01-09T06:00:00Z,0.000000
2026-01-09T07:00:00Z,0.000000
2026-01-09T08:00:00Z,0.000000
2026-01-09T09:00:00Z,0.000000
2026-01-09T10:00:00Z,0.000000
2026-01-09T11:00:00Z,0.000000
2026-01-09T12:00:00Z,0.000000
2026-01-09T13:00:00Z,0.000000
2026-01-09T14:00:00Z,0.000000
2026-01-09T15:00:00Z,0.000000
2026-01-09T16:00:00Z,0.000000
2026-01-09T17:00:00Z,0.000000
2026-01-09T18:00:00Z,0.000000
2026-01-09T19:00:00Z,0.000000
2026-01-09T20:00:00Z,0.000000
2026-01-09T21:00:00Z,0.000000
2026-01-09T22:00:00Z,0.000000
2026-01-09T23:00:00Z,0.000000
2026-01-10T00:00:00Z,0.000000
2026-01-10T01:00:00Z,0.000000
2026-01-10T02:00:00Z,0.000000
2026-01-10T03:00:00Z,0.000000
2026-01-10T04:00:00Z,0.000000
2026-01-10T05:00:00Z,0.000000
2026-01-10T06:00:00Z,0.000000
2026-01-10T07:00:00Z,0.000000
2026-01-10T08:00:00Z,0.000000
2026-01-10T09:00:00Z,0.000000
2026-01-10T10:00:00Z,2.036311
2026-01-10T11:00:00Z,3.384365
2026-01-10T12:00:00Z,2.249005
2026-01-10T13:00:00Z,0.000000
2026-01-10T14:00:00Z,0.000000
2026-01-10T15:00:00Z,0.000000
2026-01-10T16:00:00Z,0.000000
2026-01-10T17:00:00Z,0.000000
2026-01-10T18:00:00Z,0.000000
2026-01-10T19:00:00Z,0.000000
2026-01-10T20:00:00Z,0.000000
2026-01-10T21:00:00Z,0.000000
2026-01-10T22:00:00Z,0.000000
2026-01-10T23:00:00Z,0.000000
2026-01-11T00:00:00Z,0.000000
2026-01-11T01:00:00Z,0.000000
2026-01-11T02:00:00Z,0.000000
2026-01-11T03:00:00Z,0.000000
2026-01-11T04:00:00Z,0.000000
2026-01-11T05:00:00Z,0.000000
2026-01-11T06:00:00Z,0.000000
2026-01-11T07:00:00Z,0.000000
2026-01-11T08:00:00Z,0.000000
2026-01-11T09:00:00Z,0.000000
2026-01-11T10:00:00Z,0.031044
2026-01-11T11:00:00Z,0.000000
2026-01-11T12:00:00Z,0.000000
2026-01-11T13:00:00Z,0.000000
2026-01-11T14:00:00Z,0.000000
2026-01-11T15:00:00Z,0.000000
2026-01-11T16:00:00Z,0.000000
2026-01-11T17:00:00Z,0.000000
2026-01-11T18:00:00Z,0.000000
2026-01-11T19:00:00Z,0.000000
2026-01-11T20:00:00Z,0.000000
2026-01-11T21:00:00Z,0.000000
2026-01-11T22:00:00Z,0.000000
2026-01-11T23:00:00Z,0.000000
2026-01-12T00:00:00Z,0.000000
2026-01-12T01:00:00Z,0.000000
2026-01-12T02:00:00Z,0.000000
2026-01-12T03:00:00Z,0.000000
2026-01-12T04:00:00Z,0.000000
2026-01-12T05:00:00Z,0.000000
2026-01-12T06:00:00Z,0.000000
2026-01-12T07:00:00Z,0.000000
2026-01-12T08:00:00Z,0.000000
2026-01-12T09:00:00Z,0.000000
2026-01-12T10:00:00Z,0.000000
2026-01-12T11:00:00Z,0.000000
2026-01-12T12:00:00Z,0.000000
2026-01-12T13:00:00Z,0.000000
2026-01-12T14:00:00Z,0.000000
2026-01-12T15:00:00Z,0.000000
2026-01-12T16:00:00Z,0.000000
2026-01-12T17:00:00Z,0.000000
2026-01-12T18:00:00Z,0.000000
2026-01-12T19:00:00Z,0.000000
2026-01-12T20:00:00Z,0.000000
2026-01-12T21:00:00Z,0.000000
2026-01-12T22:00:00Z,0.000000
2026-01-12T23:00:00Z,0.000000
2026-01-13T00:00:00Z,0.000000
2026-01-13T01:00:00Z,0.000000
2026-01-13T02:00:00Z,0.000000
2026-01-13T03:00:00Z,0.000000
2026-01-13T04:00:00Z,0.000000
2026-01-13T05:00:00Z,0.000000
2026-01-13T06:00:00Z,0.000000
2026-01-13T07:00:00Z,0.000000
2026-01-13T08:00:00Z,0.000000
2026-01-13T09:00:00Z,0.000000
2026-01-13T10:00:00Z,0.000000
2026-01-13T11:00:00Z,0.000000
2026-01-13T12:00:00Z,0.000000
2026-01-13T13:00:00Z,0.000000
2026-01-13T14:00:00Z,0.000000
2026-01-13T15:00:00Z,0.000000
2026-01-13T16:00:00Z,0.000000
2026-01-13T17:00:00Z,0.000000
2026-01-13T18:00:00Z,0.000000
2026-01-13T19:00:00Z,0.000000
2026-01-13T20:00:00Z,0.000000
2026-01-13T21:00:00Z,0.000000
2026-01-13T22:00:00Z,0.000000
2026-01-13T23:00:00Z,0.000000
2026-01-14T00:00:00Z,0.000000
2026-01-14T01:00:00Z,0.000000
2026-01-14T02:00:00Z,0.000000
2026-01-14T03:00:00Z,0.000000
2026-01-14T04:00:00Z,0.000000
2026-01-14T05:00:00Z,0.000000
2026-01-14T06:00:00Z,0.000000
2026-01-14T07:00:00Z,0.000000
2026-01-14T08:00:00Z,0.000000
2026-01-14T09:00:00Z,0.000000
2026-01-14T10:00:00Z,0.650236
2026-01-14T11:00:00Z,1.199630
2026-01-14T12:00:00Z,0.095232
2026-01-14T13:00:00Z,0.000000
2026-01-14T14:00:00Z,0.000000
2026-01-14T15:00:00Z,0.000000
2026-01-14T16:00:00Z,0.000000
2026-01-14T17:00:00Z,0.000000
2026-01-14T18:00:00Z,0.000000
2026-01-14T19:00:00Z,0.000000
2026-01-14T20:00:00Z,0.000000
2026-01-14T21:00:00Z,0.000000
2026-01-14T22:00:00Z,0.000000
2026-01-14T23:00:00Z,0.000000
2026-01-15T00:00:00Z,0.000000
2026-01-15T01:00:00Z,0.000000
2026-01-15T02:00:00Z,0.000000
2026-01-15T03:00:00Z,0.000000
2026-01-15T04:00:00Z,0.000000
2026-01-15T05:00:00Z,0.000000
2026-01-15T06:00:00Z,0.000000
2026-01-15T07:00:00Z,0.000000
2026-01-15T08:00:00Z,0.000000
2026-01-15T09:00:00Z,0.000000
2026-01-15T10:00:00Z,0.000000
2026-01-15T11:00:00Z,0.000000
2026-01-15T12:00:00Z,0.000000
2026-01-15T13:00:00Z,0.000000
2026-01-15T14:00:00Z,0.000000
2026-01-15T15:00:00Z,0.000000
2026-01-15T16:00:00Z,0.000000
2026-01-15T17:00:00Z,0.000000
2026-01-15T18:00:00Z,0.000000
2026-01-15T19:00:00Z,0.000000
2026-01-15T20:00:00Z,0.000000
2026-01-15T21:00:00Z,0.000000
2026-01-15T22:00:00Z,0.000000
2026-01-15T23:00:00Z,0.000000
2026-01-16T00:00:00Z,0.000000
2026-01-16T01:00:00Z,0.000000
2026-01-16T02:00:00Z,0.000000
2026-01-16T03:00:00Z,0.000000
2026-01-16T04:00:00Z,0.000000
2026-01-16T05:00:00Z,0.000000
2026-01-16T06:00:00Z,0.000000
2026-01-16T07:00:00Z,0.000000
2026-01-16T08:00:00Z,0.000000
2026-01-16T09:00:00Z,0.000000
2026-01-16T10:00:00Z,0.000000
2026-01-16T11:00:00Z,0.000000
2026-01-16T12:00:00Z,0.000000
2026-01-16T13:00:00Z,0.000000
2026-01-16T14:00:00Z,0.000000
2026-01-16T15:00:00Z,0.000000
2026-01-16T16:00:00Z,0.000000
2026-01-16T17:00:00Z,0.000000
2026-01-16T18:00:00Z,0.000000
2026-01-16T19:00:00Z,0.000000
2026-01-16T20:00:00Z,0.000000
2026-01-16T21:00:00Z,0.000000
2026-01-16T22:00:00Z,0.000000
2026-01-16T23:00:00Z,0.000000
2026-01-17T00:00:00Z,0.000000
2026-01-17T01:00:00Z,0.000000
2026-01-17T02:00:00Z,0.000000
2026-01-17T03:00:00Z,0.000000
2026-01-17T04:00:00Z,0.000000
2026-01-17T05:00:00Z,0.000000
2026-01-17T06:00:00Z,0.000000
2026-01-17T07:00:00Z,0.000000
2026-01-17T08:00:00Z,0.000000
2026-01-17T09:00:00Z,0.000000
2026-01-17T10:00:00Z,0.000000
2026-01-17T11:00:00Z,0.000000
2026-01-17T12:00:00Z,0.000000
2026-01-17T13:00:00Z,0.000000
2026-01-17T14:00:00Z,0.000000
2026-01-17T15:00:00Z,0.000000
2026-01-17T16:00:00Z,0.000000
2026-01-17T17:00:00Z,0.000000
2026-01-17T18:00:00Z,0.000000
2026-01-17T19:00:00Z,0.000000
2026-01-17T20:00:00Z,0.000000
2026-01-17T21:00:00Z,0.000000
2026-01-17T22:00:00Z,0.000000
2026-01-17T23:00:00Z,0.000000
2026-01-18T00:00:00Z,0.000000
2026-01-18T01:00:00Z,0.000000
2026-01-18T02:00:00Z,0.000000
2026-01-18T03:00:00Z,0.000000
2026-01-18T04:00:00Z,0.000000
2026-01-18T05:00:00Z,0.000000
2026-01-18T06:00:00Z,0.000000
2026-01-18T07:00:00Z,0.000000
2026-01-18T08:00:00Z,0.000000
2026-01-18T09:00:00Z,0.000000
2026-01-18T10:00:00Z,0.000000
2026-01-18T11:00:00Z,0.000000
2026-01-18T12:00:00Z,0.000000
2026-01-18T13:00:00Z,0.000000
2026-01-18T14:00:00Z,0.000000
2026-01-18T15:00:00Z,0.000000
2026-01-18T16:00:00Z,0.000000
2026-01-18T17:00:00Z,0.000000
2026-01-18T18:00:00Z,0.000000
2026-01-18T19:00:00Z,0.000000
2026-01-18T20:00:00Z,0.000000
2026-01-18T21:00:00Z,0.000000
2026-01-18T22:00:00Z,0.000000
2026-01-18T23:00:00Z,0.000000
2026-01-19T00:00:00Z,0.000000
2026-01-19T01:00:00Z,0.000000
2026-01-19T02:00:00Z,0.000000
2026-01-19T03:00:00Z,0.000000
2026-01-19T04:00:00Z,0.000000
2026-01-19T05:00:00Z,0.000000
2026-01-19T06:00:00Z,0.000000
2026-01-19T07:00:00Z,0.000000
2026-01-19T08:00:00Z,0.000000
2026-01-19T09:00:00Z,0.000000
2026-01-19T10:00:00Z,2.227618
2026-01-19T11:00:00Z,3.365835
2026-01-19T12:00:00Z,2.494064
2026-01-19T13:00:00Z,0.000000
2026-01-19T14:00:00Z,0.000000
2026-01-19T15:00:00Z,0.000000
2026-01-19T16:00:00Z,0.000000
2026-01-19T17:00:00Z,0.000000
2026-01-19T18:00:00Z,0.000000
2026-01-19T19:00:00Z,0.000000
2026-01-19T20:00:00Z,0.000000
2026-01-19T21:00:00Z,0.000000
2026-01-19T22:00:00Z,0.000000
2026-01-19T23:00:00Z,0.000000
2026-01-20T00:00:00Z,0.000000
2026-01-20T01:00:00Z,0.000000
2026-01-20T02:00:00Z,0.000000
2026-01-20T03:00:00Z,0.000000
2026-01-20T04:00:00Z,0.000000
2026-01-20T05:00:00Z,0.000000
2026-01-20T06:00:00Z,0.000000
2026-01-20T07:00:00Z,0.000000
2026-01-20T08:00:00Z,0.000000
2026-01-20T09:00:00Z,0.000000
2026-01-20T10:00:00Z,1.388298
2026-01-20T11:00:00Z,2.494699
2026-01-20T12:00:00Z,1.686691
2026-01-20T13:00:00Z,0.000000
2026-01-20T14:00:00Z,0.000000
2026-01-20T15:00:00Z,0.000000
2026-01-20T16:00:00Z,0.000000
2026-01-20T17:00:00Z,0.000000
2026-01-20T18:00:00Z,0.000000
2026-01-20T19:00:00Z,0.000000
2026-01-20T20:00:00Z,0.000000
2026-01-20T21:00:00Z,0.000000
2026-01-20T22:00:00Z,0.000000
2026-01-20T23:00:00Z,0.000000
2026-01-21T00:00:00Z,0.000000
2026-01-21T01:00:00Z,0.000000
2026-01-21T02:00:00Z,0.000000
2026-01-21T03:00:00Z,0.000000
2026-01-21T04:00:00Z,0.000000
2026-01-21T05:00:00Z,0.000000
2026-01-21T06:00:00Z,0.000000
2026-01-21T07:00:00Z,0.000000
2026-01-21T08:00:00Z,0.000000
2026-01-21T09:00:00Z,0.000000
2026-01-21T10:00:00Z,0.000000
2026-01-21T11:00:00Z,0.000000
2026-01-21T12:00:00Z,0.000000
2026-01-21T13:00:00Z,0.000000
2026-01-21T14:00:00Z,0.000000
2026-01-21T15:00:00Z,0.000000
2026-01-21T16:00:00Z,0.000000
2026-01-21T17:00:00Z,0.000000
2026-01-21T18:00:00Z,0.000000
2026-01-21T19:00:00Z,0.000000
2026-01-21T20:00:00Z,0.000000
2026-01-21T21:00:00Z,0.000000
2026-01-21T22:00:00Z,0.000000
2026-01-21T23:00:00Z,0.000000
2026-01-22T00:00:00Z,0.000000
2026-01-22T01:00:00Z,0.000000
2026-01-22T02:00:00Z,0.000000
2026-01-22T03:00:00Z,0.000000
2026-01-22T04:00:00Z,0.000000
2026-01-22T05:00:00Z,0.000000
2026-01-22T06:00:00Z,0.000000
2026-01-22T07:00:00Z,0.000000
2026-01-22T08:00:00Z,0.000000
2026-01-22T09:00:00Z,0.000000
2026-01-22T10:00:00Z,0.000000
2026-01-22T11:00:00Z,0.000000
2026-01-22T12:00:00Z,0.000000
2026-01-22T13:00:00Z,0.000000
2026-01-22T14:00:00Z,0.000000
2026-01-22T15:00:00Z,0.000000
2026-01-22T16:00:00Z,0.000000
2026-01-22T17:00:00Z,0.000000
2026-01-22T18:00:00Z,0.000000
2026-01-22T19:00:00Z,0.000000
2026-01-22T20:00:00Z,0.000000
2026-01-22T21:00:00Z,0.000000
2026-01-22T22:00:00Z,0.000000
2026-01-22T23:00:00Z,0.000000
2026-01-23T00:00:00Z,0.000000
2026-01-23T01:00:00Z,0.000000
2026-01-23T02:00:00Z,0.000000
2026-01-23T03:00:00Z,0.000000
2026-01-23T04:00:00Z,0.000000
2026-01-23T05:00:00Z,0.000000
2026-01-23T06:00:00Z,0.000000
2026-01-23T07:00:00Z,0.000000
2026-01-23T08:00:00Z,0.000000
2026-01-23T09:00:00Z,0.000000
2026-01-23T10:00:00Z,0.000000
2026-01-23T11:00:00Z,0.000000
2026-01-23T12:00:00Z,0.000000
2026-01-23T13:00:00Z,0.000000
2026-01-23T14:00:00Z,0.000000
2026-01-23T15:00:00Z,0.000000
2026-01-23T16:00:00Z,0.000000
2026-01-23T17:00:00Z,0.000000
2026-01-23T18:00:00Z,0.000000
2026-01-23T19:00:00Z,0.000000
2026-01-23T20:00:00Z,0.000000
2026-01-23T21:00:00Z,0.000000
2026-01-23T22:00:00Z,0.000000
2026-01-23T23:00:00Z,0.000000
2026-01-24T00:00:00Z,0.000000
2026-01-24T01:00:00Z,0.000000
2026-01-24T02:00:00Z,0.000000
2026-01-24T03:00:00Z,0.000000
2026-01-24T04:00:00Z,0.000000
2026-01-24T05:00:00Z,0.000000
2026-01-24T06:00:00Z,0.000000
2026-01-24T07:00:00Z,0.000000
2026-01-24T08:00:00Z,0.000000
2026-01-24T09:00:00Z,0.000000
2026-01-24T10:00:00Z,0.000000
2026-01-24T11:00:00Z,0.000000
2026-01-24T12:00:00Z,0.000000
2026-01-24T13:00:00Z,0.000000
2026-01-24T14:00:00Z,0.000000
2026-01-24T15:00:00Z,0.000000
2026-01-24T16:00:00Z,0.000000
2026-01-24T17:00:00Z,0.000000
2026-01-24T18:00:00Z,0.000000
2026-01-24T19:00:00Z,0.000000
2026-01-24T20:00:00Z,0.000000
2026-01-24T21:00:00Z,0.000000
2026-01-24T22:00:00Z,0.000000
2026-01-24T23:00:00Z,0.000000
2026-01-25T00:00:00Z,0.000000
2026-01-25T01:00:00Z,0.000000
2026-01-25T02:00:00Z,0.000000
2026-01-25T03:00:00Z,0.000000
2026-01-25T04:00:00Z,0.000000
2026-01-25T05:00:00Z,0.000000
2026-01-25T06:00:00Z,0.000000
2026-01-25T07:00:00Z,0.000000
2026-01-25T08:00:00Z,0.000000
2026-01-25T09:00:00Z,0.000000
2026-01-25T10:00:00Z,0.000000
2026-01-25T11:00:00Z,0.000000
2026-01-25T12:00:00Z,0.000000
2026-01-25T13:00:00Z,0.000000
2026-01-25T14:00:00Z,0.000000
2026-01-25T15:00:00Z,0.000000
2026-01-25T16:00:00Z,0.000000
2026-01-25T17:00:00Z,0.000000
2026-01-25T18:00:00Z,0.000000
2026-01-25T19:00:00Z,0.000000
2026-01-25T20:00:00Z,0.000000
2026-01-25T21:00:00Z,0.000000
2026-01-25T22:00:00Z,0.000000
2026-01-25T23:00:00Z,0.000000
2026-01-26T00:00:00Z,0.000000
2026-01-26T01:00:00Z,0.000000
2026-01-26T02:00:00Z,0.000000
2026-01-26T03:00:00Z,0.000000
2026-01-26T04:00:00Z,0.000000
2026-01-26T05:00:00Z,0.000000
2026-01-26T06:00:00Z,0.000000
2026-01-26T07:00:00Z,0.000000
2026-01-26T08:00:00Z,0.000000
2026-01-26T09:00:00Z,0.000000
2026-01-26T10:00:00Z,0.000000
2026-01-26T11:00:00Z,0.000000
2026-01-26T12:00:00Z,0.000000
2026-01-26T13:00:00Z,0.000000
2026-01-26T14:00:00Z,0.000000
2026-01-26T15:00:00Z,0.000000
2026-01-26T16:00:00Z,0.000000
2026-01-26T17:00:00Z,0.000000
2026-01-26T18:00:00Z,0.000000
2026-01-26T19:00:00Z,0.000000
2026-01-26T20:00:00Z,0.000000
2026-01-26T21:00:00Z,0.000000
2026-01-26T22:00:00Z,0.000000
2026-01-26T23:00:00Z,0.000000
2026-01-27T00:00:00Z,0.000000
2026-01-27T01:00:00Z,0.000000
2026-01-27T02:00:00Z,0.000000
2026-01-27T03:00:00Z,0.000000
2026-01-27T04:00:00Z,0.000000
2026-01-27T05:00:00Z,0.000000
2026-01-27T06:00:00Z,0.000000
2026-01-27T07:00:00Z,0.000000
2026-01-27T08:00:00Z,0.000000
2026-01-27T09:00:00Z,0.000000
2026-01-27T10:00:00Z,0.000000
2026-01-27T11:00:00Z,0.000000
2026-01-27T12:00:00Z,0.000000
2026-01-27T13:00:00Z,0.000000
2026-01-27T14:00:00Z,0.000000
2026-01-27T15:00:00Z,0.000000
2026-01-27T16:00:00Z,0.000000
2026-01-27T17:00:00Z,0.000000
2026-01-27T18:00:00Z,0.000000
2026-01-27T19:00:00Z,0.000000
2026-01-27T20:00:00Z,0.000000
2026-01-27T21:00:00Z,0.000000
2026-01-27T22:00:00Z,0.000000
2026-01-27T23:00:00Z,0.000000
2026-01-28T00:00:00Z,0.000000
2026-01-28T01:00:00Z,0.000000
2026-01-28T02:00:00Z,0.000000
2026-01-28T03:00:00Z,0.000000
2026-01-28T04:00:00Z,0.000000
2026-01-28T05:00:00Z,0.000000
2026-01-28T06:00:00Z,0.000000
2026-01-28T07:00:00Z,0.000000
2026-01-28T08:00:00Z,0.000000
2026-01-28T09:00:00Z,0.000000
2026-01-28T10:00:00Z,0.000000
2026-01-28T11:00:00Z,0.000000
2026-01-28T12:00:00Z,0.000000
2026-01-28T13:00:00Z,0.000000
2026-01-28T14:00:00Z,0.000000
2026-01-28T15:00:00Z,0.000000
2026-01-28T16:00:00Z,0.000000
2026-01-28T17:00:00Z,0.000000
2026-01-28T18:00:00Z,0.000000
2026-01-28T19:00:00Z,0.000000
2026-01-28T20:00:00Z,0.000000
2026-01-28T21:00:00Z,0.000000
2026-01-28T22:00:00Z,0.000000
2026-01-28T23:00:00Z,0.000000
2026-01-29T00:00:00Z,0.000000
2026-01-29T01:00:00Z,0.000000
2026-01-29T02:00:00Z,0.000000
2026-01-29T03:00:00Z,0.000000
2026-01-29T04:00:00Z,0.000000
2026-01-29T05:00:00Z,0.000000
2026-01-29T06:00:00Z,0.000000
2026-01-29T07:00:00Z,0.000000
2026-01-29T08:00:00Z,0.000000
2026-01-29T09:00:00Z,0.000000
2026-01-29T10:00:00Z,0.000000
2026-01-29T11:00:00Z,0.000000
2026-01-29T12:00:00Z,0.000000
2026-01-29T13:00:00Z,0.000000
2026-01-29T14:00:00Z,0.000000
2026-01-29T15:00:00Z,0.000000
2026-01-29T16:00:00Z,0.000000
2026-01-29T17:00:00Z,0.000000
2026-01-29T18:00:00Z,0.000000
2026-01-29T19:00:00Z,0.000000
2026-01-29T20:00:00Z,0.000000
2026-01-29T21:00:00Z,0.000000
2026-01-29T22:00:00Z,0.000000
2026-01-29T23:00:00Z,0.000000
2026-01-30T00:00:00Z,0.000000
2026-01-30T01:00:00Z,0.000000
2026-01-30T02:00:00Z,0.000000
2026-01-30T03:00:00Z,0.000000
2026-01-30T04:00:00Z,0.000000
2026-01-30T05:00:00Z,0.000000
2026-01-30T06:00:00Z,0.000000
2026-01-30T07:00:00Z,0.000000
2026-01-30T08:00:00Z,0.000000
2026-01-30T09:00:00Z,0.000000
2026-01-30T10:00:00Z,0.000000
2026-01-30T11:00:00Z,0.000000
2026-01-30T12:00:00Z,0.000000
2026-01-30T13:00:00Z,0.000000
2026-01-30T14:00:00Z,0.000000
2026-01-30T15:00:00Z,0.000000
2026-01-30T16:00:00Z,0.000000
2026-01-30T17:00:00Z,0.000000
2026-01-30T18:00:00Z,0.000000
2026-01-30T19:00:00Z,0.000000
2026-01-30T20:00:00Z,0.000000
2026-01-30T21:00:00Z,0.000000
2026-01-30T22:00:00Z,0.000000
2026-01-30T23:00:00Z,0.000000
2026-01-31T00:00:00Z,0.000000
2026-01-31T01:00:00Z,0.000000
2026-01-31T02:00:00Z,0.000000
2026-01-31T03:00:00Z,0.000000
2026-01-31T04:00:00Z,0.000000
2026-01-31T05:00:00Z,0.000000
2026-01-31T06:00:00Z,0.000000
2026-01-31T07:00:00Z,0.000000
2026-01-31T08:00:00Z,0.000000
2026-01-31T09:00:00Z,0.000000
2026-01-31T10:00:00Z,0.000000
2026-01-31T11:00:00Z,0.000000
2026-01-31T12:00:00Z,0.000000
2026-01-31T13:00:00Z,0.000000
2026-01-31T14:00:00Z,0.000000
2026-01-31T15:00:00Z,0.000000
2026-01-31T16:00:00Z,0.000000
2026-01-31T17:00:00Z,0.000000
2026-01-31T18:00:00Z,0.000000
2026-01-31T19:00:00Z,0.000000
2026-01-31T20:00:00Z,0.000000
2026-01-31T21:00:00Z,0.000000
2026-01-31T22:00:00Z,0.000000
2026-01-31T23:00:00Z,0.000000
2026-02-01T00:00:00Z,0.000000
2026-02-01T01:00:00Z,0.000000
2026-02-01T02:00:00Z,0.000000
2026-02-01T03:00:00Z,0.000000
2026-02-01T04:00:00Z,0.000000
2026-02-01T05:00:00Z,0.000000
2026-02-01T06:00:00Z,0.000000
2026-02-01T07:00:00Z,0.000000
2026-02-01T08:00:00Z,0.000000
2026-02-01T09:00:00Z,0.000000
2026-02-01T10:00:00Z,0.000000
2026-02-01T11:00:00Z,0.000000
2026-02-01T12:00:00Z,0.000000
2026-02-01T13:00:00Z,0.000000
2026-02-01T14:00:00Z,0.000000
2026-02-01T15:00:00Z,0.000000
2026-02-01T16:00:00Z,0.000000
2026-02-01T17:00:00Z,0.000000
2026-02-01T18:00:00Z,0.000000
2026-02-01T19:00:00Z,0.000000
2026-02-01T20:00:00Z,0.000000
2026-02-01T21:00:00Z,0.000000
2026-02-01T22:00:00Z,0.000000
2026-02-01T23:00:00Z,0.000000
2026-02-02T00:00:00Z,0.000000
2026-02-02T01:00:00Z,0.000000
2026-02-02T02:00:00Z,0.000000
2026-02-02T03:00:00Z,0.000000
2026-02-02T04:00:00Z,0.000000
2026-02-02T05:00:00Z,0.000000
2026-02-02T06:00:00Z,0.000000
2026-02-02T07:00:00Z,0.000000
2026-02-02T08:00:00Z,0.000000
2026-02-02T09:00:00Z,3.709829
2026-02-02T10:00:00Z,5.853067
2026-02-02T11:00:00Z,6.976156
2026-02-02T12:00:00Z,5.992189
2026-02-02T13:00:00Z,2.014473
2026-02-02T14:00:00Z,0.000000
2026-02-02T15:00:00Z,0.000000
2026-02-02T16:00:00Z,0.000000
2026-02-02T17:00:00Z,0.000000
2026-02-02T18:00:00Z,0.000000
2026-02-02T19:00:00Z,0.000000
2026-02-02T20:00:00Z,0.000000
2026-02-02T21:00:00Z,0.000000
2026-02-02T22:00:00Z,0.000000
2026-02-02T23:00:00Z,0.000000
2026-02-03T00:00:00Z,0.000000
2026-02-03T01:00:00Z,0.000000
2026-02-03T02:00:00Z,0.000000
2026-02-03T03:00:00Z,0.000000
2026-02-03T04:00:00Z,0.000000
2026-02-03T05:00:00Z,0.000000
2026-02-03T06:00:00Z,0.000000
2026-02-03T07:00:00Z,0.000000
2026-02-03T08:00:00Z,0.000000
2026-02-03T09:00:00Z,0.000000
2026-02-03T10:00:00Z,0.000000
2026-02-03T11:00:00Z,0.000000
2026-02-03T12:00:00Z,2.111450
2026-02-03T13:00:00Z,4.632408
2026-02-03T14:00:00Z,0.000000
2026-02-03T15:00:00Z,0.000000
2026-02-03T16:00:00Z,0.000000
2026-02-03T17:00:00Z,0.000000
2026-02-03T18:00:00Z,0.000000
2026-02-03T19:00:00Z,0.000000
2026-02-03T20:00:00Z,0.000000
2026-02-03T21:00:00Z,0.000000
2026-02-03T22:00:00Z,0.000000
2026-02-03T23:00:00Z,0.000000
2026-02-04T00:00:00Z,0.000000
2026-02-04T01:00:00Z,0.000000
2026-02-04T02:00:00Z,0.000000
2026-02-04T03:00:00Z,0.000000
2026-02-04T04:00:00Z,0.000000
2026-02-04T05:00:00Z,0.000000
2026-02-04T06:00:00Z,0.000000
2026-02-04T07:00:00Z,0.000000
2026-02-04T08:00:00Z,0.000000
2026-02-04T09:00:00Z,0.000000
2026-02-04T10:00:00Z,0.000000
2026-02-04T11:00:00Z,0.000000
2026-02-04T12:00:00Z,0.000000
2026-02-04T13:00:00Z,0.000000
2026-02-04T14:00:00Z,0.000000
2026-02-04T15:00:00Z,0.000000
2026-02-04T16:00:00Z,0.000000
2026-02-04T17:00:00Z,0.000000
2026-02-04T18:00:00Z,0.000000
2026-02-04T19:00:00Z,0.000000
2026-02-04T20:00:00Z,0.000000
2026-02-04T21:00:00Z,0.000000
2026-02-04T22:00:00Z,0.000000
2026-02-04T23:00:00Z,0.000000
2026-02-05T00:00:00Z,0.000000
2026-02-05T01:00:00Z,0.000000
2026-02-05T02:00:00Z,0.000000
2026-02-05T03:00:00Z,0.000000
2026-02-05T04:00:00Z,0.000000
2026-02-05T05:00:00Z,0.000000
2026-02-05T06:00:00Z,0.000000
2026-02-05T07:00:00Z,0.000000
2026-02-05T08:00:00Z,0.000000
2026-02-05T09:00:00Z,0.000000
2026-02-05T10:00:00Z,0.000000
2026-02-05T11:00:00Z,0.000000
2026-02-05T12:00:00Z,0.000000
2026-02-05T13:00:00Z,0.000000
2026-02-05T14:00:00Z,0.000000
2026-02-05T15:00:00Z,0.000000
2026-02-05T16:00:00Z,0.000000
2026-02-05T17:00:00Z,0.000000
2026-02-05T18:00:00Z,0.000000
2026-02-05T19:00:00Z,0.000000
2026-02-05T20:00:00Z,0.000000
2026-02-05T21:00:00Z,0.000000
2026-02-05T22:00:00Z,0.000000
2026-02-05T23:00:00Z,0.000000
2026-02-06T00:00:00Z,0.000000
2026-02-06T01:00:00Z,0.000000
2026-02-06T02:00:00Z,0.000000
2026-02-06T03:00:00Z,0.000000
2026-02-06T04:00:00Z,0.000000
2026-02-06T05:00:00Z,0.000000
2026-02-06T06:00:00Z,0.000000
2026-02-06T07:00:00Z,0.000000
2026-02-06T08:00:00Z,0.000000
2026-02-06T09:00:00Z,0.000000
2026-02-06T10:00:00Z,0.000000
2026-02-06T11:00:00Z,0.000000
2026-02-06T12:00:00Z,0.000000
2026-02-06T13:00:00Z,0.000000
2026-02-06T14:00:00Z,0.000000
2026-02-06T15:00:00Z,0.000000
2026-02-06T16:00:00Z,0.000000
2026-02-06T17:00:00Z,0.000000
2026-02-06T18:00:00Z,0.000000
2026-02-06T19:00:00Z,0.000000
2026-02-06T20:00:00Z,0.000000
2026-02-06T21:00:00Z,0.000000
2026-02-06T22:00:00Z,0.000000
2026-02-06T23:00:00Z,0.000000
2026-02-07T00:00:00Z,0.000000
2026-02-07T01:00:00Z,0.000000
2026-02-07T02:00:00Z,0.000000
2026-02-07T03:00:00Z,0.000000
2026-02-07T04:00:00Z,0.000000
2026-02-07T05:00:00Z,0.000000
2026-02-07T06:00:00Z,0.000000
2026-02-07T07:00:00Z,0.000000
2026-02-07T08:00:00Z,0.000000
2026-02-07T09:00:00Z,0.000000
2026-02-07T10:00:00Z,0.000000
2026-02-07T11:00:00Z,0.000000
2026-02-07T12:00:00Z,0.000000
2026-02-07T13:00:00Z,0.000000
2026-02-07T14:00:00Z,0.000000
2026-02-07T15:00:00Z,0.000000
2026-02-07T16:00:00Z,0.000000
2026-02-07T17:00:00Z,0.000000
2026-02-07T18:00:00Z,0.000000
2026-02-07T19:00:00Z,0.000000
2026-02-07T20:00:00Z,0.000000
2026-02-07T21:00:00Z,0.000000
2026-02-07T22:00:00Z,0.000000
2026-02-07T23:00:00Z,0.000000
2026-02-08T00:00:00Z,0.000000
2026-02-08T01:00:00Z,0.000000
2026-02-08T02:00:00Z,0.000000
2026-02-08T03:00:00Z,0.000000
2026-02-08T04:00:00Z,0.000000
2026-02-08T05:00:00Z,0.000000
2026-02-08T06:00:00Z,0.000000
2026-02-08T07:00:00Z,0.000000
2026-02-08T08:00:00Z,0.000000
2026-02-08T09:00:00Z,0.000000
2026-02-08T10:00:00Z,0.000000
2026-02-08T11:00:00Z,0.000000
2026-02-08T12:00:00Z,0.000000
2026-02-08T13:00:00Z,0.000000
2026-02-08T14:00:00Z,0.000000
2026-02-08T15:00:00Z,0.000000
2026-02-08T16:00:00Z,0.000000
2026-02-08T17:00:00Z,0.000000
2026-02-08T18:00:00Z,0.000000
2026-02-08T19:00:00Z,0.000000
2026-02-08T20:00:00Z,0.000000
2026-02-08T21:00:00Z,0.000000
2026-02-08T22:00:00Z,0.000000
2026-02-08T23:00:00Z,0.000000
2026-02-09T00:00:00Z,0.000000
2026-02-09T01:00:00Z,0.000000
2026-02-09T02:00:00Z,0.000000
2026-02-09T03:00:00Z,0.000000
2026-02-09T04:00:00Z,0.000000
2026-02-09T05:00:00Z,0.000000
2026-02-09T06:00:00Z,0.000000
2026-02-09T07:00:00Z,0.000000
2026-02-09T08:00:00Z,0.000000
2026-02-09T09:00:00Z,0.000000
2026-02-09T10:00:00Z,0.000000
2026-02-09T11:00:00Z,0.000000
2026-02-09T12:00:00Z,0.000000
2026-02-09T13:00:00Z,0.000000
2026-02-09T14:00:00Z,0.000000
2026-02-09T15:00:00Z,0.000000
2026-02-09T16:00:00Z,0.000000
2026-02-09T17:00:00Z,0.000000
2026-02-09T18:00:00Z,0.000000
2026-02-09T19:00:00Z,0.000000
2026-02-09T20:00:00Z,0.000000
2026-02-09T21:00:00Z,0.000000
2026-02-09T22:00:00Z,0.000000
2026-02-09T23:00:00Z,0.000000
2026-02-10T00:00:00Z,0.000000
2026-02-10T01:00:00Z,0.000000
2026-02-10T02:00:00Z,0.000000
2026-02-10T03:00:00Z,0.000000
2026-02-10T04:00:00Z,0.000000
2026-02-10T05:00:00Z,0.000000
2026-02-10T06:00:00Z,0.000000
2026-02-10T07:00:00Z,0.000000
2026-02-10T08:00:00Z,0.000000
2026-02-10T09:00:00Z,0.000000
2026-02-10T10:00:00Z,0.000000
2026-02-10T11:00:00Z,0.000000
2026-02-10T12:00:00Z,0.000000
2026-02-10T13:00:00Z,0.000000
2026-02-10T14:00:00Z,0.000000
2026-02-10T15:00:00Z,0.000000
2026-02-10T16:00:00Z,0.000000
2026-02-10T17:00:00Z,0.000000
2026-02-10T18:00:00Z,0.000000
2026-02-10T19:00:00Z,0.000000
2026-02-10T20:00:00Z,0.000000
2026-02-10T21:00:00Z,0.000000
2026-02-10T22:00:00Z,0.000000
2026-02-10T23:00:00Z,0.000000
2026-02-11T00:00:00Z,0.000000
2026-02-11T01:00:00Z,0.000000
2026-02-11T02:00:00Z,0.000000
2026-02-11T03:00:00Z,0.000000
2026-02-11T04:00:00Z,0.000000
2026-02-11T05:00:00Z,0.000000
2026-02-11T06:00:00Z,0.000000
2026-02-11T07:00:00Z,0.000000
2026-02-11T08:00:00Z,0.000000
2026-02-11T09:00:00Z,0.000000
2026-02-11T10:00:00Z,0.000000
2026-02-11T11:00:00Z,0.000000
2026-02-11T12:00:00Z,0.000000
2026-02-11T13:00:00Z,0.000000
2026-02-11T14:00:00Z,0.000000
2026-02-11T15:00:00Z,0.000000
2026-02-11T16:00:00Z,0.000000
2026-02-11T17:00:00Z,0.000000
2026-02-11T18:00:00Z,0.000000
2026-02-11T19:00:00Z,0.000000
2026-02-11T20:00:00Z,0.000000
2026-02-11T21:00:00Z,0.000000
2026-02-11T22:00:00Z,0.000000
2026-02-11T23:00:00Z,0.000000
2026-02-12T00:00:00Z,0.000000
2026-02-12T01:00:00Z,0.000000
2026-02-12T02:00:00Z,0.000000
2026-02-12T03:00:00Z,0.000000
2026-02-12T04:00:00Z,0.000000
2026-02-12T05:00:00Z,0.000000
2026-02-12T06:00:00Z,0.000000
2026-02-12T07:00:00Z,0.000000
2026-02-12T08:00:00Z,0.000000
2026-02-12T09:00:00Z,0.000000
2026-02-12T10:00:00Z,0.000000
2026-02-12T11:00:00Z,0.000000
2026-02-12T12:00:00Z,0.000000
2026-02-12T13:00:00Z,0.000000
2026-02-12T14:00:00Z,0.000000
2026-02-12T15:00:00Z,0.000000
2026-02-12T16:00:00Z,0.000000
2026-02-12T17:00:00Z,0.000000
2026-02-12T18:00:00Z,0.000000
2026-02-12T19:00:00Z,0.000000
2026-02-12T20:00:00Z,0.000000
2026-02-12T21:00:00Z,0.000000
2026-02-12T22:00:00Z,0.000000
2026-02-12T23:00:00Z,0.000000
2026-02-13T00:00:00Z,0.000000
2026-02-13T01:00:00Z,0.000000
2026-02-13T02:00:00Z,0.000000
2026-02-13T03:00:00Z,0.000000
2026-02-13T04:00:00Z,0.000000
2026-02-13T05:00:00Z,0.000000
2026-02-13T06:00:00Z,0.000000
2026-02-13T07:00:00Z,0.000000
2026-02-13T08:00:00Z,0.060493
2026-02-13T09:00:00Z,3.949288
2026-02-13T10:00:00Z,6.667042
2026-02-13T11:00:00Z,2.659365
2026-02-13T12:00:00Z,9.971613
2026-02-13T13:00:00Z,4.378663
2026-02-13T14:00:00Z,0.000000
2026-02-13T15:00:00Z,0.000000
2026-02-13T16:00:00Z,0.000000
2026-02-13T17:00:00Z,0.000000
2026-02-13T18:00:00Z,0.000000
2026-02-13T19:00:00Z,0.000000
2026-02-13T20:00:00Z,0.000000
2026-02-13T21:00:00Z,0.000000
2026-02-13T22:00:00Z,0.000000
2026-02-13T23:00:00Z,0.000000
2026-02-14T00:00:00Z,0.000000
2026-02-14T01:00:00Z,0.000000
2026-02-14T02:00:00Z,0.000000
2026-02-14T03:00:00Z,0.000000
2026-02-14T04:00:00Z,0.000000
2026-02-14T05:00:00Z,0.000000
2026-02-14T06:00:00Z,0.000000
2026-02-14T07:00:00Z,0.000000
2026-02-14T08:00:00Z,0.510843
2026-02-14T09:00:00Z,5.784361
2026-02-14T10:00:00Z,9.116526
2026-02-14T11:00:00Z,10.777902
2026-02-14T12:00:00Z,10.295789
2026-02-14T13:00:00Z,6.458019
2026-02-14T14:00:00Z,1.736313
2026-02-14T15:00:00Z,0.000000
2026-02-14T16:00:00Z,0.000000
2026-02-14T17:00:00Z,0.000000
2026-02-14T18:00:00Z,0.000000
2026-02-14T19:00:00Z,0.000000
2026-02-14T20:00:00Z,0.000000
2026-02-14T21:00:00Z,0.000000
2026-02-14T22:00:00Z,0.000000
2026-02-14T23:00:00Z,0.000000
2026-02-15T00:00:00Z,0.000000
2026-02-15T01:00:00Z,0.000000
2026-02-15T02:00:00Z,0.000000
2026-02-15T03:00:00Z,0.000000
2026-02-15T04:00:00Z,0.000000
2026-02-15T05:00:00Z,0.000000
2026-02-15T06:00:00Z,0.000000
2026-02-15T07:00:00Z,0.000000
2026-02-15T08:00:00Z,0.000000
2026-02-15T09:00:00Z,0.000000
2026-02-15T10:00:00Z,0.000000
2026-02-15T11:00:00Z,2.511377
2026-02-15T12:00:00Z,2.302886
2026-02-15T13:00:00Z,0.612455
2026-02-15T14:00:00Z,0.000000
2026-02-15T15:00:00Z,0.000000
2026-02-15T16:00:00Z,0.000000
2026-02-15T17:00:00Z,0.000000
2026-02-15T18:00:00Z,0.000000
2026-02-15T19:00:00Z,0.000000
2026-02-15T20:00:00Z,0.000000
2026-02-15T21:00:00Z,0.000000
2026-02-15T22:00:00Z,0.000000
2026-02-15T23:00:00Z,0.000000
2026-02-16T00:00:00Z,0.000000
2026-02-16T01:00:00Z,0.000000
2026-02-16T02:00:00Z,0.000000
2026-02-16T03:00:00Z,0.000000
2026-02-16T04:00:00Z,0.000000
2026-02-16T05:00:00Z,0.000000
2026-02-16T06:00:00Z,0.000000
2026-02-16T07:00:00Z,0.000000
2026-02-16T08:00:00Z,0.000000
2026-02-16T09:00:00Z,0.000000
2026-02-16T10:00:00Z,0.000000
2026-02-16T11:00:00Z,0.000000
2026-02-16T12:00:00Z,0.000000
2026-02-16T13:00:00Z,0.000000
2026-02-16T14:00:00Z,0.000000
2026-02-16T15:00:00Z,0.000000
2026-02-16T16:00:00Z,0.000000
2026-02-16T17:00:00Z,0.000000
2026-02-16T18:00:00Z,0.000000
2026-02-16T19:00:00Z,0.000000
2026-02-16T20:00:00Z,0.000000
2026-02-16T21:00:00Z,0.000000
2026-02-16T22:00:00Z,0.000000
2026-02-16T23:00:00Z,0.000000
2026-02-17T00:00:00Z,0.000000
2026-02-17T01:00:00Z,0.000000
2026-02-17T02:00:00Z,0.000000
2026-02-17T03:00:00Z,0.000000
2026-02-17T04:00:00Z,0.000000
2026-02-17T05:00:00Z,0.000000
2026-02-17T06:00:00Z,0.000000
2026-02-17T07:00:00Z,0.000000
2026-02-17T08:00:00Z,0.000000
2026-02-17T09:00:00Z,0.000000
2026-02-17T10:00:00Z,0.000000
2026-02-17T11:00:00Z,0.000000
2026-02-17T12:00:00Z,0.000000
2026-02-17T13:00:00Z,0.000000
2026-02-17T14:00:00Z,0.000000
2026-02-17T15:00:00Z,0.000000
2026-02-17T16:00:00Z,0.000000
2026-02-17T17:00:00Z,0.000000
2026-02-17T18:00:00Z,0.000000
2026-02-17T19:00:00Z,0.000000
2026-02-17T20:00:00Z,0.000000
2026-02-17T21:00:00Z,0.000000
2026-02-17T22:00:00Z,0.000000
2026-02-17T23:00:00Z,0.000000
2026-02-18T00:00:00Z,0.000000
2026-02-18T01:00:00Z,0.000000
2026-02-18T02:00:00Z,0.000000
2026-02-18T03:00:00Z,0.000000
2026-02-18T04:00:00Z,0.000000
2026-02-18T05:00:00Z,0.000000
2026-02-18T06:00:00Z,0.000000
2026-02-18T07:00:00Z,0.000000
2026-02-18T08:00:00Z,0.000000
2026-02-18T09:00:00Z,6.275827
2026-02-18T10:00:00Z,10.468800
2026-02-18T11:00:00Z,7.431010
2026-02-18T12:00:00Z,6.910752
2026-02-18T13:00:00Z,0.440505
2026-02-18T14:00:00Z,0.000000
2026-02-18T15:00:00Z,0.000000
2026-02-18T16:00:00Z,0.000000
2026-02-18T17:00:00Z,0.000000
2026-02-18T18:00:00Z,0.000000
2026-02-18T19:00:00Z,0.000000
2026-02-18T20:00:00Z,0.000000
2026-02-18T21:00:00Z,0.000000
2026-02-18T22:00:00Z,0.000000
2026-02-18T23:00:00Z,0.000000
2026-02-19T00:00:00Z,0.000000
2026-02-19T01:00:00Z,0.000000
2026-02-19T02:00:00Z,0.000000
2026-02-19T03:00:00Z,0.000000
2026-02-19T04:00:00Z,0.000000
2026-02-19T05:00:00Z,0.000000
2026-02-19T06:00:00Z,0.000000
2026-02-19T07:00:00Z,0.000000
2026-02-19T08:00:00Z,0.000000
2026-02-19T09:00:00Z,0.000000
2026-02-19T10:00:00Z,1.214904
2026-02-19T11:00:00Z,13.766939
2026-02-19T12:00:00Z,11.905381
2026-02-19T13:00:00Z,8.698939
2026-02-19T14:00:00Z,4.391277
2026-02-19T15:00:00Z,0.000000
2026-02-19T16:00:00Z,0.000000
2026-02-19T17:00:00Z,0.000000
2026-02-19T18:00:00Z,0.000000
2026-02-19T19:00:00Z,0.000000
2026-02-19T20:00:00Z,0.000000
2026-02-19T21:00:00Z,0.000000
2026-02-19T22:00:00Z,0.000000
2026-02-19T23:00:00Z,0.000000
2026-02-20T00:00:00Z,0.000000
2026-02-20T01:00:00Z,0.000000
2026-02-20T02:00:00Z,0.000000
2026-02-20T03:00:00Z,0.000000
2026-02-20T04:00:00Z,0.000000
2026-02-20T05:00:00Z,0.000000
2026-02-20T06:00:00Z,0.000000
2026-02-20T07:00:00Z,0.000000
2026-02-20T08:00:00Z,0.000000
2026-02-20T09:00:00Z,0.000000
2026-02-20T10:00:00Z,0.000000
2026-02-20T11:00:00Z,0.000000
2026-02-20T12:00:00Z,0.000000
2026-02-20T13:00:00Z,0.000000
2026-02-20T14:00:00Z,0.000000
2026-02-20T15:00:00Z,0.000000
2026-02-20T16:00:00Z,0.000000
2026-02-20T17:00:00Z,0.000000
2026-02-20T18:00:00Z,0.000000
2026-02-20T19:00:00Z,0.000000
2026-02-20T20:00:00Z,0.000000
2026-02-20T21:00:00Z,0.000000
2026-02-20T22:00:00Z,0.000000
2026-02-20T23:00:00Z,0.000000
2026-02-21T00:00:00Z,0.000000
2026-02-21T01:00:00Z,0.000000
2026-02-21T02:00:00Z,0.000000
2026-02-21T03:00:00Z,0.000000
2026-02-21T04:00:00Z,0.000000
2026-02-21T05:00:00Z,0.000000
2026-02-21T06:00:00Z,0.000000
2026-02-21T07:00:00Z,0.000000
2026-02-21T08:00:00Z,0.000000
2026-02-21T09:00:00Z,0.000000
2026-02-21T10:00:00Z,0.000000
2026-02-21T11:00:00Z,0.000000
2026-02-21T12:00:00Z,0.000000
2026-02-21T13:00:00Z,0.000000
2026-02-21T14:00:00Z,0.000000
2026-02-21T15:00:00Z,0.000000
2026-02-21T16:00:00Z,0.000000
2026-02-21T17:00:00Z,0.000000
2026-02-21T18:00:00Z,0.000000
2026-02-21T19:00:00Z,0.000000
2026-02-21T20:00:00Z,0.000000
2026-02-21T21:00:00Z,0.000000
2026-02-21T22:00:00Z,0.000000
2026-02-21T23:00:00Z,0.000000
2026-02-22T00:00:00Z,0.000000
2026-02-22T01:00:00Z,0.000000
2026-02-22T02:00:00Z,0.000000
2026-02-22T03:00:00Z,0.000000
2026-02-22T04:00:00Z,0.000000
2026-02-22T05:00:00Z,0.000000
2026-02-22T06:00:00Z,0.000000
2026-02-22T07:00:00Z,0.000000
2026-02-22T08:00:00Z,0.000000
2026-02-22T09:00:00Z,0.000000
2026-02-22T10:00:00Z,0.000000
2026-02-22T11:00:00Z,0.000000
2026-02-22T12:00:00Z,0.000000
2026-02-22T13:00:00Z,0.000000
2026-02-22T14:00:00Z,0.000000
2026-02-22T15:00:00Z,0.000000
2026-02-22T16:00:00Z,0.000000
2026-02-22T17:00:00Z,0.000000
2026-02-22T18:00:00Z,0.000000
2026-02-22T19:00:00Z,0.000000
2026-02-22T20:00:00Z,0.000000
2026-02-22T21:00:00Z,0.000000
2026-02-22T22:00:00Z,0.000000
2026-02-22T23:00:00Z,0.000000
2026-02-23T00:00:00Z,0.000000
2026-02-23T01:00:00Z,0.000000
2026-02-23T02:00:00Z,0.000000
2026-02-23T03:00:00Z,0.000000
2026-02-23T04:00:00Z,0.000000
2026-02-23T05:00:00Z,0.000000
2026-02-23T06:00:00Z,0.000000
2026-02-23T07:00:00Z,0.000000
2026-02-23T08:00:00Z,0.000000
2026-02-23T09:00:00Z,0.000000
2026-02-23T10:00:00Z,0.000000
2026-02-23T11:00:00Z,0.000000
2026-02-23T12:00:00Z,0.000000
2026-02-23T13:00:00Z,0.000000
2026-02-23T14:00:00Z,0.000000
2026-02-23T15:00:00Z,0.000000
2026-02-23T16:00:00Z,0.000000
2026-02-23T17:00:00Z,0.000000
2026-02-23T18:00:00Z,0.000000
2026-02-23T19:00:00Z,0.000000
2026-02-23T20:00:00Z,0.000000
2026-02-23T21:00:00Z,0.000000
2026-02-23T22:00:00Z,0.000000
2026-02-23T23:00:00Z,0.000000
2026-02-24T00:00:00Z,0.000000
2026-02-24T01:00:00Z,0.000000
2026-02-24T02:00:00Z,0.000000
2026-02-24T03:00:00Z,0.000000
2026-02-24T04:00:00Z,0.000000
2026-02-24T05:00:00Z,0.000000
2026-02-24T06:00:00Z,0.000000
2026-02-24T07:00:00Z,0.000000
2026-02-24T08:00:00Z,0.000000
2026-02-24T09:00:00Z,0.000000
2026-02-24T10:00:00Z,0.000000
2026-02-24T11:00:00Z,0.000000
2026-02-24T12:00:00Z,0.000000
2026-02-24T13:00:00Z,0.000000
2026-02-24T14:00:00Z,0.000000
2026-02-24T15:00:00Z,0.000000
2026-02-24T16:00:00Z,0.000000
2026-02-24T17:00:00Z,0.000000
2026-02-24T18:00:00Z,0.000000
2026-02-24T19:00:00Z,0.000000
2026-02-24T20:00:00Z,0.000000
2026-02-24T21:00:00Z,0.000000
2026-02-24T22:00:00Z,0.000000
2026-02-24T23:00:00Z,0.000000
2026-02-25T00:00:00Z,0.000000
2026-02-25T01:00:00Z,0.000000
2026-02-25T02:00:00Z,0.000000
2026-02-25T03:00:00Z,0.000000
2026-02-25T04:00:00Z,0.000000
2026-02-25T05:00:00Z,0.000000
2026-02-25T06:00:00Z,0.000000
2026-02-25T07:00:00Z,0.000000
2026-02-25T08:00:00Z,0.000000
2026-02-25T09:00:00Z,0.000000
2026-02-25T10:00:00Z,0.000000
2026-02-25T11:00:00Z,0.000000
2026-02-25T12:00:00Z,0.000000
2026-02-25T13:00:00Z,0.000000
2026-02-25T14:00:00Z,0.000000
2026-02-25T15:00:00Z,0.000000
2026-02-25T16:00:00Z,0.000000
2026-02-25T17:00:00Z,0.000000
2026-02-25T18:00:00Z,0.000000
2026-02-25T19:00:00Z,0.000000
2026-02-25T20:00:00Z,0.000000
2026-02-25T21:00:00Z,0.000000
2026-02-25T22:00:00Z,0.000000
2026-02-25T23:00:00Z,0.000000
2026-02-26T00:00:00Z,0.000000
2026-02-26T01:00:00Z,0.000000
2026-02-26T02:00:00Z,0.000000
2026-02-26T03:00:00Z,0.000000
2026-02-26T04:00:00Z,0.000000
2026-02-26T05:00:00Z,0.000000
2026-02-26T06:00:00Z,0.000000
2026-02-26T07:00:00Z,0.000000
2026-02-26T08:00:00Z,0.000000
2026-02-26T09:00:00Z,0.000000
2026-02-26T10:00:00Z,0.000000
2026-02-26T11:00:00Z,0.000000
2026-02-26T12:00:00Z,0.000000
2026-02-26T13:00:00Z,0.000000
2026-02-26T14:00:00Z,0.000000
2026-02-26T15:00:00Z,0.000000
2026-02-26T16:00:00Z,0.000000
2026-02-26T17:00:00Z,0.000000
2026-02-26T18:00:00Z,0.000000
2026-02-26T19:00:00Z,0.000000
2026-02-26T20:00:00Z,0.000000
2026-02-26T21:00:00Z,0.000000
2026-02-26T22:00:00Z,0.000000
2026-02-26T23:00:00Z,0.000000
2026-02-27T00:00:00Z,0.000000
2026-02-27T01:00:00Z,0.000000
2026-02-27T02:00:00Z,0.000000
2026-02-27T03:00:00Z,0.000000
2026-02-27T04:00:00Z,0.000000
2026-02-27T05:00:00Z,0.000000
2026-02-27T06:00:00Z,0.000000
2026-02-27T07:00:00Z,0.000000
2026-02-27T08:00:00Z,0.000000
2026-02-27T09:00:00Z,0.000000
2026-02-27T10:00:00Z,0.000000
2026-02-27T11:00:00Z,0.000000
2026-02-27T12:00:00Z,0.000000
2026-02-27T13:00:00Z,0.000000
2026-02-27T14:00:00Z,0.000000
2026-02-27T15:00:00Z,0.000000
2026-02-27T16:00:00Z,0.000000
2026-02-27T17:00:00Z,0.000000
2026-02-27T18:00:00Z,0.000000
2026-02-27T19:00:00Z,0.000000
2026-02-27T20:00:00Z,0.000000
2026-02-27T21:00:00Z,0.000000
2026-02-27T22:00:00Z,0.000000
2026-02-27T23:00:00Z,0.000000
2026-02-28T00:00:00Z,0.000000
2026-02-28T01:00:00Z,0.000000
2026-02-28T02:00:00Z,0.000000
2026-02-28T03:00:00Z,0.000000
2026-02-28T04:00:00Z,0.000000
2026-02-28T05:00:00Z,0.000000
2026-02-28T06:00:00Z,0.000000
2026-02-28T07:00:00Z,0.000000
2026-02-28T08:00:00Z,0.000000
2026-02-28T09:00:00Z,0.000000
2026-02-28T10:00:00Z,0.000000
2026-02-28T11:00:00Z,0.000000
2026-02-28T12:00:00Z,0.000000
2026-02-28T13:00:00Z,0.000000
2026-02-28T14:00:00Z,0.000000
2026-02-28T15:00:00Z,0.000000
2026-02-28T16:00:00Z,0.000000
2026-02-28T17:00:00Z,0.000000
2026-02-28T18:00:00Z,0.000000
2026-02-28T19:00:00Z,0.000000
2026-02-28T20:00:00Z,0.000000
2026-02-28T21:00:00Z,0.000000
2026-02-28T22:00:00Z,0.000000
2026-02-28T23:00:00Z,0.000000
2026-03-01T00:00:00Z,0.000000
2026-03-01T01:00:00Z,0.000000
2026-03-01T02:00:00Z,0.000000
2026-03-01T03:00:00Z,0.000000
2026-03-01T04:00:00Z,0.000000
2026-03-01T05:00:00Z,0.000000
2026-03-01T06:00:00Z,0.000000
2026-03-01T07:00:00Z,0.000000
2026-03-01T08:00:00Z,2.709974
2026-03-01T09:00:00Z,1.428646
2026-03-01T10:00:00Z,0.000000
2026-03-01T11:00:00Z,3.183925
2026-03-01T12:00:00Z,11.729790
2026-03-01T13:00:00Z,10.016683
2026-03-01T14:00:00Z,4.321648
2026-03-01T15:00:00Z,0.000000
2026-03-01T16:00:00Z,0.000000
2026-03-01T17:00:00Z,0.000000
2026-03-01T18:00:00Z,0.000000
2026-03-01T19:00:00Z,0.000000
2026-03-01T20:00:00Z,0.000000
2026-03-01T21:00:00Z,0.000000
2026-03-01T22:00:00Z,0.000000
2026-03-01T23:00:00Z,0.000000
2026-03-02T00:00:00Z,0.000000
2026-03-02T01:00:00Z,0.000000
2026-03-02T02:00:00Z,0.000000
2026-03-02T03:00:00Z,0.000000
2026-03-02T04:00:00Z,0.000000
2026-03-02T05:00:00Z,0.000000
2026-03-02T06:00:00Z,0.000000
2026-03-02T07:00:00Z,0.000000
2026-03-02T08:00:00Z,0.000000
2026-03-02T09:00:00Z,0.000000
2026-03-02T10:00:00Z,0.610696
2026-03-02T11:00:00Z,14.221978
2026-03-02T12:00:00Z,13.389366
2026-03-02T13:00:00Z,6.245116
2026-03-02T14:00:00Z,6.762268
2026-03-02T15:00:00Z,0.000000
2026-03-02T16:00:00Z,0.000000
2026-03-02T17:00:00Z,0.000000
2026-03-02T18:00:00Z,0.000000
2026-03-02T19:00:00Z,0.000000
2026-03-02T20:00:00Z,0.000000
2026-03-02T21:00:00Z,0.000000
2026-03-02T22:00:00Z,0.000000
2026-03-02T23:00:00Z,0.000000
2026-03-03T00:00:00Z,0.000000
2026-03-03T01:00:00Z,0.000000
2026-03-03T02:00:00Z,0.000000
2026-03-03T03:00:00Z,0.000000
2026-03-03T04:00:00Z,0.000000
2026-03-03T05:00:00Z,0.000000
2026-03-03T06:00:00Z,0.000000
2026-03-03T07:00:00Z,0.000000
2026-03-03T08:00:00Z,4.183744
2026-03-03T09:00:00Z,4.335522
2026-03-03T10:00:00Z,1.305468
2026-03-03T11:00:00Z,8.480892
2026-03-03T12:00:00Z,13.989805
2026-03-03T13:00:00Z,4.633835
2026-03-03T14:00:00Z,4.941804
2026-03-03T15:00:00Z,0.000000
2026-03-03T16:00:00Z,0.000000
2026-03-03T17:00:00Z,0.000000
2026-03-03T18:00:00Z,0.000000
2026-03-03T19:00:00Z,0.000000
2026-03-03T20:00:00Z,0.000000
2026-03-03T21:00:00Z,0.000000
2026-03-03T22:00:00Z,0.000000
2026-03-03T23:00:00Z,0.000000
2026-03-04T00:00:00Z,0.000000
2026-03-04T01:00:00Z,0.000000
2026-03-04T02:00:00Z,0.000000
2026-03-04T03:00:00Z,0.000000
2026-03-04T04:00:00Z,0.000000
2026-03-04T05:00:00Z,0.000000
2026-03-04T06:00:00Z,0.000000
2026-03-04T07:00:00Z,0.000000
2026-03-04T08:00:00Z,1.011903
2026-03-04T09:00:00Z,8.950385
2026-03-04T10:00:00Z,11.794224
2026-03-04T11:00:00Z,12.028077
2026-03-04T12:00:00Z,12.676007
2026-03-04T13:00:00Z,10.254291
2026-03-04T14:00:00Z,6.389671
2026-03-04T15:00:00Z,1.647810
2026-03-04T16:00:00Z,0.000000
2026-03-04T17:00:00Z,0.000000
2026-03-04T18:00:00Z,0.000000
2026-03-04T19:00:00Z,0.000000
2026-03-04T20:00:00Z,0.000000
2026-03-04T21:00:00Z,0.000000
2026-03-04T22:00:00Z,0.000000
2026-03-04T23:00:00Z,0.000000
2026-03-05T00:00:00Z,0.000000
2026-03-05T01:00:00Z,0.000000
2026-03-05T02:00:00Z,0.000000
2026-03-05T03:00:00Z,0.000000
2026-03-05T04:00:00Z,0.000000
2026-03-05T05:00:00Z,0.000000
2026-03-05T06:00:00Z,0.000000
2026-03-05T07:00:00Z,0.462323
2026-03-05T08:00:00Z,6.911684
2026-03-05T09:00:00Z,9.270524
2026-03-05T10:00:00Z,12.008219
2026-03-05T11:00:00Z,13.129497
2026-03-05T12:00:00Z,12.435286
2026-03-05T13:00:00Z,9.961130
2026-03-05T14:00:00Z,6.133832
2026-03-05T15:00:00Z,1.128808
2026-03-05T16:00:00Z,0.000000
2026-03-05T17:00:00Z,0.000000
2026-03-05T18:00:00Z,0.000000
2026-03-05T19:00:00Z,0.000000
2026-03-05T20:00:00Z,0.000000
2026-03-05T21:00:00Z,0.000000
2026-03-05T22:00:00Z,0.000000
2026-03-05T23:00:00Z,0.000000
2026-03-06T00:00:00Z,0.000000
2026-03-06T01:00:00Z,0.000000
2026-03-06T02:00:00Z,0.000000
2026-03-06T03:00:00Z,0.000000
2026-03-06T04:00:00Z,0.000000
2026-03-06T05:00:00Z,0.000000
2026-03-06T06:00:00Z,0.000000
2026-03-06T07:00:00Z,0.008235
2026-03-06T08:00:00Z,5.047028
2026-03-06T09:00:00Z,8.879414
2026-03-06T10:00:00Z,11.345796
2026-03-06T11:00:00Z,12.550846
2026-03-06T12:00:00Z,11.477969
2026-03-06T13:00:00Z,9.187119
2026-03-06T14:00:00Z,0.102197
2026-03-06T15:00:00Z,0.554824
2026-03-06T16:00:00Z,0.000000
2026-03-06T17:00:00Z,0.000000
2026-03-06T18:00:00Z,0.000000
2026-03-06T19:00:00Z,0.000000
2026-03-06T20:00:00Z,0.000000
2026-03-06T21:00:00Z,0.000000
2026-03-06T22:00:00Z,0.000000
2026-03-06T23:00:00Z,0.000000
2026-03-07T00:00:00Z,0.000000
2026-03-07T01:00:00Z,0.000000
2026-03-07T02:00:00Z,0.000000
2026-03-07T03:00:00Z,0.000000
2026-03-07T04:00:00Z,0.000000
2026-03-07T05:00:00Z,0.000000
2026-03-07T06:00:00Z,0.000000
2026-03-07T07:00:00Z,0.000000
2026-03-07T08:00:00Z,0.000000
2026-03-07T09:00:00Z,0.000000
2026-03-07T10:00:00Z,0.000000
2026-03-07T11:00:00Z,0.000000
2026-03-07T12:00:00Z,0.000000
2026-03-07T13:00:00Z,0.000000
2026-03-07T14:00:00Z,0.000000
2026-03-07T15:00:00Z,0.000000
2026-03-07T16:00:00Z,0.000000
2026-03-07T17:00:00Z,0.000000
2026-03-07T18:00:00Z,0.000000
2026-03-07T19:00:00Z,0.000000
2026-03-07T20:00:00Z,0.000000
2026-03-07T21:00:00Z,0.000000
2026-03-07T22:00:00Z,0.000000
2026-03-07T23:00:00Z,0.000000
2026-03-08T00:00:00Z,0.000000
2026-03-08T01:00:00Z,0.000000
2026-03-08T02:00:00Z,0.000000
2026-03-08T03:00:00Z,0.000000
2026-03-08T04:00:00Z,0.000000
2026-03-08T05:00:00Z,0.000000
2026-03-08T06:00:00Z,0.000000
2026-03-08T07:00:00Z,0.000000
2026-03-08T08:00:00Z,0.000000
2026-03-08T09:00:00Z,0.000000
2026-03-08T10:00:00Z,0.000000
2026-03-08T11:00:00Z,0.000000
2026-03-08T12:00:00Z,0.000000
2026-03-08T13:00:00Z,0.000000
2026-03-08T14:00:00Z,0.000000
2026-03-08T15:00:00Z,0.000000
2026-03-08T16:00:00Z,0.000000
2026-03-08T17:00:00Z,0.000000
2026-03-08T18:00:00Z,0.000000
2026-03-08T19:00:00Z,0.000000
2026-03-08T20:00:00Z,0.000000
2026-03-08T21:00:00Z,0.000000
2026-03-08T22:00:00Z,0.000000
2026-03-08T23:00:00Z,0.000000
2026-03-09T00:00:00Z,0.000000
2026-03-09T01:00:00Z,0.000000
2026-03-09T02:00:00Z,0.000000
2026-03-09T03:00:00Z,0.000000
2026-03-09T04:00:00Z,0.000000
2026-03-09T05:00:00Z,0.000000
2026-03-09T06:00:00Z,0.000000
2026-03-09T07:00:00Z,0.000000
2026-03-09T08:00:00Z,2.643780
2026-03-09T09:00:00Z,7.523386
2026-03-09T10:00:00Z,10.691937
2026-03-09T11:00:00Z,11.782833
2026-03-09T12:00:00Z,10.929501
2026-03-09T13:00:00Z,8.539043
2026-03-09T14:00:00Z,5.113670
2026-03-09T15:00:00Z,0.647718
2026-03-09T16:00:00Z,0.000000
2026-03-09T17:00:00Z,0.000000
2026-03-09T18:00:00Z,0.000000
2026-03-09T19:00:00Z,0.000000
2026-03-09T20:00:00Z,0.000000
2026-03-09T21:00:00Z,0.000000
2026-03-09T22:00:00Z,0.000000
2026-03-09T23:00:00Z,0.000000
2026-03-10T00:00:00Z,0.000000
2026-03-10T01:00:00Z,0.000000
2026-03-10T02:00:00Z,0.000000
2026-03-10T03:00:00Z,0.000000
2026-03-10T04:00:00Z,0.000000
2026-03-10T05:00:00Z,0.000000
2026-03-10T06:00:00Z,0.000000
2026-03-10T07:00:00Z,0.000000
2026-03-10T08:00:00Z,0.000000
2026-03-10T09:00:00Z,0.000000
2026-03-10T10:00:00Z,0.000000
2026-03-10T11:00:00Z,0.000000
2026-03-10T12:00:00Z,0.000000
2026-03-10T13:00:00Z,0.000000
2026-03-10T14:00:00Z,0.000000
2026-03-10T15:00:00Z,0.000000
2026-03-10T16:00:00Z,0.000000
2026-03-10T17:00:00Z,0.000000
2026-03-10T18:00:00Z,0.000000
2026-03-10T19:00:00Z,0.000000
2026-03-10T20:00:00Z,0.000000
2026-03-10T21:00:00Z,0.000000
2026-03-10T22:00:00Z,0.000000
2026-03-10T23:00:00Z,0.000000
2026-03-11T00:00:00Z,0.000000
2026-03-11T01:00:00Z,0.000000
2026-03-11T02:00:00Z,0.000000
2026-03-11T03:00:00Z,0.000000
2026-03-11T04:00:00Z,0.000000
2026-03-11T05:00:00Z,0.000000
2026-03-11T06:00:00Z,0.000000
2026-03-11T07:00:00Z,0.000000
2026-03-11T08:00:00Z,0.000000
2026-03-11T09:00:00Z,0.000000
2026-03-11T10:00:00Z,0.000000
2026-03-11T11:00:00Z,0.000000
2026-03-11T12:00:00Z,0.000000
2026-03-11T13:00:00Z,0.000000
2026-03-11T14:00:00Z,0.000000
2026-03-11T15:00:00Z,0.000000
2026-03-11T16:00:00Z,0.000000
2026-03-11T17:00:00Z,0.000000
2026-03-11T18:00:00Z,0.000000
2026-03-11T19:00:00Z,0.000000
2026-03-11T20:00:00Z,0.000000
2026-03-11T21:00:00Z,0.000000
2026-03-11T22:00:00Z,0.000000
2026-03-11T23:00:00Z,0.000000
2026-03-12T00:00:00Z,0.000000
2026-03-12T01:00:00Z,0.000000
2026-03-12T02:00:00Z,0.000000
2026-03-12T03:00:00Z,0.000000
2026-03-12T04:00:00Z,0.000000
2026-03-12T05:00:00Z,0.000000
2026-03-12T06:00:00Z,0.000000
2026-03-12T07:00:00Z,0.000000
2026-03-12T08:00:00Z,1.785242
2026-03-12T09:00:00Z,9.901730
2026-03-12T10:00:00Z,8.343989
2026-03-12T11:00:00Z,3.862961
2026-03-12T12:00:00Z,0.531058
2026-03-12T13:00:00Z,0.000000
2026-03-12T14:00:00Z,0.000000
2026-03-12T15:00:00Z,0.000000
2026-03-12T16:00:00Z,0.000000
2026-03-12T17:00:00Z,0.000000
2026-03-12T18:00:00Z,0.000000
2026-03-12T19:00:00Z,0.000000
2026-03-12T20:00:00Z,0.000000
2026-03-12T21:00:00Z,0.000000
2026-03-12T22:00:00Z,0.000000
2026-03-12T23:00:00Z,0.000000
2026-03-13T00:00:00Z,0.000000
2026-03-13T01:00:00Z,0.000000
2026-03-13T02:00:00Z,0.000000
2026-03-13T03:00:00Z,0.000000
2026-03-13T04:00:00Z,0.000000
2026-03-13T05:00:00Z,0.000000
2026-03-13T06:00:00Z,0.000000
2026-03-13T07:00:00Z,0.000000
2026-03-13T08:00:00Z,0.000000
2026-03-13T09:00:00Z,0.000000
2026-03-13T10:00:00Z,0.000000
2026-03-13T11:00:00Z,0.000000
2026-03-13T12:00:00Z,0.000000
2026-03-13T13:00:00Z,0.000000
2026-03-13T14:00:00Z,0.000000
2026-03-13T15:00:00Z,0.000000
2026-03-13T16:00:00Z,0.000000
2026-03-13T17:00:00Z,0.000000
2026-03-13T18:00:00Z,0.000000
2026-03-13T19:00:00Z,0.000000
2026-03-13T20:00:00Z,0.000000
2026-03-13T21:00:00Z,0.000000
2026-03-13T22:00:00Z,0.000000
2026-03-13T23:00:00Z,0.000000
2026-03-14T00:00:00Z,0.000000
2026-03-14T01:00:00Z,0.000000
2026-03-14T02:00:00Z,0.000000
2026-03-14T03:00:00Z,0.000000
2026-03-14T04:00:00Z,0.000000
2026-03-14T05:00:00Z,0.000000
2026-03-14T06:00:00Z,0.000000
2026-03-14T07:00:00Z,0.000000
2026-03-14T08:00:00Z,0.000000
2026-03-14T09:00:00Z,0.000000
2026-03-14T10:00:00Z,0.915677
2026-03-14T11:00:00Z,3.127025
2026-03-14T12:00:00Z,3.751382
2026-03-14T13:00:00Z,1.615043
2026-03-14T14:00:00Z,0.000000
2026-03-14T15:00:00Z,0.000000
2026-03-14T16:00:00Z,0.000000
2026-03-14T17:00:00Z,0.000000
2026-03-14T18:00:00Z,0.000000
2026-03-14T19:00:00Z,0.000000
2026-03-14T20:00:00Z,0.000000
2026-03-14T21:00:00Z,0.000000
2026-03-14T22:00:00Z,0.000000
2026-03-14T23:00:00Z,0.000000
2026-03-15T00:00:00Z,0.000000
2026-03-15T01:00:00Z,0.000000
2026-03-15T02:00:00Z,0.000000
2026-03-15T03:00:00Z,0.000000
2026-03-15T04:00:00Z,0.000000
2026-03-15T05:00:00Z,0.000000
2026-03-15T06:00:00Z,0.000000
2026-03-15T07:00:00Z,0.000000
2026-03-15T08:00:00Z,3.598344
2026-03-15T09:00:00Z,0.000000
2026-03-15T10:00:00Z,2.382875
2026-03-15T11:00:00Z,4.448341
2026-03-15T12:00:00Z,7.381634
2026-03-15T13:00:00Z,5.473204
2026-03-15T14:00:00Z,6.823590
2026-03-15T15:00:00Z,1.318056
2026-03-15T16:00:00Z,0.000000
2026-03-15T17:00:00Z,0.000000
2026-03-15T18:00:00Z,0.000000
2026-03-15T19:00:00Z,0.000000
2026-03-15T20:00:00Z,0.000000
2026-03-15T21:00:00Z,0.000000
2026-03-15T22:00:00Z,0.000000
2026-03-15T23:00:00Z,0.000000
2026-03-16T00:00:00Z,0.000000
2026-03-16T01:00:00Z,0.000000
2026-03-16T02:00:00Z,0.000000
2026-03-16T03:00:00Z,0.000000
2026-03-16T04:00:00Z,0.000000
2026-03-16T05:00:00Z,0.000000
2026-03-16T06:00:00Z,0.000000
2026-03-16T07:00:00Z,0.000000
2026-03-16T08:00:00Z,0.000000
2026-03-16T09:00:00Z,0.000000
2026-03-16T10:00:00Z,0.746743
2026-03-16T11:00:00Z,4.359160
2026-03-16T12:00:00Z,9.759094
2026-03-16T13:00:00Z,0.000000
2026-03-16T14:00:00Z,0.000000
2026-03-16T15:00:00Z,0.000000
2026-03-16T16:00:00Z,0.000000
2026-03-16T17:00:00Z,0.000000
2026-03-16T18:00:00Z,0.000000
2026-03-16T19:00:00Z,0.000000
2026-03-16T20:00:00Z,0.000000
2026-03-16T21:00:00Z,0.000000
2026-03-16T22:00:00Z,0.000000
2026-03-16T23:00:00Z,0.000000
2026-03-17T00:00:00Z,0.000000
2026-03-17T01:00:00Z,0.000000
2026-03-17T02:00:00Z,0.000000
2026-03-17T03:00:00Z,0.000000
2026-03-17T04:00:00Z,0.000000
2026-03-17T05:00:00Z,0.000000
2026-03-17T06:00:00Z,0.000000
2026-03-17T07:00:00Z,0.000000
2026-03-17T08:00:00Z,0.055835
2026-03-17T09:00:00Z,0.731760
2026-03-17T10:00:00Z,0.062483
2026-03-17T11:00:00Z,0.000000
2026-03-17T12:00:00Z,0.408095
2026-03-17T13:00:00Z,0.000000
2026-03-17T14:00:00Z,0.000000
2026-03-17T15:00:00Z,0.000000
2026-03-17T16:00:00Z,0.000000
2026-03-17T17:00:00Z,0.000000
2026-03-17T18:00:00Z,0.000000
2026-03-17T19:00:00Z,0.000000
2026-03-17T20:00:00Z,0.000000
2026-03-17T21:00:00Z,0.000000
2026-03-17T22:00:00Z,0.000000
2026-03-17T23:00:00Z,0.000000
2026-03-18T00:00:00Z,0.000000
2026-03-18T01:00:00Z,0.000000
2026-03-18T02:00:00Z,0.000000
2026-03-18T03:00:00Z,0.000000
2026-03-18T04:00:00Z,0.000000
2026-03-18T05:00:00Z,0.000000
2026-03-18T06:00:00Z,0.000000
2026-03-18T07:00:00Z,0.000000
2026-03-18T08:00:00Z,0.000000
2026-03-18T09:00:00Z,0.000000
2026-03-18T10:00:00Z,6.863786
2026-03-18T11:00:00Z,10.455141
2026-03-18T12:00:00Z,10.137050
2026-03-18T13:00:00Z,9.403705
2026-03-18T14:00:00Z,7.032087
2026-03-18T15:00:00Z,2.877263
2026-03-18T16:00:00Z,0.000000
2026-03-18T17:00:00Z,0.000000
2026-03-18T18:00:00Z,0.000000
2026-03-18T19:00:00Z,0.000000
2026-03-18T20:00:00Z,0.000000
2026-03-18T21:00:00Z,0.000000
2026-03-18T22:00:00Z,0.000000
2026-03-18T23:00:00Z,0.000000
2026-03-19T00:00:00Z,0.000000
2026-03-19T01:00:00Z,0.000000
2026-03-19T02:00:00Z,0.000000
2026-03-19T03:00:00Z,0.000000
2026-03-19T04:00:00Z,0.000000
2026-03-19T05:00:00Z,0.000000
2026-03-19T06:00:00Z,0.000000
2026-03-19T07:00:00Z,0.000000
2026-03-19T08:00:00Z,0.000000
2026-03-19T09:00:00Z,0.000000
2026-03-19T10:00:00Z,3.036676
2026-03-19T11:00:00Z,0.000000
2026-03-19T12:00:00Z,0.000000
2026-03-19T13:00:00Z,0.105659
2026-03-19T14:00:00Z,7.678238
2026-03-19T15:00:00Z,3.165158
2026-03-19T16:00:00Z,0.000000
2026-03-19T17:00:00Z,0.000000
2026-03-19T18:00:00Z,0.000000
2026-03-19T19:00:00Z,0.000000
2026-03-19T20:00:00Z,0.000000
2026-03-19T21:00:00Z,0.000000
2026-03-19T22:00:00Z,0.000000
2026-03-19T23:00:00Z,0.000000
2026-03-20T00:00:00Z,0.000000
2026-03-20T01:00:00Z,0.000000
2026-03-20T02:00:00Z,0.000000
2026-03-20T03:00:00Z,0.000000
2026-03-20T04:00:00Z,0.000000
2026-03-20T05:00:00Z,0.000000
2026-03-20T06:00:00Z,0.000000
2026-03-20T07:00:00Z,0.000000
2026-03-20T08:00:00Z,0.000000
2026-03-20T09:00:00Z,5.398178
2026-03-20T10:00:00Z,13.532602
2026-03-20T11:00:00Z,14.773563
2026-03-20T12:00:00Z,13.939861
2026-03-20T13:00:00Z,11.299075
2026-03-20T14:00:00Z,5.751764
2026-03-20T15:00:00Z,2.147272
2026-03-20T16:00:00Z,0.000000
2026-03-20T17:00:00Z,0.000000
2026-03-20T18:00:00Z,0.000000
2026-03-20T19:00:00Z,0.000000
2026-03-20T20:00:00Z,0.000000
2026-03-20T21:00:00Z,0.000000
2026-03-20T22:00:00Z,0.000000
2026-03-20T23:00:00Z,0.000000
2026-03-21T00:00:00Z,0.000000
2026-03-21T01:00:00Z,0.000000
2026-03-21T02:00:00Z,0.000000
2026-03-21T03:00:00Z,0.000000
2026-03-21T04:00:00Z,0.000000
2026-03-21T05:00:00Z,0.000000
2026-03-21T06:00:00Z,0.000000
2026-03-21T07:00:00Z,0.000000
2026-03-21T08:00:00Z,0.000000
2026-03-21T09:00:00Z,0.000000
2026-03-21T10:00:00Z,0.000000
2026-03-21T11:00:00Z,0.260917
2026-03-21T12:00:00Z,0.507703
2026-03-21T13:00:00Z,1.053354
2026-03-21T14:00:00Z,3.426252
2026-03-21T15:00:00Z,0.000000
2026-03-21T16:00:00Z,0.000000
2026-03-21T17:00:00Z,0.000000
2026-03-21T18:00:00Z,0.000000
2026-03-21T19:00:00Z,0.000000
2026-03-21T20:00:00Z,0.000000
2026-03-21T21:00:00Z,0.000000
2026-03-21T22:00:00Z,0.000000
2026-03-21T23:00:00Z,0.000000
2026-03-22T00:00:00Z,0.000000
2026-03-22T01:00:00Z,0.000000
2026-03-22T02:00:00Z,0.000000
2026-03-22T03:00:00Z,0.000000
2026-03-22T04:00:00Z,0.000000
2026-03-22T05:00:00Z,0.000000
2026-03-22T06:00:00Z,0.000000
2026-03-22T07:00:00Z,0.000000
2026-03-22T08:00:00Z,0.000000
2026-03-22T09:00:00Z,7.759143
2026-03-22T10:00:00Z,13.705839
2026-03-22T11:00:00Z,14.837098
2026-03-22T12:00:00Z,14.129909
2026-03-22T13:00:00Z,11.878210
2026-03-22T14:00:00Z,7.880621
2026-03-22T15:00:00Z,3.105558
2026-03-22T16:00:00Z,0.000000
2026-03-22T17:00:00Z,0.000000
2026-03-22T18:00:00Z,0.000000
2026-03-22T19:00:00Z,0.000000
2026-03-22T20:00:00Z,0.000000
2026-03-22T21:00:00Z,0.000000
2026-03-22T22:00:00Z,0.000000
2026-03-22T23:00:00Z,0.000000
2026-03-23T00:00:00Z,0.000000
2026-03-23T01:00:00Z,0.000000
2026-03-23T02:00:00Z,0.000000
2026-03-23T03:00:00Z,0.000000
2026-03-23T04:00:00Z,0.000000
2026-03-23T05:00:00Z,0.000000
2026-03-23T06:00:00Z,0.000000
2026-03-23T07:00:00Z,0.000000
2026-03-23T08:00:00Z,0.000000
2026-03-23T09:00:00Z,0.760914
2026-03-23T10:00:00Z,3.537108
2026-03-23T11:00:00Z,6.159832
2026-03-23T12:00:00Z,2.808307
2026-03-23T13:00:00Z,5.318115
2026-03-23T14:00:00Z,1.384896
2026-03-23T15:00:00Z,0.000000
2026-03-23T16:00:00Z,0.000000
2026-03-23T17:00:00Z,0.000000
2026-03-23T18:00:00Z,0.000000
2026-03-23T19:00:00Z,0.000000
2026-03-23T20:00:00Z,0.000000
2026-03-23T21:00:00Z,0.000000
2026-03-23T22:00:00Z,0.000000
2026-03-23T23:00:00Z,0.000000
2026-03-24T00:00:00Z,0.000000
2026-03-24T01:00:00Z,0.000000
2026-03-24T02:00:00Z,0.000000
2026-03-24T03:00:00Z,0.000000
2026-03-24T04:00:00Z,0.000000
2026-03-24T05:00:00Z,0.000000
2026-03-24T06:00:00Z,0.000000
2026-03-24T07:00:00Z,0.000000
2026-03-24T08:00:00Z,0.000000
2026-03-24T09:00:00Z,0.000000
2026-03-24T10:00:00Z,0.000000
2026-03-24T11:00:00Z,0.000000
2026-03-24T12:00:00Z,0.000000
2026-03-24T13:00:00Z,0.000000
2026-03-24T14:00:00Z,0.000000
2026-03-24T15:00:00Z,0.000000
2026-03-24T16:00:00Z,0.000000
2026-03-24T17:00:00Z,0.000000
2026-03-24T18:00:00Z,0.000000
2026-03-24T19:00:00Z,0.000000
2026-03-24T20:00:00Z,0.000000
2026-03-24T21:00:00Z,0.000000
2026-03-24T22:00:00Z,0.000000
2026-03-24T23:00:00Z,0.000000
2026-03-25T00:00:00Z,0.000000
2026-03-25T01:00:00Z,0.000000
2026-03-25T02:00:00Z,0.000000
2026-03-25T03:00:00Z,0.000000
2026-03-25T04:00:00Z,0.000000
2026-03-25T05:00:00Z,0.000000
2026-03-25T06:00:00Z,0.000000
2026-03-25T07:00:00Z,0.000000
2026-03-25T08:00:00Z,0.000000
2026-03-25T09:00:00Z,0.000000
2026-03-25T10:00:00Z,0.195073
2026-03-25T11:00:00Z,0.757662
2026-03-25T12:00:00Z,0.000000
2026-03-25T13:00:00Z,2.718315
2026-03-25T14:00:00Z,3.366078
2026-03-25T15:00:00Z,0.000000
2026-03-25T16:00:00Z,0.000000
2026-03-25T17:00:00Z,0.000000
2026-03-25T18:00:00Z,0.000000
2026-03-25T19:00:00Z,0.000000
2026-03-25T20:00:00Z,0.000000
2026-03-25T21:00:00Z,0.000000
2026-03-25T22:00:00Z,0.000000
2026-03-25T23:00:00Z,0.000000
2026-03-26T00:00:00Z,0.000000
2026-03-26T01:00:00Z,0.000000
2026-03-26T02:00:00Z,0.000000
2026-03-26T03:00:00Z,0.000000
2026-03-26T04:00:00Z,0.000000
2026-03-26T05:00:00Z,0.000000
2026-03-26T06:00:00Z,0.000000
2026-03-26T07:00:00Z,0.000000
2026-03-26T08:00:00Z,0.000000
2026-03-26T09:00:00Z,1.534010
2026-03-26T10:00:00Z,0.894416
2026-03-26T11:00:00Z,3.900295
2026-03-26T12:00:00Z,0.598664
2026-03-26T13:00:00Z,0.954360
2026-03-26T14:00:00Z,0.000000
2026-03-26T15:00:00Z,0.000000
2026-03-26T16:00:00Z,0.000000
2026-03-26T17:00:00Z,0.000000
2026-03-26T18:00:00Z,0.000000
2026-03-26T19:00:00Z,0.000000
2026-03-26T20:00:00Z,0.000000
2026-03-26T21:00:00Z,0.000000
2026-03-26T22:00:00Z,0.000000
2026-03-26T23:00:00Z,0.000000
2026-03-27T00:00:00Z,0.000000
2026-03-27T01:00:00Z,0.000000
2026-03-27T02:00:00Z,0.000000
2026-03-27T03:00:00Z,0.000000
2026-03-27T04:00:00Z,0.000000
2026-03-27T05:00:00Z,0.000000
2026-03-27T06:00:00Z,0.000000
2026-03-27T07:00:00Z,2.640033
2026-03-27T08:00:00Z,8.530308
2026-03-27T09:00:00Z,11.161198
2026-03-27T10:00:00Z,14.298523
2026-03-27T11:00:00Z,14.343445
2026-03-27T12:00:00Z,8.960928
2026-03-27T13:00:00Z,0.543894
2026-03-27T14:00:00Z,5.573529
2026-03-27T15:00:00Z,2.086207
2026-03-27T16:00:00Z,0.000000
2026-03-27T17:00:00Z,0.000000
2026-03-27T18:00:00Z,0.000000
2026-03-27T19:00:00Z,0.000000
2026-03-27T20:00:00Z,0.000000
2026-03-27T21:00:00Z,0.000000
2026-03-27T22:00:00Z,0.000000
2026-03-27T23:00:00Z,0.000000
2026-03-28T00:00:00Z,0.000000
2026-03-28T01:00:00Z,0.000000
2026-03-28T02:00:00Z,0.000000
2026-03-28T03:00:00Z,0.000000
2026-03-28T04:00:00Z,0.000000
2026-03-28T05:00:00Z,0.000000
2026-03-28T06:00:00Z,0.000000
2026-03-28T07:00:00Z,0.000000
2026-03-28T08:00:00Z,0.290340
2026-03-28T09:00:00Z,2.520548
2026-03-28T10:00:00Z,8.786488
2026-03-28T11:00:00Z,9.186705
2026-03-28T12:00:00Z,7.736836
2026-03-28T13:00:00Z,11.213207
2026-03-28T14:00:00Z,3.512394
2026-03-28T15:00:00Z,1.396048
2026-03-28T16:00:00Z,0.000000
2026-03-28T17:00:00Z,0.000000
2026-03-28T18:00:00Z,0.000000
2026-03-28T19:00:00Z,0.000000
2026-03-28T20:00:00Z,0.000000
2026-03-28T21:00:00Z,0.000000
2026-03-28T22:00:00Z,0.000000
2026-03-28T23:00:00Z,0.000000
2026-03-29T00:00:00Z,0.000000
2026-03-29T01:00:00Z,0.000000
2026-03-29T02:00:00Z,0.000000
2026-03-29T03:00:00Z,0.000000
2026-03-29T04:00:00Z,0.000000
2026-03-29T05:00:00Z,0.000000
2026-03-29T06:00:00Z,0.000000
2026-03-29T07:00:00Z,0.000000
2026-03-29T08:00:00Z,0.000000
2026-03-29T09:00:00Z,0.028811
2026-03-29T10:00:00Z,3.408785
2026-03-29T11:00:00Z,6.399423
2026-03-29T12:00:00Z,1.534960
2026-03-29T13:00:00Z,0.000000
2026-03-29T14:00:00Z,0.000000
2026-03-29T15:00:00Z,0.000000
2026-03-29T16:00:00Z,0.000000
2026-03-29T17:00:00Z,0.000000
2026-03-29T18:00:00Z,0.000000
2026-03-29T19:00:00Z,0.000000
2026-03-29T20:00:00Z,0.000000
2026-03-29T21:00:00Z,0.000000
2026-03-29T22:00:00Z,0.000000
2026-03-29T23:00:00Z,0.000000
2026-03-30T00:00:00Z,0.000000
2026-03-30T01:00:00Z,0.000000
2026-03-30T02:00:00Z,0.000000
2026-03-30T03:00:00Z,0.000000
2026-03-30T04:00:00Z,0.000000
2026-03-30T05:00:00Z,0.000000
2026-03-30T06:00:00Z,0.000000
2026-03-30T07:00:00Z,0.308996
2026-03-30T08:00:00Z,0.785442
2026-03-30T09:00:00Z,7.033120
2026-03-30T10:00:00Z,1.611249
2026-03-30T11:00:00Z,2.829225
2026-03-30T12:00:00Z,5.040694
2026-03-30T13:00:00Z,0.550362
2026-03-30T14:00:00Z,0.000000
2026-03-30T15:00:00Z,0.000000
2026-03-30T16:00:00Z,0.000000
2026-03-30T17:00:00Z,0.000000
2026-03-30T18:00:00Z,0.000000
2026-03-30T19:00:00Z,0.000000
2026-03-30T20:00:00Z,0.000000
2026-03-30T21:00:00Z,0.000000
2026-03-30T22:00:00Z,0.000000
2026-03-30T23:00:00Z,0.000000
2026-03-31T00:00:00Z,0.000000
2026-03-31T01:00:00Z,0.000000
2026-03-31T02:00:00Z,0.000000
2026-03-31T03:00:00Z,0.000000
2026-03-31T04:00:00Z,0.000000
2026-03-31T05:00:00Z,0.000000
2026-03-31T06:00:00Z,0.000000
2026-03-31T07:00:00Z,0.000000
2026-03-31T08:00:00Z,1.349640
2026-03-31T09:00:00Z,6.280801
2026-03-31T10:00:00Z,11.352703
2026-03-31T11:00:00Z,13.296441
2026-03-31T12:00:00Z,13.784278
2026-03-31T13:00:00Z,11.458393
2026-03-31T14:00:00Z,8.150872
2026-03-31T15:00:00Z,3.805708
2026-03-31T16:00:00Z,0.000000
2026-03-31T17:00:00Z,0.000000
2026-03-31T18:00:00Z,0.000000
2026-03-31T19:00:00Z,0.000000
2026-03-31T20:00:00Z,0.000000
2026-03-31T21:00:00Z,0.000000
2026-03-31T22:00:00Z,0.000000
2026-03-31T23:00:00Z,0.000000
2026-04-01T00:00:00Z,0.000000
2026-04-01T01:00:00Z,0.000000
2026-04-01T02:00:00Z,0.000000
2026-04-01T03:00:00Z,0.000000
2026-04-01T04:00:00Z,0.000000
2026-04-01T05:00:00Z,0.000000
2026-04-01T06:00:00Z,0.000000
2026-04-01T07:00:00Z,0.000000
2026-04-01T08:00:00Z,0.000000
2026-04-01T09:00:00Z,0.128040
2026-04-01T10:00:00Z,0.673456
2026-04-01T11:00:00Z,0.351596
2026-04-01T12:00:00Z,0.538614
2026-04-01T13:00:00Z,0.000000
2026-04-01T14:00:00Z,0.000000
2026-04-01T15:00:00Z,0.000000
2026-04-01T16:00:00Z,0.000000
2026-04-01T17:00:00Z,0.000000
2026-04-01T18:00:00Z,0.000000
2026-04-01T19:00:00Z,0.000000
2026-04-01T20:00:00Z,0.000000
2026-04-01T21:00:00Z,0.000000
2026-04-01T22:00:00Z,0.000000
2026-04-01T23:00:00Z,0.000000
2026-04-02T00:00:00Z,0.000000
2026-04-02T01:00:00Z,0.000000
2026-04-02T02:00:00Z,0.000000
2026-04-02T03:00:00Z,0.000000
2026-04-02T04:00:00Z,0.000000
2026-04-02T05:00:00Z,0.000000
2026-04-02T06:00:00Z,0.000000
2026-04-02T07:00:00Z,0.000000
2026-04-02T08:00:00Z,0.000000
2026-04-02T09:00:00Z,0.000000
2026-04-02T10:00:00Z,0.000000
2026-04-02T11:00:00Z,0.000000
2026-04-02T12:00:00Z,0.000000
2026-04-02T13:00:00Z,0.000000
2026-04-02T14:00:00Z,5.046651
2026-04-02T15:00:00Z,1.767292
2026-04-02T16:00:00Z,0.000000
2026-04-02T17:00:00Z,0.000000
2026-04-02T18:00:00Z,0.000000
2026-04-02T19:00:00Z,0.000000
2026-04-02T20:00:00Z,0.000000
2026-04-02T21:00:00Z,0.000000
2026-04-02T22:00:00Z,0.000000
2026-04-02T23:00:00Z,0.000000
2026-04-03T00:00:00Z,0.000000
2026-04-03T01:00:00Z,0.000000
2026-04-03T02:00:00Z,0.000000
2026-04-03T03:00:00Z,0.000000
2026-04-03T04:00:00Z,0.000000
2026-04-03T05:00:00Z,0.000000
2026-04-03T06:00:00Z,0.000000
2026-04-03T07:00:00Z,0.000000
2026-04-03T08:00:00Z,0.000000
2026-04-03T09:00:00Z,6.764174
2026-04-03T10:00:00Z,13.153474
2026-04-03T11:00:00Z,11.154767
2026-04-03T12:00:00Z,2.765823
2026-04-03T13:00:00Z,0.000000
2026-04-03T14:00:00Z,0.000000
2026-04-03T15:00:00Z,0.000000
2026-04-03T16:00:00Z,0.000000
2026-04-03T17:00:00Z,0.000000
2026-04-03T18:00:00Z,0.000000
2026-04-03T19:00:00Z,0.000000
2026-04-03T20:00:00Z,0.000000
2026-04-03T21:00:00Z,0.000000
2026-04-03T22:00:00Z,0.000000
2026-04-03T23:00:00Z,0.000000
2026-04-04T00:00:00Z,0.000000
2026-04-04T01:00:00Z,0.000000
2026-04-04T02:00:00Z,0.000000
2026-04-04T03:00:00Z,0.000000
2026-04-04T04:00:00Z,0.000000
2026-04-04T05:00:00Z,0.000000
2026-04-04T06:00:00Z,0.000000
2026-04-04T07:00:00Z,0.176067
2026-04-04T08:00:00Z,5.583932
2026-04-04T09:00:00Z,8.731508
2026-04-04T10:00:00Z,12.993498
2026-04-04T11:00:00Z,15.665448
2026-04-04T12:00:00Z,13.669430
2026-04-04T13:00:00Z,1.717308
2026-04-04T14:00:00Z,7.214308
2026-04-04T15:00:00Z,3.619539
2026-04-04T16:00:00Z,0.000000
2026-04-04T17:00:00Z,0.000000
2026-04-04T18:00:00Z,0.000000
2026-04-04T19:00:00Z,0.000000
2026-04-04T20:00:00Z,0.000000
2026-04-04T21:00:00Z,0.000000
2026-04-04T22:00:00Z,0.000000
2026-04-04T23:00:00Z,0.000000
2026-04-05T00:00:00Z,0.000000
2026-04-05T01:00:00Z,0.000000
2026-04-05T02:00:00Z,0.000000
2026-04-05T03:00:00Z,0.000000
2026-04-05T04:00:00Z,0.000000
2026-04-05T05:00:00Z,0.000000
2026-04-05T06:00:00Z,0.000000
2026-04-05T07:00:00Z,0.000000
2026-04-05T08:00:00Z,3.821353
2026-04-05T09:00:00Z,3.838818
2026-04-05T10:00:00Z,6.532047
2026-04-05T11:00:00Z,7.090932
2026-04-05T12:00:00Z,11.343378
2026-04-05T13:00:00Z,9.432313
2026-04-05T14:00:00Z,2.512979
2026-04-05T15:00:00Z,0.000000
2026-04-05T16:00:00Z,0.000000
2026-04-05T17:00:00Z,0.000000
2026-04-05T18:00:00Z,0.000000
2026-04-05T19:00:00Z,0.000000
2026-04-05T20:00:00Z,0.000000
2026-04-05T21:00:00Z,0.000000
2026-04-05T22:00:00Z,0.000000
2026-04-05T23:00:00Z,0.000000
2026-04-06T00:00:00Z,0.000000
2026-04-06T01:00:00Z,0.000000
2026-04-06T02:00:00Z,0.000000
2026-04-06T03:00:00Z,0.000000
2026-04-06T04:00:00Z,0.000000
2026-04-06T05:00:00Z,0.000000
2026-04-06T06:00:00Z,0.000000
2026-04-06T07:00:00Z,0.000000
2026-04-06T08:00:00Z,0.000000
2026-04-06T09:00:00Z,0.468694
2026-04-06T10:00:00Z,7.939685
2026-04-06T11:00:00Z,1.385023
2026-04-06T12:00:00Z,3.351848
2026-04-06T13:00:00Z,3.655445
2026-04-06T14:00:00Z,0.593441
2026-04-06T15:00:00Z,3.314614
2026-04-06T16:00:00Z,0.000000
2026-04-06T17:00:00Z,0.000000
2026-04-06T18:00:00Z,0.000000
2026-04-06T19:00:00Z,0.000000
2026-04-06T20:00:00Z,0.000000
2026-04-06T21:00:00Z,0.000000
2026-04-06T22:00:00Z,0.000000
2026-04-06T23:00:00Z,0.000000
2026-04-07T00:00:00Z,0.000000
2026-04-07T01:00:00Z,0.000000
2026-04-07T02:00:00Z,0.000000
2026-04-07T03:00:00Z,0.000000
2026-04-07T04:00:00Z,0.000000
2026-04-07T05:00:00Z,0.000000
2026-04-07T06:00:00Z,0.000000
2026-04-07T07:00:00Z,4.391185
2026-04-07T08:00:00Z,7.989694
2026-04-07T09:00:00Z,11.635703
2026-04-07T10:00:00Z,14.140022
2026-04-07T11:00:00Z,15.639066
2026-04-07T12:00:00Z,15.316311
2026-04-07T13:00:00Z,12.955581
2026-04-07T14:00:00Z,8.857416
2026-04-07T15:00:00Z,4.020256
2026-04-07T16:00:00Z,0.000000
2026-04-07T17:00:00Z,0.000000
2026-04-07T18:00:00Z,0.000000
2026-04-07T19:00:00Z,0.000000
2026-04-07T20:00:00Z,0.000000
2026-04-07T21:00:00Z,0.000000
2026-04-07T22:00:00Z,0.000000
2026-04-07T23:00:00Z,0.000000
2026-04-08T00:00:00Z,0.000000
2026-04-08T01:00:00Z,0.000000
2026-04-08T02:00:00Z,0.000000
2026-04-08T03:00:00Z,0.000000
2026-04-08T04:00:00Z,0.000000
2026-04-08T05:00:00Z,0.000000
2026-04-08T06:00:00Z,0.000000
2026-04-08T07:00:00Z,4.562179
2026-04-08T08:00:00Z,8.292446
2026-04-08T09:00:00Z,11.574602
2026-04-08T10:00:00Z,13.499694
2026-04-08T11:00:00Z,15.687702
2026-04-08T12:00:00Z,13.607956
2026-04-08T13:00:00Z,9.253662
2026-04-08T14:00:00Z,6.040572
2026-04-08T15:00:00Z,0.655108
2026-04-08T16:00:00Z,0.000000
2026-04-08T17:00:00Z,0.000000
2026-04-08T18:00:00Z,0.000000
2026-04-08T19:00:00Z,0.000000
2026-04-08T20:00:00Z,0.000000
2026-04-08T21:00:00Z,0.000000
2026-04-08T22:00:00Z,0.000000
2026-04-08T23:00:00Z,0.000000
2026-04-09T00:00:00Z,0.000000
2026-04-09T01:00:00Z,0.000000
2026-04-09T02:00:00Z,0.000000
2026-04-09T03:00:00Z,0.000000
2026-04-09T04:00:00Z,0.000000
2026-04-09T05:00:00Z,0.000000
2026-04-09T06:00:00Z,0.000000
2026-04-09T07:00:00Z,3.862670
2026-04-09T08:00:00Z,0.000000
2026-04-09T09:00:00Z,3.684002
2026-04-09T10:00:00Z,14.037381
2026-04-09T11:00:00Z,15.490184
2026-04-09T12:00:00Z,6.849951
2026-04-09T13:00:00Z,12.638569
2026-04-09T14:00:00Z,8.439719
2026-04-09T15:00:00Z,0.000000
2026-04-09T16:00:00Z,0.000000
2026-04-09T17:00:00Z,0.000000
2026-04-09T18:00:00Z,0.000000
2026-04-09T19:00:00Z,0.000000
2026-04-09T20:00:00Z,0.000000
2026-04-09T21:00:00Z,0.000000
2026-04-09T22:00:00Z,0.000000
2026-04-09T23:00:00Z,0.000000
2026-04-10T00:00:00Z,0.000000
2026-04-10T01:00:00Z,0.000000
2026-04-10T02:00:00Z,0.000000
2026-04-10T03:00:00Z,0.000000
2026-04-10T04:00:00Z,0.000000
2026-04-10T05:00:00Z,0.000000
2026-04-10T06:00:00Z,0.000000
2026-04-10T07:00:00Z,0.000000
2026-04-10T08:00:00Z,0.000000
2026-04-10T09:00:00Z,0.045954
2026-04-10T10:00:00Z,0.261886
2026-04-10T11:00:00Z,8.549540
2026-04-10T12:00:00Z,0.000000
2026-04-10T13:00:00Z,0.000000
2026-04-10T14:00:00Z,0.000000
2026-04-10T15:00:00Z,0.000000
2026-04-10T16:00:00Z,0.000000
2026-04-10T17:00:00Z,0.000000
2026-04-10T18:00:00Z,0.000000
2026-04-10T19:00:00Z,0.000000
2026-04-10T20:00:00Z,0.000000
2026-04-10T21:00:00Z,0.000000
2026-04-10T22:00:00Z,0.000000
2026-04-10T23:00:00Z,0.000000
2026-04-11T00:00:00Z,0.000000
2026-04-11T01:00:00Z,0.000000
2026-04-11T02:00:00Z,0.000000
2026-04-11T03:00:00Z,0.000000
2026-04-11T04:00:00Z,0.000000
2026-04-11T05:00:00Z,0.000000
2026-04-11T06:00:00Z,0.000000
2026-04-11T07:00:00Z,1.120255
2026-04-11T08:00:00Z,9.152219
2026-04-11T09:00:00Z,12.367063
2026-04-11T10:00:00Z,15.980641
2026-04-11T11:00:00Z,17.066472
2026-04-11T12:00:00Z,13.076953
2026-04-11T13:00:00Z,7.830709
2026-04-11T14:00:00Z,6.657627
2026-04-11T15:00:00Z,2.421594
2026-04-11T16:00:00Z,0.000000
2026-04-11T17:00:00Z,0.000000
2026-04-11T18:00:00Z,0.000000
2026-04-11T19:00:00Z,0.000000
2026-04-11T20:00:00Z,0.000000
2026-04-11T21:00:00Z,0.000000
2026-04-11T22:00:00Z,0.000000
2026-04-11T23:00:00Z,0.000000
2026-04-12T00:00:00Z,0.000000
2026-04-12T01:00:00Z,0.000000
2026-04-12T02:00:00Z,0.000000
2026-04-12T03:00:00Z,0.000000
2026-04-12T04:00:00Z,0.000000
2026-04-12T05:00:00Z,0.000000
2026-04-12T06:00:00Z,0.000000
2026-04-12T07:00:00Z,0.000000
2026-04-12T08:00:00Z,6.865130
2026-04-12T09:00:00Z,13.355092
2026-04-12T10:00:00Z,15.106772
2026-04-12T11:00:00Z,13.608120
2026-04-12T12:00:00Z,12.741548
2026-04-12T13:00:00Z,12.541412
2026-04-12T14:00:00Z,9.549923
2026-04-12T15:00:00Z,4.600824
2026-04-12T16:00:00Z,0.000000
2026-04-12T17:00:00Z,0.000000
2026-04-12T18:00:00Z,0.000000
2026-04-12T19:00:00Z,0.000000
2026-04-12T20:00:00Z,0.000000
2026-04-12T21:00:00Z,0.000000
2026-04-12T22:00:00Z,0.000000
2026-04-12T23:00:00Z,0.000000
2026-04-13T00:00:00Z,0.000000
2026-04-13T01:00:00Z,0.000000
2026-04-13T02:00:00Z,0.000000
2026-04-13T03:00:00Z,0.000000
2026-04-13T04:00:00Z,0.000000
2026-04-13T05:00:00Z,0.000000
2026-04-13T06:00:00Z,0.000000
2026-04-13T07:00:00Z,0.085496
2026-04-13T08:00:00Z,4.786538
2026-04-13T09:00:00Z,1.725760
2026-04-13T10:00:00Z,0.000000
2026-04-13T11:00:00Z,0.000000
2026-04-13T12:00:00Z,0.000000
2026-04-13T13:00:00Z,0.000000
2026-04-13T14:00:00Z,0.000000
2026-04-13T15:00:00Z,0.000000
2026-04-13T16:00:00Z,0.000000
2026-04-13T17:00:00Z,0.000000
2026-04-13T18:00:00Z,0.000000
2026-04-13T19:00:00Z,0.000000
2026-04-13T20:00:00Z,0.000000
2026-04-13T21:00:00Z,0.000000
2026-04-13T22:00:00Z,0.000000
2026-04-13T23:00:00Z,0.000000
2026-04-14T00:00:00Z,0.000000
2026-04-14T01:00:00Z,0.000000
2026-04-14T02:00:00Z,0.000000
2026-04-14T03:00:00Z,0.000000
2026-04-14T04:00:00Z,0.000000
2026-04-14T05:00:00Z,0.000000
2026-04-14T06:00:00Z,0.000000
2026-04-14T07:00:00Z,0.000000
2026-04-14T08:00:00Z,0.000000
2026-04-14T09:00:00Z,0.000000
2026-04-14T10:00:00Z,0.000000
2026-04-14T11:00:00Z,0.000000
2026-04-14T12:00:00Z,0.000000
2026-04-14T13:00:00Z,1.956766
2026-04-14T14:00:00Z,1.884337
2026-04-14T15:00:00Z,0.000000
2026-04-14T16:00:00Z,0.000000
2026-04-14T17:00:00Z,0.000000
2026-04-14T18:00:00Z,0.000000
2026-04-14T19:00:00Z,0.000000
2026-04-14T20:00:00Z,0.000000
2026-04-14T21:00:00Z,0.000000
2026-04-14T22:00:00Z,0.000000
2026-04-14T23:00:00Z,0.000000
2026-04-15T00:00:00Z,0.000000
2026-04-15T01:00:00Z,0.000000
2026-04-15T02:00:00Z,0.000000
2026-04-15T03:00:00Z,0.000000
2026-04-15T04:00:00Z,0.000000
2026-04-15T05:00:00Z,0.000000
2026-04-15T06:00:00Z,0.000000
2026-04-15T07:00:00Z,0.000000
2026-04-15T08:00:00Z,1.994520
2026-04-15T09:00:00Z,4.478761
2026-04-15T10:00:00Z,3.373723
2026-04-15T11:00:00Z,3.496553
2026-04-15T12:00:00Z,4.866587
2026-04-15T13:00:00Z,1.707887
2026-04-15T14:00:00Z,0.630345
2026-04-15T15:00:00Z,0.000000
2026-04-15T16:00:00Z,0.000000
2026-04-15T17:00:00Z,0.000000
2026-04-15T18:00:00Z,0.000000
2026-04-15T19:00:00Z,0.000000
2026-04-15T20:00:00Z,0.000000
2026-04-15T21:00:00Z,0.000000
2026-04-15T22:00:00Z,0.000000
2026-04-15T23:00:00Z,0.000000
2026-04-16T00:00:00Z,0.000000
2026-04-16T01:00:00Z,0.000000
2026-04-16T02:00:00Z,0.000000
2026-04-16T03:00:00Z,0.000000
2026-04-16T04:00:00Z,0.000000
2026-04-16T05:00:00Z,0.000000
2026-04-16T06:00:00Z,0.000000
2026-04-16T07:00:00Z,0.000000
2026-04-16T08:00:00Z,0.000000
2026-04-16T09:00:00Z,0.000000
2026-04-16T10:00:00Z,3.598166
2026-04-16T11:00:00Z,6.412917
2026-04-16T12:00:00Z,6.733970
2026-04-16T13:00:00Z,2.779045
2026-04-16T14:00:00Z,7.103159
2026-04-16T15:00:00Z,4.359642
2026-04-16T16:00:00Z,0.000000
2026-04-16T17:00:00Z,0.000000
2026-04-16T18:00:00Z,0.000000
2026-04-16T19:00:00Z,0.000000
2026-04-16T20:00:00Z,0.000000
2026-04-16T21:00:00Z,0.000000
2026-04-16T22:00:00Z,0.000000
2026-04-16T23:00:00Z,0.000000
2026-04-17T00:00:00Z,0.000000
2026-04-17T01:00:00Z,0.000000
2026-04-17T02:00:00Z,0.000000
2026-04-17T03:00:00Z,0.000000
2026-04-17T04:00:00Z,0.000000
2026-04-17T05:00:00Z,0.000000
2026-04-17T06:00:00Z,0.000000
2026-04-17T07:00:00Z,0.000000
2026-04-17T08:00:00Z,0.000000
2026-04-17T09:00:00Z,3.634351
2026-04-17T10:00:00Z,9.603287
2026-04-17T11:00:00Z,7.408002
2026-04-17T12:00:00Z,9.312885
2026-04-17T13:00:00Z,13.007572
2026-04-17T14:00:00Z,1.511194
2026-04-17T15:00:00Z,0.000000
2026-04-17T16:00:00Z,0.000000
2026-04-17T17:00:00Z,0.000000
2026-04-17T18:00:00Z,0.000000
2026-04-17T19:00:00Z,0.000000
2026-04-17T20:00:00Z,0.000000
2026-04-17T21:00:00Z,0.000000
2026-04-17T22:00:00Z,0.000000
2026-04-17T23:00:00Z,0.000000
2026-04-18T00:00:00Z,0.000000
2026-04-18T01:00:00Z,0.000000
2026-04-18T02:00:00Z,0.000000
2026-04-18T03:00:00Z,0.000000
2026-04-18T04:00:00Z,0.000000
2026-04-18T05:00:00Z,0.000000
2026-04-18T06:00:00Z,0.000000
2026-04-18T07:00:00Z,1.452738
2026-04-18T08:00:00Z,3.792881
2026-04-18T09:00:00Z,4.118492
2026-04-18T10:00:00Z,0.568012
2026-04-18T11:00:00Z,0.467994
2026-04-18T12:00:00Z,0.000000
2026-04-18T13:00:00Z,0.000000
2026-04-18T14:00:00Z,0.000000
2026-04-18T15:00:00Z,0.000000
2026-04-18T16:00:00Z,0.000000
2026-04-18T17:00:00Z,0.000000
2026-04-18T18:00:00Z,0.000000
2026-04-18T19:00:00Z,0.000000
2026-04-18T20:00:00Z,0.000000
2026-04-18T21:00:00Z,0.000000
2026-04-18T22:00:00Z,0.000000
2026-04-18T23:00:00Z,0.000000
2026-04-19T00:00:00Z,0.000000
2026-04-19T01:00:00Z,0.000000
2026-04-19T02:00:00Z,0.000000
2026-04-19T03:00:00Z,0.000000
2026-04-19T04:00:00Z,0.000000
2026-04-19T05:00:00Z,0.000000
2026-04-19T06:00:00Z,0.000000
2026-04-19T07:00:00Z,4.228231
2026-04-19T08:00:00Z,4.301623
2026-04-19T09:00:00Z,7.161836
2026-04-19T10:00:00Z,3.665081
2026-04-19T11:00:00Z,0.270860
2026-04-19T12:00:00Z,0.000000
2026-04-19T13:00:00Z,0.000000
2026-04-19T14:00:00Z,0.000000
2026-04-19T15:00:00Z,0.000000
2026-04-19T16:00:00Z,0.000000
2026-04-19T17:00:00Z,0.000000
2026-04-19T18:00:00Z,0.000000
2026-04-19T19:00:00Z,0.000000
2026-04-19T20:00:00Z,0.000000
2026-04-19T21:00:00Z,0.000000
2026-04-19T22:00:00Z,0.000000
2026-04-19T23:00:00Z,0.000000
2026-04-20T00:00:00Z,0.000000
2026-04-20T01:00:00Z,0.000000
2026-04-20T02:00:00Z,0.000000
2026-04-20T03:00:00Z,0.000000
2026-04-20T04:00:00Z,0.000000
2026-04-20T05:00:00Z,0.000000
2026-04-20T06:00:00Z,0.000000
2026-04-20T07:00:00Z,1.135461
2026-04-20T08:00:00Z,5.753805
2026-04-20T09:00:00Z,11.782688
2026-04-20T10:00:00Z,10.415994
2026-04-20T11:00:00Z,10.662050
2026-04-20T12:00:00Z,10.653128
2026-04-20T13:00:00Z,13.620923
2026-04-20T14:00:00Z,9.373576
2026-04-20T15:00:00Z,4.358572
2026-04-20T16:00:00Z,0.000000
2026-04-20T17:00:00Z,0.000000
2026-04-20T18:00:00Z,0.000000
2026-04-20T19:00:00Z,0.000000
2026-04-20T20:00:00Z,0.000000
2026-04-20T21:00:00Z,0.000000
2026-04-20T22:00:00Z,0.000000
2026-04-20T23:00:00Z,0.000000
2026-04-21T00:00:00Z,0.000000
2026-04-21T01:00:00Z,0.000000
2026-04-21T02:00:00Z,0.000000
2026-04-21T03:00:00Z,0.000000
2026-04-21T04:00:00Z,0.000000
2026-04-21T05:00:00Z,0.000000
2026-04-21T06:00:00Z,0.814629
2026-04-21T07:00:00Z,5.913953
2026-04-21T08:00:00Z,10.633923
2026-04-21T09:00:00Z,14.222925
2026-04-21T10:00:00Z,16.371481
2026-04-21T11:00:00Z,17.003655
2026-04-21T12:00:00Z,16.118803
2026-04-21T13:00:00Z,13.598659
2026-04-21T14:00:00Z,9.858306
2026-04-21T15:00:00Z,5.173842
2026-04-21T16:00:00Z,0.306841
2026-04-21T17:00:00Z,0.000000
2026-04-21T18:00:00Z,0.000000
2026-04-21T19:00:00Z,0.000000
2026-04-21T20:00:00Z,0.000000
2026-04-21T21:00:00Z,0.000000
2026-04-21T22:00:00Z,0.000000
2026-04-21T23:00:00Z,0.000000
2026-04-22T00:00:00Z,0.000000
2026-04-22T01:00:00Z,0.000000
2026-04-22T02:00:00Z,0.000000
2026-04-22T03:00:00Z,0.000000
2026-04-22T04:00:00Z,0.000000
2026-04-22T05:00:00Z,0.000000
2026-04-22T06:00:00Z,0.000000
2026-04-22T07:00:00Z,3.948394
2026-04-22T08:00:00Z,10.496513
2026-04-22T09:00:00Z,14.115160
2026-04-22T10:00:00Z,16.477948
2026-04-22T11:00:00Z,17.256040
2026-04-22T12:00:00Z,16.350915
2026-04-22T13:00:00Z,13.919997
2026-04-22T14:00:00Z,9.984602
2026-04-22T15:00:00Z,5.495602
2026-04-22T16:00:00Z,0.000000
2026-04-22T17:00:00Z,0.000000
2026-04-22T18:00:00Z,0.000000
2026-04-22T19:00:00Z,0.000000
2026-04-22T20:00:00Z,0.000000
2026-04-22T21:00:00Z,0.000000
2026-04-22T22:00:00Z,0.000000
2026-04-22T23:00:00Z,0.000000
2026-04-23T00:00:00Z,0.000000
2026-04-23T01:00:00Z,0.000000
2026-04-23T02:00:00Z,0.000000
2026-04-23T03:00:00Z,0.000000
2026-04-23T04:00:00Z,0.000000
2026-04-23T05:00:00Z,0.000000
2026-04-23T06:00:00Z,0.000000
2026-04-23T07:00:00Z,4.999596
2026-04-23T08:00:00Z,10.121959
2026-04-23T09:00:00Z,13.920833
2026-04-23T10:00:00Z,14.867125
2026-04-23T11:00:00Z,15.408866
2026-04-23T12:00:00Z,16.018961
2026-04-23T13:00:00Z,13.639389
2026-04-23T14:00:00Z,9.631979
2026-04-23T15:00:00Z,4.660959
2026-04-23T16:00:00Z,0.000000
2026-04-23T17:00:00Z,0.000000
2026-04-23T18:00:00Z,0.000000
2026-04-23T19:00:00Z,0.000000
2026-04-23T20:00:00Z,0.000000
2026-04-23T21:00:00Z,0.000000
2026-04-23T22:00:00Z,0.000000
2026-04-23T23:00:00Z,0.000000
2026-04-24T00:00:00Z,0.000000
2026-04-24T01:00:00Z,0.000000
2026-04-24T02:00:00Z,0.000000
2026-04-24T03:00:00Z,0.000000
2026-04-24T04:00:00Z,0.000000
2026-04-24T05:00:00Z,0.000000
2026-04-24T06:00:00Z,1.018225
2026-04-24T07:00:00Z,5.976208
2026-04-24T08:00:00Z,10.444385
2026-04-24T09:00:00Z,13.908435
2026-04-24T10:00:00Z,16.062022
2026-04-24T11:00:00Z,16.691035
2026-04-24T12:00:00Z,15.638008
2026-04-24T13:00:00Z,13.092555
2026-04-24T14:00:00Z,9.228283
2026-04-24T15:00:00Z,4.430922
2026-04-24T16:00:00Z,0.000000
2026-04-24T17:00:00Z,0.000000
2026-04-24T18:00:00Z,0.000000
2026-04-24T19:00:00Z,0.000000
2026-04-24T20:00:00Z,0.000000
2026-04-24T21:00:00Z,0.000000
2026-04-24T22:00:00Z,0.000000
2026-04-24T23:00:00Z,0.000000
2026-04-25T00:00:00Z,0.000000
2026-04-25T01:00:00Z,0.000000
2026-04-25T02:00:00Z,0.000000
2026-04-25T03:00:00Z,0.000000
2026-04-25T04:00:00Z,0.000000
2026-04-25T05:00:00Z,0.000000
2026-04-25T06:00:00Z,0.000000
2026-04-25T07:00:00Z,0.496825
2026-04-25T08:00:00Z,0.658082
2026-04-25T09:00:00Z,0.000000
2026-04-25T10:00:00Z,1.890605
2026-04-25T11:00:00Z,5.877873
2026-04-25T12:00:00Z,14.556812
2026-04-25T13:00:00Z,12.525165
2026-04-25T14:00:00Z,7.831638
2026-04-25T15:00:00Z,3.578247
2026-04-25T16:00:00Z,0.000000
2026-04-25T17:00:00Z,0.000000
2026-04-25T18:00:00Z,0.000000
2026-04-25T19:00:00Z,0.000000
2026-04-25T20:00:00Z,0.000000
2026-04-25T21:00:00Z,0.000000
2026-04-25T22:00:00Z,0.000000
2026-04-25T23:00:00Z,0.000000
2026-04-26T00:00:00Z,0.000000
2026-04-26T01:00:00Z,0.000000
2026-04-26T02:00:00Z,0.000000
2026-04-26T03:00:00Z,0.000000
2026-04-26T04:00:00Z,0.000000
2026-04-26T05:00:00Z,0.000000
2026-04-26T06:00:00Z,1.051527
2026-04-26T07:00:00Z,6.173122
2026-04-26T08:00:00Z,10.650937
2026-04-26T09:00:00Z,14.088428
2026-04-26T10:00:00Z,16.465035
2026-04-26T11:00:00Z,10.641066
2026-04-26T12:00:00Z,14.039283
2026-04-26T13:00:00Z,12.543126
2026-04-26T14:00:00Z,9.010718
2026-04-26T15:00:00Z,4.363580
2026-04-26T16:00:00Z,0.000000
2026-04-26T17:00:00Z,0.000000
2026-04-26T18:00:00Z,0.000000
2026-04-26T19:00:00Z,0.000000
2026-04-26T20:00:00Z,0.000000
2026-04-26T21:00:00Z,0.000000
2026-04-26T22:00:00Z,0.000000
2026-04-26T23:00:00Z,0.000000
2026-04-27T00:00:00Z,0.000000
2026-04-27T01:00:00Z,0.000000
2026-04-27T02:00:00Z,0.000000
2026-04-27T03:00:00Z,0.000000
2026-04-27T04:00:00Z,0.000000
2026-04-27T05:00:00Z,0.000000
2026-04-27T06:00:00Z,0.000000
2026-04-27T07:00:00Z,5.336533
2026-04-27T08:00:00Z,11.262243
2026-04-27T09:00:00Z,13.717542
2026-04-27T10:00:00Z,15.713595
2026-04-27T11:00:00Z,16.776080
2026-04-27T12:00:00Z,15.442558
2026-04-27T13:00:00Z,13.334724
2026-04-27T14:00:00Z,1.888663
2026-04-27T15:00:00Z,2.695514
2026-04-27T16:00:00Z,0.000000
2026-04-27T17:00:00Z,0.000000
2026-04-27T18:00:00Z,0.000000
2026-04-27T19:00:00Z,0.000000
2026-04-27T20:00:00Z,0.000000
2026-04-27T21:00:00Z,0.000000
2026-04-27T22:00:00Z,0.000000
2026-04-27T23:00:00Z,0.000000
2026-04-28T00:00:00Z,0.000000
2026-04-28T01:00:00Z,0.000000
2026-04-28T02:00:00Z,0.000000
2026-04-28T03:00:00Z,0.000000
2026-04-28T04:00:00Z,0.000000
2026-04-28T05:00:00Z,0.000000
2026-04-28T06:00:00Z,0.499011
2026-04-28T07:00:00Z,6.169321
2026-04-28T08:00:00Z,10.267883
2026-04-28T09:00:00Z,13.793345
2026-04-28T10:00:00Z,15.567190
2026-04-28T11:00:00Z,16.674716
2026-04-28T12:00:00Z,15.785560
2026-04-28T13:00:00Z,12.897273
2026-04-28T14:00:00Z,8.125033
2026-04-28T15:00:00Z,4.529068
2026-04-28T16:00:00Z,0.082205
2026-04-28T17:00:00Z,0.000000
2026-04-28T18:00:00Z,0.000000
2026-04-28T19:00:00Z,0.000000
2026-04-28T20:00:00Z,0.000000
2026-04-28T21:00:00Z,0.000000
2026-04-28T22:00:00Z,0.000000
2026-04-28T23:00:00Z,0.000000
2026-04-29T00:00:00Z,0.000000
2026-04-29T01:00:00Z,0.000000
2026-04-29T02:00:00Z,0.000000
2026-04-29T03:00:00Z,0.000000
2026-04-29T04:00:00Z,0.000000
2026-04-29T05:00:00Z,0.000000
2026-04-29T06:00:00Z,1.323104
2026-04-29T07:00:00Z,6.331877
2026-04-29T08:00:00Z,10.729324
2026-04-29T09:00:00Z,14.122844
2026-04-29T10:00:00Z,16.261083
2026-04-29T11:00:00Z,16.912882
2026-04-29T12:00:00Z,15.525861
2026-04-29T13:00:00Z,13.163367
2026-04-29T14:00:00Z,8.051775
2026-04-29T15:00:00Z,4.622865
2026-04-29T16:00:00Z,0.242350
2026-04-29T17:00:00Z,0.000000
2026-04-29T18:00:00Z,0.000000
2026-04-29T19:00:00Z,0.000000
2026-04-29T20:00:00Z,0.000000
2026-04-29T21:00:00Z,0.000000
2026-04-29T22:00:00Z,0.000000
2026-04-29T23:00:00Z,0.000000
2026-04-30T00:00:00Z,0.000000
2026-04-30T01:00:00Z,0.000000
2026-04-30T02:00:00Z,0.000000
2026-04-30T03:00:00Z,0.000000
2026-04-30T04:00:00Z,0.000000
2026-04-30T05:00:00Z,0.000000
2026-04-30T06:00:00Z,0.265668
2026-04-30T07:00:00Z,6.179688
2026-04-30T08:00:00Z,10.779546
2026-04-30T09:00:00Z,14.196103
2026-04-30T10:00:00Z,16.435616
2026-04-30T11:00:00Z,17.021254
2026-04-30T12:00:00Z,16.052546
2026-04-30T13:00:00Z,13.511570
2026-04-30T14:00:00Z,9.117286
2026-04-30T15:00:00Z,5.305751
2026-04-30T16:00:00Z,0.585698
2026-04-30T17:00:00Z,0.000000
2026-04-30T18:00:00Z,0.000000
2026-04-30T19:00:00Z,0.000000
2026-04-30T20:00:00Z,0.000000
2026-04-30T21:00:00Z,0.000000
2026-04-30T22:00:00Z,0.000000
2026-04-30T23:00:00Z,0.000000
2026-05-01T00:00:00Z,0.000000
2026-05-01T01:00:00Z,0.000000
2026-05-01T02:00:00Z,0.000000
2026-05-01T03:00:00Z,0.000000
2026-05-01T04:00:00Z,0.000000
2026-05-01T05:00:00Z,0.000000
2026-05-01T06:00:00Z,1.848724
2026-05-01T07:00:00Z,6.795606
2026-05-01T08:00:00Z,11.254302
2026-05-01T09:00:00Z,14.669946
2026-05-01T10:00:00Z,16.743241
2026-05-01T11:00:00Z,17.362522
2026-05-01T12:00:00Z,16.427929
2026-05-01T13:00:00Z,14.010030
2026-05-01T14:00:00Z,9.661353
2026-05-01T15:00:00Z,5.795385
2026-05-01T16:00:00Z,1.077632
2026-05-01T17:00:00Z,0.000000
2026-05-01T18:00:00Z,0.000000
2026-05-01T19:00:00Z,0.000000
2026-05-01T20:00:00Z,0.000000
2026-05-01T21:00:00Z,0.000000
2026-05-01T22:00:00Z,0.000000
2026-05-01T23:00:00Z,0.000000
2026-05-02T00:00:00Z,0.000000
2026-05-02T01:00:00Z,0.000000
2026-05-02T02:00:00Z,0.000000
2026-05-02T03:00:00Z,0.000000
2026-05-02T04:00:00Z,0.000000
2026-05-02T05:00:00Z,0.000000
2026-05-02T06:00:00Z,2.045197
2026-05-02T07:00:00Z,6.903087
2026-05-02T08:00:00Z,11.346786
2026-05-02T09:00:00Z,14.560353
2026-05-02T10:00:00Z,17.350802
2026-05-02T11:00:00Z,17.115465
2026-05-02T12:00:00Z,16.248458
2026-05-02T13:00:00Z,13.241714
2026-05-02T14:00:00Z,10.018101
2026-05-02T15:00:00Z,4.354371
2026-05-02T16:00:00Z,0.000000
2026-05-02T17:00:00Z,0.000000
2026-05-02T18:00:00Z,0.000000
2026-05-02T19:00:00Z,0.000000
2026-05-02T20:00:00Z,0.000000
2026-05-02T21:00:00Z,0.000000
2026-05-02T22:00:00Z,0.000000
2026-05-02T23:00:00Z,0.000000
2026-05-03T00:00:00Z,0.000000
2026-05-03T01:00:00Z,0.000000
2026-05-03T02:00:00Z,0.000000
2026-05-03T03:00:00Z,0.000000
2026-05-03T04:00:00Z,0.000000
2026-05-03T05:00:00Z,0.000000
2026-05-03T06:00:00Z,0.000000
2026-05-03T07:00:00Z,0.000000
2026-05-03T08:00:00Z,0.000000
2026-05-03T09:00:00Z,0.000000
2026-05-03T10:00:00Z,2.934367
2026-05-03T11:00:00Z,3.417932
2026-05-03T12:00:00Z,14.446446
2026-05-03T13:00:00Z,7.188646
2026-05-03T14:00:00Z,0.848257
2026-05-03T15:00:00Z,0.000000
2026-05-03T16:00:00Z,0.000000
2026-05-03T17:00:00Z,0.000000
2026-05-03T18:00:00Z,0.000000
2026-05-03T19:00:00Z,0.000000
2026-05-03T20:00:00Z,0.000000
2026-05-03T21:00:00Z,0.000000
2026-05-03T22:00:00Z,0.000000
2026-05-03T23:00:00Z,0.000000
2026-05-04T00:00:00Z,0.000000
2026-05-04T01:00:00Z,0.000000
2026-05-04T02:00:00Z,0.000000
2026-05-04T03:00:00Z,0.000000
2026-05-04T04:00:00Z,0.000000
2026-05-04T05:00:00Z,0.000000
2026-05-04T06:00:00Z,0.000000
2026-05-04T07:00:00Z,3.788775
2026-05-04T08:00:00Z,10.291941
2026-05-04T09:00:00Z,7.372573
2026-05-04T10:00:00Z,14.918526
2026-05-04T11:00:00Z,15.273775
2026-05-04T12:00:00Z,11.482454
2026-05-04T13:00:00Z,12.717012
2026-05-04T14:00:00Z,9.561556
2026-05-04T15:00:00Z,4.943562
2026-05-04T16:00:00Z,0.080210
2026-05-04T17:00:00Z,0.000000
2026-05-04T18:00:00Z,0.000000
2026-05-04T19:00:00Z,0.000000
2026-05-04T20:00:00Z,0.000000
2026-05-04T21:00:00Z,0.000000
2026-05-04T22:00:00Z,0.000000
2026-05-04T23:00:00Z,0.000000
2026-05-05T00:00:00Z,0.000000
2026-05-05T01:00:00Z,0.000000
2026-05-05T02:00:00Z,0.000000
2026-05-05T03:00:00Z,0.000000
2026-05-05T04:00:00Z,0.000000
2026-05-05T05:00:00Z,0.000000
2026-05-05T06:00:00Z,1.136238
2026-05-05T07:00:00Z,1.569418
2026-05-05T08:00:00Z,10.058495
2026-05-05T09:00:00Z,14.238925
2026-05-05T10:00:00Z,16.288750
2026-05-05T11:00:00Z,17.016653
2026-05-05T12:00:00Z,15.535491
2026-05-05T13:00:00Z,9.838364
2026-05-05T14:00:00Z,9.718330
2026-05-05T15:00:00Z,1.438964
2026-05-05T16:00:00Z,0.000000
2026-05-05T17:00:00Z,0.000000
2026-05-05T18:00:00Z,0.000000
2026-05-05T19:00:00Z,0.000000
2026-05-05T20:00:00Z,0.000000
2026-05-05T21:00:00Z,0.000000
2026-05-05T22:00:00Z,0.000000
2026-05-05T23:00:00Z,0.000000
2026-05-06T00:00:00Z,0.000000
2026-05-06T01:00:00Z,0.000000
2026-05-06T02:00:00Z,0.000000
2026-05-06T03:00:00Z,0.000000
2026-05-06T04:00:00Z,0.000000
2026-05-06T05:00:00Z,0.000000
2026-05-06T06:00:00Z,1.354882
2026-05-06T07:00:00Z,5.938677
2026-05-06T08:00:00Z,10.705204
2026-05-06T09:00:00Z,14.811049
2026-05-06T10:00:00Z,15.833244
2026-05-06T11:00:00Z,15.512123
2026-05-06T12:00:00Z,15.934915
2026-05-06T13:00:00Z,12.246628
2026-05-06T14:00:00Z,2.220022
2026-05-06T15:00:00Z,0.000000
2026-05-06T16:00:00Z,0.000000
2026-05-06T17:00:00Z,0.000000
2026-05-06T18:00:00Z,0.000000
2026-05-06T19:00:00Z,0.000000
2026-05-06T20:00:00Z,0.000000
2026-05-06T21:00:00Z,0.000000
2026-05-06T22:00:00Z,0.000000
2026-05-06T23:00:00Z,0.000000
2026-05-07T00:00:00Z,0.000000
2026-05-07T01:00:00Z,0.000000
2026-05-07T02:00:00Z,0.000000
2026-05-07T03:00:00Z,0.000000
2026-05-07T04:00:00Z,0.000000
2026-05-07T05:00:00Z,0.000000
2026-05-07T06:00:00Z,1.694488
2026-05-07T07:00:00Z,6.286718
2026-05-07T08:00:00Z,10.246081
2026-05-07T09:00:00Z,4.371441
2026-05-07T10:00:00Z,0.276954
2026-05-07T11:00:00Z,2.729360
2026-05-07T12:00:00Z,7.455219
2026-05-07T13:00:00Z,0.026753
2026-05-07T14:00:00Z,0.000000
2026-05-07T15:00:00Z,0.000000
2026-05-07T16:00:00Z,0.000000
2026-05-07T17:00:00Z,0.000000
2026-05-07T18:00:00Z,0.000000
2026-05-07T19:00:00Z,0.000000
2026-05-07T20:00:00Z,0.000000
2026-05-07T21:00:00Z,0.000000
2026-05-07T22:00:00Z,0.000000
2026-05-07T23:00:00Z,0.000000
2026-05-08T00:00:00Z,0.000000
2026-05-08T01:00:00Z,0.000000
2026-05-08T02:00:00Z,0.000000
2026-05-08T03:00:00Z,0.000000
2026-05-08T04:00:00Z,0.000000
2026-05-08T05:00:00Z,0.000000
2026-05-08T06:00:00Z,2.686579
2026-05-08T07:00:00Z,6.851703
2026-05-08T08:00:00Z,7.030256
2026-05-08T09:00:00Z,9.639536
2026-05-08T10:00:00Z,0.000000
2026-05-08T11:00:00Z,8.526030
2026-05-08T12:00:00Z,14.162074
2026-05-08T13:00:00Z,0.702898
2026-05-08T14:00:00Z,6.424199
2026-05-08T15:00:00Z,5.512962
2026-05-08T16:00:00Z,0.683905
2026-05-08T17:00:00Z,0.000000
2026-05-08T18:00:00Z,0.000000
2026-05-08T19:00:00Z,0.000000
2026-05-08T20:00:00Z,0.000000
2026-05-08T21:00:00Z,0.000000
2026-05-08T22:00:00Z,0.000000
2026-05-08T23:00:00Z,0.000000
2026-05-09T00:00:00Z,0.000000
2026-05-09T01:00:00Z,0.000000
2026-05-09T02:00:00Z,0.000000
2026-05-09T03:00:00Z,0.000000
2026-05-09T04:00:00Z,0.000000
2026-05-09T05:00:00Z,0.000000
2026-05-09T06:00:00Z,1.837189
2026-05-09T07:00:00Z,6.763937
2026-05-09T08:00:00Z,11.259497
2026-05-09T09:00:00Z,14.505212
2026-05-09T10:00:00Z,16.840961
2026-05-09T11:00:00Z,15.795291
2026-05-09T12:00:00Z,16.449573
2026-05-09T13:00:00Z,13.993241
2026-05-09T14:00:00Z,10.254860
2026-05-09T15:00:00Z,5.608209
2026-05-09T16:00:00Z,0.821128
2026-05-09T17:00:00Z,0.000000
2026-05-09T18:00:00Z,0.000000
2026-05-09T19:00:00Z,0.000000
2026-05-09T20:00:00Z,0.000000
2026-05-09T21:00:00Z,0.000000
2026-05-09T22:00:00Z,0.000000
2026-05-09T23:00:00Z,0.000000
2026-05-10T00:00:00Z,0.000000
2026-05-10T01:00:00Z,0.000000
2026-05-10T02:00:00Z,0.000000
2026-05-10T03:00:00Z,0.000000
2026-05-10T04:00:00Z,0.000000
2026-05-10T05:00:00Z,0.000000
2026-05-10T06:00:00Z,0.127393
2026-05-10T07:00:00Z,4.283456
2026-05-10T08:00:00Z,1.778822
2026-05-10T09:00:00Z,8.042045
2026-05-10T10:00:00Z,7.693508
2026-05-10T11:00:00Z,13.644024
2026-05-10T12:00:00Z,9.602143
2026-05-10T13:00:00Z,3.508662
2026-05-10T14:00:00Z,10.271482
2026-05-10T15:00:00Z,4.552649
2026-05-10T16:00:00Z,0.041511
2026-05-10T17:00:00Z,0.000000
2026-05-10T18:00:00Z,0.000000
2026-05-10T19:00:00Z,0.000000
2026-05-10T20:00:00Z,0.000000
2026-05-10T21:00:00Z,0.000000
2026-05-10T22:00:00Z,0.000000
2026-05-10T23:00:00Z,0.000000
2026-05-11T00:00:00Z,0.000000
2026-05-11T01:00:00Z,0.000000
2026-05-11T02:00:00Z,0.000000
2026-05-11T03:00:00Z,0.000000
2026-05-11T04:00:00Z,0.000000
2026-05-11T05:00:00Z,0.000000
2026-05-11T06:00:00Z,0.720584
2026-05-11T07:00:00Z,5.779962
2026-05-11T08:00:00Z,0.000000
2026-05-11T09:00:00Z,1.724649
2026-05-11T10:00:00Z,1.601546
2026-05-11T11:00:00Z,10.105986
2026-05-11T12:00:00Z,9.124280
2026-05-11T13:00:00Z,7.223777
2026-05-11T14:00:00Z,0.000000
2026-05-11T15:00:00Z,0.000000
2026-05-11T16:00:00Z,0.000000
2026-05-11T17:00:00Z,0.000000
2026-05-11T18:00:00Z,0.000000
2026-05-11T19:00:00Z,0.000000
2026-05-11T20:00:00Z,0.000000
2026-05-11T21:00:00Z,0.000000
2026-05-11T22:00:00Z,0.000000
2026-05-11T23:00:00Z,0.000000
2026-05-12T00:00:00Z,0.000000
2026-05-12T01:00:00Z,0.000000
2026-05-12T02:00:00Z,0.000000
2026-05-12T03:00:00Z,0.000000
2026-05-12T04:00:00Z,0.000000
2026-05-12T05:00:00Z,0.000000
2026-05-12T06:00:00Z,1.737281
2026-05-12T07:00:00Z,1.595854
2026-05-12T08:00:00Z,2.172973
2026-05-12T09:00:00Z,0.191013
2026-05-12T10:00:00Z,5.885430
2026-05-12T11:00:00Z,0.000000
2026-05-12T12:00:00Z,0.000000
2026-05-12T13:00:00Z,0.000000
2026-05-12T14:00:00Z,1.855783
2026-05-12T15:00:00Z,0.035928
2026-05-12T16:00:00Z,0.000000
2026-05-12T17:00:00Z,0.000000
2026-05-12T18:00:00Z,0.000000
2026-05-12T19:00:00Z,0.000000
2026-05-12T20:00:00Z,0.000000
2026-05-12T21:00:00Z,0.000000
2026-05-12T22:00:00Z,0.000000
2026-05-12T23:00:00Z,0.000000
2026-05-13T00:00:00Z,0.000000
2026-05-13T01:00:00Z,0.000000
2026-05-13T02:00:00Z,0.000000
2026-05-13T03:00:00Z,0.000000
2026-05-13T04:00:00Z,0.000000
2026-05-13T05:00:00Z,0.000000
2026-05-13T06:00:00Z,0.000000
2026-05-13T07:00:00Z,0.000000
2026-05-13T08:00:00Z,0.000000
2026-05-13T09:00:00Z,2.952922
2026-05-13T10:00:00Z,3.056987
2026-05-13T11:00:00Z,0.000000
2026-05-13T12:00:00Z,0.000000
2026-05-13T13:00:00Z,0.812058
2026-05-13T14:00:00Z,5.846373
2026-05-13T15:00:00Z,0.000000
2026-05-13T16:00:00Z,0.000000
2026-05-13T17:00:00Z,0.000000
2026-05-13T18:00:00Z,0.000000
2026-05-13T19:00:00Z,0.000000
2026-05-13T20:00:00Z,0.000000
2026-05-13T21:00:00Z,0.000000
2026-05-13T22:00:00Z,0.000000
2026-05-13T23:00:00Z,0.000000
2026-05-14T00:00:00Z,0.000000
2026-05-14T01:00:00Z,0.000000
2026-05-14T02:00:00Z,0.000000
2026-05-14T03:00:00Z,0.000000
2026-05-14T04:00:00Z,0.000000
2026-05-14T05:00:00Z,0.000000
2026-05-14T06:00:00Z,0.798518
2026-05-14T07:00:00Z,0.000000
2026-05-14T08:00:00Z,6.308193
2026-05-14T09:00:00Z,2.432229
2026-05-14T10:00:00Z,0.000000
2026-05-14T11:00:00Z,2.701400
2026-05-14T12:00:00Z,1.904607
2026-05-14T13:00:00Z,3.815276
2026-05-14T14:00:00Z,4.973716
2026-05-14T15:00:00Z,0.595813
2026-05-14T16:00:00Z,0.000000
2026-05-14T17:00:00Z,0.000000
2026-05-14T18:00:00Z,0.000000
2026-05-14T19:00:00Z,0.000000
2026-05-14T20:00:00Z,0.000000
2026-05-14T21:00:00Z,0.000000
2026-05-14T22:00:00Z,0.000000
2026-05-14T23:00:00Z,0.000000
2026-05-15T00:00:00Z,0.000000
2026-05-15T01:00:00Z,0.000000
2026-05-15T02:00:00Z,0.000000
2026-05-15T03:00:00Z,0.000000
2026-05-15T04:00:00Z,0.000000
2026-05-15T05:00:00Z,0.000000
2026-05-15T06:00:00Z,0.000000
2026-05-15T07:00:00Z,1.026873
2026-05-15T08:00:00Z,1.143827
2026-05-15T09:00:00Z,5.781823
2026-05-15T10:00:00Z,2.587298
2026-05-15T11:00:00Z,11.190009
2026-05-15T12:00:00Z,1.724821
2026-05-15T13:00:00Z,2.732077
2026-05-15T14:00:00Z,0.000000
2026-05-15T15:00:00Z,0.000000
2026-05-15T16:00:00Z,0.000000
2026-05-15T17:00:00Z,0.000000
2026-05-15T18:00:00Z,0.000000
2026-05-15T19:00:00Z,0.000000
2026-05-15T20:00:00Z,0.000000
2026-05-15T21:00:00Z,0.000000
2026-05-15T22:00:00Z,0.000000
2026-05-15T23:00:00Z,0.000000
2026-05-16T00:00:00Z,0.000000
2026-05-16T01:00:00Z,0.000000
2026-05-16T02:00:00Z,0.000000
2026-05-16T03:00:00Z,0.000000
2026-05-16T04:00:00Z,0.000000
2026-05-16T05:00:00Z,0.000000
2026-05-16T06:00:00Z,0.000000
2026-05-16T07:00:00Z,0.102576
2026-05-16T08:00:00Z,2.641930
2026-05-16T09:00:00Z,0.000000
2026-05-16T10:00:00Z,0.775732
2026-05-16T11:00:00Z,1.358746
2026-05-16T12:00:00Z,0.008886
2026-05-16T13:00:00Z,3.339669
2026-05-16T14:00:00Z,1.013018
2026-05-16T15:00:00Z,0.000000
2026-05-16T16:00:00Z,0.000000
2026-05-16T17:00:00Z,0.000000
2026-05-16T18:00:00Z,0.000000
2026-05-16T19:00:00Z,0.000000
2026-05-16T20:00:00Z,0.000000
2026-05-16T21:00:00Z,0.000000
2026-05-16T22:00:00Z,0.000000
2026-05-16T23:00:00Z,0.000000
2026-05-17T00:00:00Z,0.000000
2026-05-17T01:00:00Z,0.000000
2026-05-17T02:00:00Z,0.000000
2026-05-17T03:00:00Z,0.000000
2026-05-17T04:00:00Z,0.000000
2026-05-17T05:00:00Z,0.000000
2026-05-17T06:00:00Z,2.091208
2026-05-17T07:00:00Z,5.456778
2026-05-17T08:00:00Z,7.141326
2026-05-17T09:00:00Z,3.052159
2026-05-17T10:00:00Z,1.965643
2026-05-17T11:00:00Z,2.152502
2026-05-17T12:00:00Z,7.197357
2026-05-17T13:00:00Z,0.000000
2026-05-17T14:00:00Z,0.000000
2026-05-17T15:00:00Z,0.000000
2026-05-17T16:00:00Z,0.000000
2026-05-17T17:00:00Z,0.000000
2026-05-17T18:00:00Z,0.000000
2026-05-17T19:00:00Z,0.000000
2026-05-17T20:00:00Z,0.000000
2026-05-17T21:00:00Z,0.000000
2026-05-17T22:00:00Z,0.000000
2026-05-17T23:00:00Z,0.000000
2026-05-18T00:00:00Z,0.000000
2026-05-18T01:00:00Z,0.000000
2026-05-18T02:00:00Z,0.000000
2026-05-18T03:00:00Z,0.000000
2026-05-18T04:00:00Z,0.000000
2026-05-18T05:00:00Z,0.000000
2026-05-18T06:00:00Z,0.000000
2026-05-18T07:00:00Z,4.498615
2026-05-18T08:00:00Z,4.654363
2026-05-18T09:00:00Z,3.708515
2026-05-18T10:00:00Z,13.030317
2026-05-18T11:00:00Z,5.099087
2026-05-18T12:00:00Z,1.507801
2026-05-18T13:00:00Z,0.000000
2026-05-18T14:00:00Z,0.763076
2026-05-18T15:00:00Z,0.000000
2026-05-18T16:00:00Z,0.000000
2026-05-18T17:00:00Z,0.000000
2026-05-18T18:00:00Z,0.000000
2026-05-18T19:00:00Z,0.000000
2026-05-18T20:00:00Z,0.000000
2026-05-18T21:00:00Z,0.000000
2026-05-18T22:00:00Z,0.000000
2026-05-18T23:00:00Z,0.000000
2026-05-19T00:00:00Z,0.000000
2026-05-19T01:00:00Z,0.000000
2026-05-19T02:00:00Z,0.000000
2026-05-19T03:00:00Z,0.000000
2026-05-19T04:00:00Z,0.000000
2026-05-19T05:00:00Z,0.000000
2026-05-19T06:00:00Z,0.000000
2026-05-19T07:00:00Z,0.000000
2026-05-19T08:00:00Z,8.130724
2026-05-19T09:00:00Z,5.921381
2026-05-19T10:00:00Z,3.687959
2026-05-19T11:00:00Z,0.000000
2026-05-19T12:00:00Z,2.777642
2026-05-19T13:00:00Z,6.300150
2026-05-19T14:00:00Z,4.186700
2026-05-19T15:00:00Z,1.545794
2026-05-19T16:00:00Z,0.376535
2026-05-19T17:00:00Z,0.000000
2026-05-19T18:00:00Z,0.000000
2026-05-19T19:00:00Z,0.000000
2026-05-19T20:00:00Z,0.000000
2026-05-19T21:00:00Z,0.000000
2026-05-19T22:00:00Z,0.000000
2026-05-19T23:00:00Z,0.000000
2026-05-20T00:00:00Z,0.000000
2026-05-20T01:00:00Z,0.000000
2026-05-20T02:00:00Z,0.000000
2026-05-20T03:00:00Z,0.000000
2026-05-20T04:00:00Z,0.000000
2026-05-20T05:00:00Z,0.000000
2026-05-20T06:00:00Z,0.000000
2026-05-20T07:00:00Z,0.000000
2026-05-20T08:00:00Z,0.000000
2026-05-20T09:00:00Z,0.763551
2026-05-20T10:00:00Z,0.000000
2026-05-20T11:00:00Z,0.000000
2026-05-20T12:00:00Z,0.000000
2026-05-20T13:00:00Z,0.000000
2026-05-20T14:00:00Z,1.681431
2026-05-20T15:00:00Z,1.708239
2026-05-20T16:00:00Z,0.000000
2026-05-20T17:00:00Z,0.000000
2026-05-20T18:00:00Z,0.000000
2026-05-20T19:00:00Z,0.000000
2026-05-20T20:00:00Z,0.000000
2026-05-20T21:00:00Z,0.000000
2026-05-20T22:00:00Z,0.000000
2026-05-20T23:00:00Z,0.000000
2026-05-21T00:00:00Z,0.000000
2026-05-21T01:00:00Z,0.000000
2026-05-21T02:00:00Z,0.000000
2026-05-21T03:00:00Z,0.000000
2026-05-21T04:00:00Z,0.000000
2026-05-21T05:00:00Z,0.000000
2026-05-21T06:00:00Z,1.537422
2026-05-21T07:00:00Z,4.319143
2026-05-21T08:00:00Z,3.930948
2026-05-21T09:00:00Z,7.439528
2026-05-21T10:00:00Z,15.797456
2026-05-21T11:00:00Z,13.386261
2026-05-21T12:00:00Z,16.584590
2026-05-21T13:00:00Z,13.745123
2026-05-21T14:00:00Z,10.107505
2026-05-21T15:00:00Z,5.449210
2026-05-21T16:00:00Z,0.376044
2026-05-21T17:00:00Z,0.000000
2026-05-21T18:00:00Z,0.000000
2026-05-21T19:00:00Z,0.000000
2026-05-21T20:00:00Z,0.000000
2026-05-21T21:00:00Z,0.000000
2026-05-21T22:00:00Z,0.000000
2026-05-21T23:00:00Z,0.000000
2026-05-22T00:00:00Z,0.000000
2026-05-22T01:00:00Z,0.000000
2026-05-22T02:00:00Z,0.000000
2026-05-22T03:00:00Z,0.000000
2026-05-22T04:00:00Z,0.000000
2026-05-22T05:00:00Z,0.000000
2026-05-22T06:00:00Z,0.000000
2026-05-22T07:00:00Z,0.154455
2026-05-22T08:00:00Z,1.326012
2026-05-22T09:00:00Z,6.348619
2026-05-22T10:00:00Z,13.847357
2026-05-22T11:00:00Z,7.062745
2026-05-22T12:00:00Z,16.239705
2026-05-22T13:00:00Z,10.474878
2026-05-22T14:00:00Z,9.377476
2026-05-22T15:00:00Z,4.509738
2026-05-22T16:00:00Z,1.434107
2026-05-22T17:00:00Z,0.000000
2026-05-22T18:00:00Z,0.000000
2026-05-22T19:00:00Z,0.000000
2026-05-22T20:00:00Z,0.000000
2026-05-22T21:00:00Z,0.000000
2026-05-22T22:00:00Z,0.000000
2026-05-22T23:00:00Z,0.000000
2026-05-23T00:00:00Z,0.000000
2026-05-23T01:00:00Z,0.000000
2026-05-23T02:00:00Z,0.000000
2026-05-23T03:00:00Z,0.000000
2026-05-23T04:00:00Z,0.000000
2026-05-23T05:00:00Z,0.000000
2026-05-23T06:00:00Z,2.338560
2026-05-23T07:00:00Z,3.202144
2026-05-23T08:00:00Z,8.666384
2026-05-23T09:00:00Z,4.229580
2026-05-23T10:00:00Z,0.000000
2026-05-23T11:00:00Z,13.505172
2026-05-23T12:00:00Z,10.360007
2026-05-23T13:00:00Z,9.342183
2026-05-23T14:00:00Z,3.251169
2026-05-23T15:00:00Z,5.529155
2026-05-23T16:00:00Z,1.213143
2026-05-23T17:00:00Z,0.000000
2026-05-23T18:00:00Z,0.000000
2026-05-23T19:00:00Z,0.000000
2026-05-23T20:00:00Z,0.000000
2026-05-23T21:00:00Z,0.000000
2026-05-23T22:00:00Z,0.000000
2026-05-23T23:00:00Z,0.000000
2026-05-24T00:00:00Z,0.000000
2026-05-24T01:00:00Z,0.000000
2026-05-24T02:00:00Z,0.000000
2026-05-24T03:00:00Z,0.000000
2026-05-24T04:00:00Z,0.000000
2026-05-24T05:00:00Z,0.000000
2026-05-24T06:00:00Z,2.537658
2026-05-24T07:00:00Z,5.627142
2026-05-24T08:00:00Z,9.974445
2026-05-24T09:00:00Z,11.053533
2026-05-24T10:00:00Z,15.919132
2026-05-24T11:00:00Z,15.513104
2026-05-24T12:00:00Z,14.586513
2026-05-24T13:00:00Z,13.442824
2026-05-24T14:00:00Z,9.833828
2026-05-24T15:00:00Z,5.111718
2026-05-24T16:00:00Z,1.346184
2026-05-24T17:00:00Z,0.000000
2026-05-24T18:00:00Z,0.000000
2026-05-24T19:00:00Z,0.000000
2026-05-24T20:00:00Z,0.000000
2026-05-24T21:00:00Z,0.000000
2026-05-24T22:00:00Z,0.000000
2026-05-24T23:00:00Z,0.000000
2026-05-25T00:00:00Z,0.000000
2026-05-25T01:00:00Z,0.000000
2026-05-25T02:00:00Z,0.000000
2026-05-25T03:00:00Z,0.000000
2026-05-25T04:00:00Z,0.000000
2026-05-25T05:00:00Z,0.000000
2026-05-25T06:00:00Z,2.579814
2026-05-25T07:00:00Z,7.081892
2026-05-25T08:00:00Z,11.197637
2026-05-25T09:00:00Z,14.439609
2026-05-25T10:00:00Z,16.351717
2026-05-25T11:00:00Z,16.856163
2026-05-25T12:00:00Z,16.015424
2026-05-25T13:00:00Z,13.723329
2026-05-25T14:00:00Z,10.490823
2026-05-25T15:00:00Z,6.010380
2026-05-25T16:00:00Z,1.497607
2026-05-25T17:00:00Z,0.000000
2026-05-25T18:00:00Z,0.000000
2026-05-25T19:00:00Z,0.000000
2026-05-25T20:00:00Z,0.000000
2026-05-25T21:00:00Z,0.000000
2026-05-25T22:00:00Z,0.000000
2026-05-25T23:00:00Z,0.000000
2026-05-26T00:00:00Z,0.000000
2026-05-26T01:00:00Z,0.000000
2026-05-26T02:00:00Z,0.000000
2026-05-26T03:00:00Z,0.000000
2026-05-26T04:00:00Z,0.000000
2026-05-26T05:00:00Z,0.000000
2026-05-26T06:00:00Z,1.388855
2026-05-26T07:00:00Z,5.388937
2026-05-26T08:00:00Z,5.590630
2026-05-26T09:00:00Z,12.786675
2026-05-26T10:00:00Z,14.458642
2026-05-26T11:00:00Z,15.847690
2026-05-26T12:00:00Z,15.368141
2026-05-26T13:00:00Z,12.855085
2026-05-26T14:00:00Z,9.909089
2026-05-26T15:00:00Z,5.842333
2026-05-26T16:00:00Z,1.240750
2026-05-26T17:00:00Z,0.000000
2026-05-26T18:00:00Z,0.000000
2026-05-26T19:00:00Z,0.000000
2026-05-26T20:00:00Z,0.000000
2026-05-26T21:00:00Z,0.000000
2026-05-26T22:00:00Z,0.000000
2026-05-26T23:00:00Z,0.000000
2026-05-27T00:00:00Z,0.000000
2026-05-27T01:00:00Z,0.000000
2026-05-27T02:00:00Z,0.000000
2026-05-27T03:00:00Z,0.000000
2026-05-27T04:00:00Z,0.000000
2026-05-27T05:00:00Z,0.000000
2026-05-27T06:00:00Z,2.484480
2026-05-27T07:00:00Z,7.247581
2026-05-27T08:00:00Z,11.452693
2026-05-27T09:00:00Z,14.711095
2026-05-27T10:00:00Z,16.610832
2026-05-27T11:00:00Z,17.250722
2026-05-27T12:00:00Z,15.309167
2026-05-27T13:00:00Z,12.624210
2026-05-27T14:00:00Z,9.477769
2026-05-27T15:00:00Z,5.583550
2026-05-27T16:00:00Z,0.775778
2026-05-27T17:00:00Z,0.000000
2026-05-27T18:00:00Z,0.000000
2026-05-27T19:00:00Z,0.000000
2026-05-27T20:00:00Z,0.000000
2026-05-27T21:00:00Z,0.000000
2026-05-27T22:00:00Z,0.000000
2026-05-27T23:00:00Z,0.000000
2026-05-28T00:00:00Z,0.000000
2026-05-28T01:00:00Z,0.000000
2026-05-28T02:00:00Z,0.000000
2026-05-28T03:00:00Z,0.000000
2026-05-28T04:00:00Z,0.000000
2026-05-28T05:00:00Z,0.000000
2026-05-28T06:00:00Z,2.538205
2026-05-28T07:00:00Z,7.158396
2026-05-28T08:00:00Z,11.603930
2026-05-28T09:00:00Z,14.749843
2026-05-28T10:00:00Z,16.698636
2026-05-28T11:00:00Z,17.208229
2026-05-28T12:00:00Z,16.399632
2026-05-28T13:00:00Z,14.047196
2026-05-28T14:00:00Z,10.435225
2026-05-28T15:00:00Z,6.062209
2026-05-28T16:00:00Z,1.558180
2026-05-28T17:00:00Z,0.000000
2026-05-28T18:00:00Z,0.000000
2026-05-28T19:00:00Z,0.000000
2026-05-28T20:00:00Z,0.000000
2026-05-28T21:00:00Z,0.000000
2026-05-28T22:00:00Z,0.000000
2026-05-28T23:00:00Z,0.000000
2026-05-29T00:00:00Z,0.000000
2026-05-29T01:00:00Z,0.000000
2026-05-29T02:00:00Z,0.000000
2026-05-29T03:00:00Z,0.000000
2026-05-29T04:00:00Z,0.000000
2026-05-29T05:00:00Z,0.000000
2026-05-29T06:00:00Z,2.496124
2026-05-29T07:00:00Z,5.857587
2026-05-29T08:00:00Z,3.167084
2026-05-29T09:00:00Z,8.651271
2026-05-29T10:00:00Z,15.856260
2026-05-29T11:00:00Z,16.161869
2026-05-29T12:00:00Z,11.820960
2026-05-29T13:00:00Z,8.398628
2026-05-29T14:00:00Z,8.271383
2026-05-29T15:00:00Z,3.982400
2026-05-29T16:00:00Z,1.105998
2026-05-29T17:00:00Z,0.000000
2026-05-29T18:00:00Z,0.000000
2026-05-29T19:00:00Z,0.000000
2026-05-29T20:00:00Z,0.000000
2026-05-29T21:00:00Z,0.000000
2026-05-29T22:00:00Z,0.000000
2026-05-29T23:00:00Z,0.000000
2026-05-30T00:00:00Z,0.000000
2026-05-30T01:00:00Z,0.000000
2026-05-30T02:00:00Z,0.000000
2026-05-30T03:00:00Z,0.000000
2026-05-30T04:00:00Z,0.000000
2026-05-30T05:00:00Z,0.000000
2026-05-30T06:00:00Z,0.000000
2026-05-30T07:00:00Z,2.909549
2026-05-30T08:00:00Z,2.699746
2026-05-30T09:00:00Z,0.912347
2026-05-30T10:00:00Z,0.865060
2026-05-30T11:00:00Z,1.646706
2026-05-30T12:00:00Z,5.961252
2026-05-30T13:00:00Z,5.353343
2026-05-30T14:00:00Z,1.516153
2026-05-30T15:00:00Z,0.000000
2026-05-30T16:00:00Z,0.000000
2026-05-30T17:00:00Z,0.000000
2026-05-30T18:00:00Z,0.000000
2026-05-30T19:00:00Z,0.000000
2026-05-30T20:00:00Z,0.000000
2026-05-30T21:00:00Z,0.000000
2026-05-30T22:00:00Z,0.000000
2026-05-30T23:00:00Z,0.000000
2026-05-31T00:00:00Z,0.000000
2026-05-31T01:00:00Z,0.000000
2026-05-31T02:00:00Z,0.000000
2026-05-31T03:00:00Z,0.000000
2026-05-31T04:00:00Z,0.000000
2026-05-31T05:00:00Z,0.000000
2026-05-31T06:00:00Z,0.000000
2026-05-31T07:00:00Z,0.000000
2026-05-31T08:00:00Z,0.000000
2026-05-31T09:00:00Z,0.000000
2026-05-31T10:00:00Z,0.000000
2026-05-31T11:00:00Z,0.074757
2026-05-31T12:00:00Z,0.000000
2026-05-31T13:00:00Z,0.000000
2026-05-31T14:00:00Z,0.891787
2026-05-31T15:00:00Z,0.000000
2026-05-31T16:00:00Z,0.000000
2026-05-31T17:00:00Z,0.000000
2026-05-31T18:00:00Z,0.000000
2026-05-31T19:00:00Z,0.000000
2026-05-31T20:00:00Z,0.000000
2026-05-31T21:00:00Z,0.000000
2026-05-31T22:00:00Z,0.000000
2026-05-31T23:00:00Z,0.000000
2026-06-01T00:00:00Z,0.000000
2026-06-01T01:00:00Z,0.000000
2026-06-01T02:00:00Z,0.000000
2026-06-01T03:00:00Z,0.000000
2026-06-01T04:00:00Z,0.000000
2026-06-01T05:00:00Z,0.000000
2026-06-01T06:00:00Z,0.322078
2026-06-01T07:00:00Z,1.939834
2026-06-01T08:00:00Z,9.849414
2026-06-01T09:00:00Z,13.811131
2026-06-01T10:00:00Z,3.261448
2026-06-01T11:00:00Z,5.938449
2026-06-01T12:00:00Z,7.950079
2026-06-01T13:00:00Z,5.160118
2026-06-01T14:00:00Z,7.855326
2026-06-01T15:00:00Z,0.402218
2026-06-01T16:00:00Z,0.000000
2026-06-01T17:00:00Z,0.000000
2026-06-01T18:00:00Z,0.000000
2026-06-01T19:00:00Z,0.000000
2026-06-01T20:00:00Z,0.000000
2026-06-01T21:00:00Z,0.000000
2026-06-01T22:00:00Z,0.000000
2026-06-01T23:00:00Z,0.000000
2026-06-02T00:00:00Z,0.000000
2026-06-02T01:00:00Z,0.000000
2026-06-02T02:00:00Z,0.000000
2026-06-02T03:00:00Z,0.000000
2026-06-02T04:00:00Z,0.000000
2026-06-02T05:00:00Z,0.000000
2026-06-02T06:00:00Z,0.055144
2026-06-02T07:00:00Z,0.060731
2026-06-02T08:00:00Z,1.118090
2026-06-02T09:00:00Z,5.764107
2026-06-02T10:00:00Z,6.433547
2026-06-02T11:00:00Z,3.369067
2026-06-02T12:00:00Z,2.540179
2026-06-02T13:00:00Z,3.797303
2026-06-02T14:00:00Z,2.436122
2026-06-02T15:00:00Z,2.368737
2026-06-02T16:00:00Z,0.009376
2026-06-02T17:00:00Z,0.000000
2026-06-02T18:00:00Z,0.000000
2026-06-02T19:00:00Z,0.000000
2026-06-02T20:00:00Z,0.000000
2026-06-02T21:00:00Z,0.000000
2026-06-02T22:00:00Z,0.000000
2026-06-02T23:00:00Z,0.000000
2026-06-03T00:00:00Z,0.000000
2026-06-03T01:00:00Z,0.000000
2026-06-03T02:00:00Z,0.000000
2026-06-03T03:00:00Z,0.000000
2026-06-03T04:00:00Z,0.000000
2026-06-03T05:00:00Z,0.000000
2026-06-03T06:00:00Z,0.000000
2026-06-03T07:00:00Z,0.000000
2026-06-03T08:00:00Z,0.192681
2026-06-03T09:00:00Z,2.738483
2026-06-03T10:00:00Z,4.757739
2026-06-03T11:00:00Z,4.874403
2026-06-03T12:00:00Z,6.124974
2026-06-03T13:00:00Z,9.680732
2026-06-03T14:00:00Z,2.484745
2026-06-03T15:00:00Z,4.281543
2026-06-03T16:00:00Z,1.043444
2026-06-03T17:00:00Z,0.000000
2026-06-03T18:00:00Z,0.000000
2026-06-03T19:00:00Z,0.000000
2026-06-03T20:00:00Z,0.000000
2026-06-03T21:00:00Z,0.000000
2026-06-03T22:00:00Z,0.000000
2026-06-03T23:00:00Z,0.000000
2026-06-04T00:00:00Z,0.000000
2026-06-04T01:00:00Z,0.000000
2026-06-04T02:00:00Z,0.000000
2026-06-04T03:00:00Z,0.000000
2026-06-04T04:00:00Z,0.000000
2026-06-04T05:00:00Z,0.000000
2026-06-04T06:00:00Z,0.000000
2026-06-04T07:00:00Z,1.378501
2026-06-04T08:00:00Z,0.373586
2026-06-04T09:00:00Z,2.725846
2026-06-04T10:00:00Z,9.175259
2026-06-04T11:00:00Z,1.442830
2026-06-04T12:00:00Z,6.427530
2026-06-04T13:00:00Z,0.946829
2026-06-04T14:00:00Z,0.000000
2026-06-04T15:00:00Z,1.440912
2026-06-04T16:00:00Z,0.000000
2026-06-04T17:00:00Z,0.000000
2026-06-04T18:00:00Z,0.000000
2026-06-04T19:00:00Z,0.000000
2026-06-04T20:00:00Z,0.000000
2026-06-04T21:00:00Z,0.000000
2026-06-04T22:00:00Z,0.000000
2026-06-04T23:00:00Z,0.000000
2026-06-05T00:00:00Z,0.000000
2026-06-05T01:00:00Z,0.000000
2026-06-05T02:00:00Z,0.000000
2026-06-05T03:00:00Z,0.000000
2026-06-05T04:00:00Z,0.000000
2026-06-05T05:00:00Z,0.000000
2026-06-05T06:00:00Z,0.000000
2026-06-05T07:00:00Z,0.000000
2026-06-05T08:00:00Z,1.149245
2026-06-05T09:00:00Z,9.292566
2026-06-05T10:00:00Z,6.266048
2026-06-05T11:00:00Z,1.265610
2026-06-05T12:00:00Z,4.633119
2026-06-05T13:00:00Z,9.665491
2026-06-05T14:00:00Z,2.202590
2026-06-05T15:00:00Z,0.873675
2026-06-05T16:00:00Z,0.000000
2026-06-05T17:00:00Z,0.000000
2026-06-05T18:00:00Z,0.000000
2026-06-05T19:00:00Z,0.000000
2026-06-05T20:00:00Z,0.000000
2026-06-05T21:00:00Z,0.000000
2026-06-05T22:00:00Z,0.000000
2026-06-05T23:00:00Z,0.000000
2026-06-06T00:00:00Z,0.000000
2026-06-06T01:00:00Z,0.000000
2026-06-06T02:00:00Z,0.000000
2026-06-06T03:00:00Z,0.000000
2026-06-06T04:00:00Z,0.000000
2026-06-06T05:00:00Z,0.000000
2026-06-06T06:00:00Z,1.970392
2026-06-06T07:00:00Z,7.231160
2026-06-06T08:00:00Z,11.349016
2026-06-06T09:00:00Z,13.888725
2026-06-06T10:00:00Z,14.166469
2026-06-06T11:00:00Z,14.007598
2026-06-06T12:00:00Z,5.558652
2026-06-06T13:00:00Z,1.896467
2026-06-06T14:00:00Z,1.117959
2026-06-06T15:00:00Z,2.746420
2026-06-06T16:00:00Z,0.000000
2026-06-06T17:00:00Z,0.000000
2026-06-06T18:00:00Z,0.000000
2026-06-06T19:00:00Z,0.000000
2026-06-06T20:00:00Z,0.000000
2026-06-06T21:00:00Z,0.000000
2026-06-06T22:00:00Z,0.000000
2026-06-06T23:00:00Z,0.000000
2026-06-07T00:00:00Z,0.000000
2026-06-07T01:00:00Z,0.000000
2026-06-07T02:00:00Z,0.000000
2026-06-07T03:00:00Z,0.000000
2026-06-07T04:00:00Z,0.000000
2026-06-07T05:00:00Z,0.000000
2026-06-07T06:00:00Z,1.234131
2026-06-07T07:00:00Z,0.451270
2026-06-07T08:00:00Z,0.873195
2026-06-07T09:00:00Z,3.484152
2026-06-07T10:00:00Z,0.000000
2026-06-07T11:00:00Z,0.000000
2026-06-07T12:00:00Z,1.868028
2026-06-07T13:00:00Z,2.705014
2026-06-07T14:00:00Z,1.510619
2026-06-07T15:00:00Z,0.000000
2026-06-07T16:00:00Z,0.000000
2026-06-07T17:00:00Z,0.000000
2026-06-07T18:00:00Z,0.000000
2026-06-07T19:00:00Z,0.000000
2026-06-07T20:00:00Z,0.000000
2026-06-07T21:00:00Z,0.000000
2026-06-07T22:00:00Z,0.000000
2026-06-07T23:00:00Z,0.000000
2026-06-08T00:00:00Z,0.000000
2026-06-08T01:00:00Z,0.000000
2026-06-08T02:00:00Z,0.000000
2026-06-08T03:00:00Z,0.000000
2026-06-08T04:00:00Z,0.000000
2026-06-08T05:00:00Z,0.000000
2026-06-08T06:00:00Z,0.000000
2026-06-08T07:00:00Z,0.961996
2026-06-08T08:00:00Z,0.000000
2026-06-08T09:00:00Z,0.787362
2026-06-08T10:00:00Z,0.000000
2026-06-08T11:00:00Z,0.000000
2026-06-08T12:00:00Z,0.666612
2026-06-08T13:00:00Z,0.000000
2026-06-08T14:00:00Z,0.000000
2026-06-08T15:00:00Z,0.000000
2026-06-08T16:00:00Z,0.000000
2026-06-08T17:00:00Z,0.000000
2026-06-08T18:00:00Z,0.000000
2026-06-08T19:00:00Z,0.000000
2026-06-08T20:00:00Z,0.000000
2026-06-08T21:00:00Z,0.000000
2026-06-08T22:00:00Z,0.000000
2026-06-08T23:00:00Z,0.000000
2026-06-09T00:00:00Z,0.000000
2026-06-09T01:00:00Z,0.000000
2026-06-09T02:00:00Z,0.000000
2026-06-09T03:00:00Z,0.000000
2026-06-09T04:00:00Z,0.000000
2026-06-09T05:00:00Z,0.000000
2026-06-09T06:00:00Z,0.000000
2026-06-09T07:00:00Z,0.000000
2026-06-09T08:00:00Z,0.349748
2026-06-09T09:00:00Z,0.000000
2026-06-09T10:00:00Z,1.311067
2026-06-09T11:00:00Z,7.185725
2026-06-09T12:00:00Z,15.920222
2026-06-09T13:00:00Z,3.493675
2026-06-09T14:00:00Z,7.147374
2026-06-09T15:00:00Z,3.935815
2026-06-09T16:00:00Z,0.618061
2026-06-09T17:00:00Z,0.000000
2026-06-09T18:00:00Z,0.000000
2026-06-09T19:00:00Z,0.000000
2026-06-09T20:00:00Z,0.000000
2026-06-09T21:00:00Z,0.000000
2026-06-09T22:00:00Z,0.000000
2026-06-09T23:00:00Z,0.000000
2026-06-10T00:00:00Z,0.000000
2026-06-10T01:00:00Z,0.000000
2026-06-10T02:00:00Z,0.000000
2026-06-10T03:00:00Z,0.000000
2026-06-10T04:00:00Z,0.000000
2026-06-10T05:00:00Z,0.000000
2026-06-10T06:00:00Z,2.274178
2026-06-10T07:00:00Z,7.217360
2026-06-10T08:00:00Z,7.895840
2026-06-10T09:00:00Z,8.332055
2026-06-10T10:00:00Z,4.294057
2026-06-10T11:00:00Z,10.223892
2026-06-10T12:00:00Z,10.017230
2026-06-10T13:00:00Z,2.963863
2026-06-10T14:00:00Z,5.826436
2026-06-10T15:00:00Z,5.473061
2026-06-10T16:00:00Z,1.141080
2026-06-10T17:00:00Z,0.000000
2026-06-10T18:00:00Z,0.000000
2026-06-10T19:00:00Z,0.000000
2026-06-10T20:00:00Z,0.000000
2026-06-10T21:00:00Z,0.000000
2026-06-10T22:00:00Z,0.000000
2026-06-10T23:00:00Z,0.000000
2026-06-11T00:00:00Z,0.000000
2026-06-11T01:00:00Z,0.000000
2026-06-11T02:00:00Z,0.000000
2026-06-11T03:00:00Z,0.000000
2026-06-11T04:00:00Z,0.000000
2026-06-11T05:00:00Z,0.000000
2026-06-11T06:00:00Z,2.553028
2026-06-11T07:00:00Z,4.403448
2026-06-11T08:00:00Z,10.838740
2026-06-11T09:00:00Z,13.662533
2026-06-11T10:00:00Z,2.299157
2026-06-11T11:00:00Z,10.362106
2026-06-11T12:00:00Z,12.837153
2026-06-11T13:00:00Z,0.845001
2026-06-11T14:00:00Z,3.092138
2026-06-11T15:00:00Z,0.000000
2026-06-11T16:00:00Z,1.176527
2026-06-11T17:00:00Z,0.000000
2026-06-11T18:00:00Z,0.000000
2026-06-11T19:00:00Z,0.000000
2026-06-11T20:00:00Z,0.000000
2026-06-11T21:00:00Z,0.000000
2026-06-11T22:00:00Z,0.000000
2026-06-11T23:00:00Z,0.000000
2026-06-12T00:00:00Z,0.000000
2026-06-12T01:00:00Z,0.000000
2026-06-12T02:00:00Z,0.000000
2026-06-12T03:00:00Z,0.000000
2026-06-12T04:00:00Z,0.000000
2026-06-12T05:00:00Z,0.000000
2026-06-12T06:00:00Z,0.000000
2026-06-12T07:00:00Z,0.066886
2026-06-12T08:00:00Z,5.423528
2026-06-12T09:00:00Z,1.487257
2026-06-12T10:00:00Z,0.950421
2026-06-12T11:00:00Z,0.000000
2026-06-12T12:00:00Z,0.000000
2026-06-12T13:00:00Z,0.000000
2026-06-12T14:00:00Z,0.000000
2026-06-12T15:00:00Z,0.646264
2026-06-12T16:00:00Z,0.000000
2026-06-12T17:00:00Z,0.000000
2026-06-12T18:00:00Z,0.000000
2026-06-12T19:00:00Z,0.000000
2026-06-12T20:00:00Z,0.000000
2026-06-12T21:00:00Z,0.000000
2026-06-12T22:00:00Z,0.000000
2026-06-12T23:00:00Z,0.000000
2026-06-13T00:00:00Z,0.000000
2026-06-13T01:00:00Z,0.000000
2026-06-13T02:00:00Z,0.000000
2026-06-13T03:00:00Z,0.000000
2026-06-13T04:00:00Z,0.000000
2026-06-13T05:00:00Z,0.000000
2026-06-13T06:00:00Z,0.486041
2026-06-13T07:00:00Z,0.440851
2026-06-13T08:00:00Z,2.805934
2026-06-13T09:00:00Z,1.666401
2026-06-13T10:00:00Z,4.776850
2026-06-13T11:00:00Z,9.586305
2026-06-13T12:00:00Z,2.411698
2026-06-13T13:00:00Z,9.185615
2026-06-13T14:00:00Z,4.973937
2026-06-13T15:00:00Z,1.510566
2026-06-13T16:00:00Z,0.033545
2026-06-13T17:00:00Z,0.000000
2026-06-13T18:00:00Z,0.000000
2026-06-13T19:00:00Z,0.000000
2026-06-13T20:00:00Z,0.000000
2026-06-13T21:00:00Z,0.000000
2026-06-13T22:00:00Z,0.000000
2026-06-13T23:00:00Z,0.000000
2026-06-14T00:00:00Z,0.000000
2026-06-14T01:00:00Z,0.000000
2026-06-14T02:00:00Z,0.000000
2026-06-14T03:00:00Z,0.000000
2026-06-14T04:00:00Z,0.000000
2026-06-14T05:00:00Z,0.000000
2026-06-14T06:00:00Z,0.551750
2026-06-14T07:00:00Z,3.266517
2026-06-14T08:00:00Z,3.962359
2026-06-14T09:00:00Z,1.648640
2026-06-14T10:00:00Z,4.191718
2026-06-14T11:00:00Z,5.173754
2026-06-14T12:00:00Z,8.699785
2026-06-14T13:00:00Z,2.377264
2026-06-14T14:00:00Z,0.000000
2026-06-14T15:00:00Z,4.178241
2026-06-14T16:00:00Z,0.908521
2026-06-14T17:00:00Z,0.000000
2026-06-14T18:00:00Z,0.000000
2026-06-14T19:00:00Z,0.000000
2026-06-14T20:00:00Z,0.000000
2026-06-14T21:00:00Z,0.000000
2026-06-14T22:00:00Z,0.000000
2026-06-14T23:00:00Z,0.000000
2026-06-15T00:00:00Z,0.000000
2026-06-15T01:00:00Z,0.000000
2026-06-15T02:00:00Z,0.000000
2026-06-15T03:00:00Z,0.000000
2026-06-15T04:00:00Z,0.000000
2026-06-15T05:00:00Z,0.000000
2026-06-15T06:00:00Z,0.944711
2026-06-15T07:00:00Z,3.838640
2026-06-15T08:00:00Z,5.307232
2026-06-15T09:00:00Z,8.027677
2026-06-15T10:00:00Z,10.627455
2026-06-15T11:00:00Z,7.052579
2026-06-15T12:00:00Z,9.457970
2026-06-15T13:00:00Z,1.922892
2026-06-15T14:00:00Z,0.000000
2026-06-15T15:00:00Z,0.093148
2026-06-15T16:00:00Z,1.020626
2026-06-15T17:00:00Z,0.000000
2026-06-15T18:00:00Z,0.000000
2026-06-15T19:00:00Z,0.000000
2026-06-15T20:00:00Z,0.000000
2026-06-15T21:00:00Z,0.000000
2026-06-15T22:00:00Z,0.000000
2026-06-15T23:00:00Z,0.000000
2026-06-16T00:00:00Z,0.000000
2026-06-16T01:00:00Z,0.000000
2026-06-16T02:00:00Z,0.000000
2026-06-16T03:00:00Z,0.000000
2026-06-16T04:00:00Z,0.000000
2026-06-16T05:00:00Z,0.000000
2026-06-16T06:00:00Z,0.000000
2026-06-16T07:00:00Z,0.000000
2026-06-16T08:00:00Z,0.000000
2026-06-16T09:00:00Z,0.000000
2026-06-16T10:00:00Z,0.238668
2026-06-16T11:00:00Z,0.000000
2026-06-16T12:00:00Z,0.230538
2026-06-16T13:00:00Z,0.593219
2026-06-16T14:00:00Z,2.932417
2026-06-16T15:00:00Z,1.858910
2026-06-16T16:00:00Z,0.000000
2026-06-16T17:00:00Z,0.000000
2026-06-16T18:00:00Z,0.000000
2026-06-16T19:00:00Z,0.000000
2026-06-16T20:00:00Z,0.000000
2026-06-16T21:00:00Z,0.000000
2026-06-16T22:00:00Z,0.000000
2026-06-16T23:00:00Z,0.000000
2026-06-17T00:00:00Z,0.000000
2026-06-17T01:00:00Z,0.000000
2026-06-17T02:00:00Z,0.000000
2026-06-17T03:00:00Z,0.000000
2026-06-17T04:00:00Z,0.000000
2026-06-17T05:00:00Z,0.000000
2026-06-17T06:00:00Z,0.329268
2026-06-17T07:00:00Z,3.178731
2026-06-17T08:00:00Z,5.131947
2026-06-17T09:00:00Z,4.310652
2026-06-17T10:00:00Z,6.313519
2026-06-17T11:00:00Z,3.907564
2026-06-17T12:00:00Z,0.324913
2026-06-17T13:00:00Z,0.000000
2026-06-17T14:00:00Z,0.000000
2026-06-17T15:00:00Z,0.000000
2026-06-17T16:00:00Z,0.000000
2026-06-17T17:00:00Z,0.000000
2026-06-17T18:00:00Z,0.000000
2026-06-17T19:00:00Z,0.000000
2026-06-17T20:00:00Z,0.000000
2026-06-17T21:00:00Z,0.000000
2026-06-17T22:00:00Z,0.000000
2026-06-17T23:00:00Z,0.000000
2026-06-18T00:00:00Z,0.000000
2026-06-18T01:00:00Z,0.000000
2026-06-18T02:00:00Z,0.000000
2026-06-18T03:00:00Z,0.000000
2026-06-18T04:00:00Z,0.000000
2026-06-18T05:00:00Z,0.000000
2026-06-18T06:00:00Z,0.000000
2026-06-18T07:00:00Z,3.989349
2026-06-18T08:00:00Z,7.291258
2026-06-18T09:00:00Z,9.867092
2026-06-18T10:00:00Z,13.469745
2026-06-18T11:00:00Z,15.828196
2026-06-18T12:00:00Z,13.075534
2026-06-18T13:00:00Z,11.278300
2026-06-18T14:00:00Z,7.026833
2026-06-18T15:00:00Z,1.555046
2026-06-18T16:00:00Z,2.109702
2026-06-18T17:00:00Z,0.000000
2026-06-18T18:00:00Z,0.000000
2026-06-18T19:00:00Z,0.000000
2026-06-18T20:00:00Z,0.000000
2026-06-18T21:00:00Z,0.000000
2026-06-18T22:00:00Z,0.000000
2026-06-18T23:00:00Z,0.000000
2026-06-19T00:00:00Z,0.000000
2026-06-19T01:00:00Z,0.000000
2026-06-19T02:00:00Z,0.000000
2026-06-19T03:00:00Z,0.000000
2026-06-19T04:00:00Z,0.000000
2026-06-19T05:00:00Z,0.000000
2026-06-19T06:00:00Z,2.519874
2026-06-19T07:00:00Z,6.810094
2026-06-19T08:00:00Z,10.899523
2026-06-19T09:00:00Z,14.036872
2026-06-19T10:00:00Z,16.131942
2026-06-19T11:00:00Z,16.499562
2026-06-19T12:00:00Z,13.953550
2026-06-19T13:00:00Z,14.584799
2026-06-19T14:00:00Z,10.677357
2026-06-19T15:00:00Z,6.161564
2026-06-19T16:00:00Z,2.489401
2026-06-19T17:00:00Z,0.000000
2026-06-19T18:00:00Z,0.000000
2026-06-19T19:00:00Z,0.000000
2026-06-19T20:00:00Z,0.000000
2026-06-19T21:00:00Z,0.000000
2026-06-19T22:00:00Z,0.000000
2026-06-19T23:00:00Z,0.000000
2026-06-20T00:00:00Z,0.000000
2026-06-20T01:00:00Z,0.000000
2026-06-20T02:00:00Z,0.000000
2026-06-20T03:00:00Z,0.000000
2026-06-20T04:00:00Z,0.000000
2026-06-20T05:00:00Z,0.000000
2026-06-20T06:00:00Z,0.000000
2026-06-20T07:00:00Z,5.459417
2026-06-20T08:00:00Z,10.676477
2026-06-20T09:00:00Z,11.425985
2026-06-20T10:00:00Z,14.793829
2026-06-20T11:00:00Z,14.512307
2026-06-20T12:00:00Z,14.673570
2026-06-20T13:00:00Z,11.397039
2026-06-20T14:00:00Z,10.253372
2026-06-20T15:00:00Z,6.228324
2026-06-20T16:00:00Z,2.205416
2026-06-20T17:00:00Z,0.000000
2026-06-20T18:00:00Z,0.000000
2026-06-20T19:00:00Z,0.000000
2026-06-20T20:00:00Z,0.000000
2026-06-20T21:00:00Z,0.000000
2026-06-20T22:00:00Z,0.000000
2026-06-20T23:00:00Z,0.000000
2026-06-21T00:00:00Z,0.000000
2026-06-21T01:00:00Z,0.000000
2026-06-21T02:00:00Z,0.000000
2026-06-21T03:00:00Z,0.000000
2026-06-21T04:00:00Z,0.000000
2026-06-21T05:00:00Z,0.000000
2026-06-21T06:00:00Z,2.615374
2026-06-21T07:00:00Z,7.198600
2026-06-21T08:00:00Z,11.327763
2026-06-21T09:00:00Z,14.584820
2026-06-21T10:00:00Z,16.583680
2026-06-21T11:00:00Z,17.241602
2026-06-21T12:00:00Z,16.464723
2026-06-21T13:00:00Z,14.336724
2026-06-21T14:00:00Z,10.936721
2026-06-21T15:00:00Z,6.712740
2026-06-21T16:00:00Z,2.200522
2026-06-21T17:00:00Z,0.000000
2026-06-21T18:00:00Z,0.000000
2026-06-21T19:00:00Z,0.000000
2026-06-21T20:00:00Z,0.000000
2026-06-21T21:00:00Z,0.000000
2026-06-21T22:00:00Z,0.000000
2026-06-21T23:00:00Z,0.000000
2026-06-22T00:00:00Z,0.000000
2026-06-22T01:00:00Z,0.000000
2026-06-22T02:00:00Z,0.000000
2026-06-22T03:00:00Z,0.000000
2026-06-22T04:00:00Z,0.000000
2026-06-22T05:00:00Z,0.000000
2026-06-22T06:00:00Z,2.458219
2026-06-22T07:00:00Z,6.675798
2026-06-22T08:00:00Z,11.034395
2026-06-22T09:00:00Z,13.471409
2026-06-22T10:00:00Z,15.901842
2026-06-22T11:00:00Z,16.368993
2026-06-22T12:00:00Z,12.617558
2026-06-22T13:00:00Z,12.431057
2026-06-22T14:00:00Z,10.420765
2026-06-22T15:00:00Z,6.310808
2026-06-22T16:00:00Z,1.919781
2026-06-22T17:00:00Z,0.000000
2026-06-22T18:00:00Z,0.000000
2026-06-22T19:00:00Z,0.000000
2026-06-22T20:00:00Z,0.000000
2026-06-22T21:00:00Z,0.000000
2026-06-22T22:00:00Z,0.000000
2026-06-22T23:00:00Z,0.000000
2026-06-23T00:00:00Z,0.000000
2026-06-23T01:00:00Z,0.000000
2026-06-23T02:00:00Z,0.000000
2026-06-23T03:00:00Z,0.000000
2026-06-23T04:00:00Z,0.000000
2026-06-23T05:00:00Z,0.000000
2026-06-23T06:00:00Z,2.488195
2026-06-23T07:00:00Z,6.812680
2026-06-23T08:00:00Z,10.749188
2026-06-23T09:00:00Z,13.820107
2026-06-23T10:00:00Z,15.245846
2026-06-23T11:00:00Z,16.447254
2026-06-23T12:00:00Z,15.600897
2026-06-23T13:00:00Z,13.639221
2026-06-23T14:00:00Z,10.404953
2026-06-23T15:00:00Z,6.021501
2026-06-23T16:00:00Z,2.238937
2026-06-23T17:00:00Z,0.000000
2026-06-23T18:00:00Z,0.000000
2026-06-23T19:00:00Z,0.000000
2026-06-23T20:00:00Z,0.000000
2026-06-23T21:00:00Z,0.000000
2026-06-23T22:00:00Z,0.000000
2026-06-23T23:00:00Z,0.000000
2026-06-24T00:00:00Z,0.000000
2026-06-24T01:00:00Z,0.000000
2026-06-24T02:00:00Z,0.000000
2026-06-24T03:00:00Z,0.000000
2026-06-24T04:00:00Z,0.000000
2026-06-24T05:00:00Z,0.000000
2026-06-24T06:00:00Z,2.330194
2026-06-24T07:00:00Z,6.055604
2026-06-24T08:00:00Z,10.191637
2026-06-24T09:00:00Z,12.890458
2026-06-24T10:00:00Z,11.683217
2026-06-24T11:00:00Z,10.500517
2026-06-24T12:00:00Z,11.432095
2026-06-24T13:00:00Z,11.308254
2026-06-24T14:00:00Z,7.358515
2026-06-24T15:00:00Z,4.286834
2026-06-24T16:00:00Z,2.188228
2026-06-24T17:00:00Z,0.000000
2026-06-24T18:00:00Z,0.000000
2026-06-24T19:00:00Z,0.000000
2026-06-24T20:00:00Z,0.000000
2026-06-24T21:00:00Z,0.000000
2026-06-24T22:00:00Z,0.000000
2026-06-24T23:00:00Z,0.000000
2026-06-25T00:00:00Z,0.000000
2026-06-25T01:00:00Z,0.000000
2026-06-25T02:00:00Z,0.000000
2026-06-25T03:00:00Z,0.000000
2026-06-25T04:00:00Z,0.000000
2026-06-25T05:00:00Z,0.000000
2026-06-25T06:00:00Z,2.387265
2026-06-25T07:00:00Z,6.795705
2026-06-25T08:00:00Z,10.717144
2026-06-25T09:00:00Z,13.879363
2026-06-25T10:00:00Z,15.916114
2026-06-25T11:00:00Z,16.583053
2026-06-25T12:00:00Z,15.884128
2026-06-25T13:00:00Z,13.736083
2026-06-25T14:00:00Z,10.478681
2026-06-25T15:00:00Z,6.487395
2026-06-25T16:00:00Z,2.216339
2026-06-25T17:00:00Z,0.000000
2026-06-25T18:00:00Z,0.000000
2026-06-25T19:00:00Z,0.000000
2026-06-25T20:00:00Z,0.000000
2026-06-25T21:00:00Z,0.000000
2026-06-25T22:00:00Z,0.000000
2026-06-25T23:00:00Z,0.000000
2026-06-26T00:00:00Z,0.000000
2026-06-26T01:00:00Z,0.000000
2026-06-26T02:00:00Z,0.000000
2026-06-26T03:00:00Z,0.000000
2026-06-26T04:00:00Z,0.000000
2026-06-26T05:00:00Z,0.000000
2026-06-26T06:00:00Z,2.554626
2026-06-26T07:00:00Z,6.946986
2026-06-26T08:00:00Z,10.845740
2026-06-26T09:00:00Z,14.045526
2026-06-26T10:00:00Z,16.032258
2026-06-26T11:00:00Z,16.807806
2026-06-26T12:00:00Z,16.143206
2026-06-26T13:00:00Z,14.030092
2026-06-26T14:00:00Z,10.020169
2026-06-26T15:00:00Z,6.815187
2026-06-26T16:00:00Z,2.615252
2026-06-26T17:00:00Z,0.000000
2026-06-26T18:00:00Z,0.000000
2026-06-26T19:00:00Z,0.000000
2026-06-26T20:00:00Z,0.000000
2026-06-26T21:00:00Z,0.000000
2026-06-26T22:00:00Z,0.000000
2026-06-26T23:00:00Z,0.000000
2026-06-27T00:00:00Z,0.000000
2026-06-27T01:00:00Z,0.000000
2026-06-27T02:00:00Z,0.000000
2026-06-27T03:00:00Z,0.000000
2026-06-27T04:00:00Z,0.000000
2026-06-27T05:00:00Z,0.000000
2026-06-27T06:00:00Z,2.719516
2026-06-27T07:00:00Z,6.969684
2026-06-27T08:00:00Z,10.933379
2026-06-27T09:00:00Z,13.959400
2026-06-27T10:00:00Z,15.542836
2026-06-27T11:00:00Z,16.359454
2026-06-27T12:00:00Z,9.813293
2026-06-27T13:00:00Z,11.700834
2026-06-27T14:00:00Z,7.135389
2026-06-27T15:00:00Z,4.062071
2026-06-27T16:00:00Z,1.900561
2026-06-27T17:00:00Z,0.000000
2026-06-27T18:00:00Z,0.000000
2026-06-27T19:00:00Z,0.000000
2026-06-27T20:00:00Z,0.000000
2026-06-27T21:00:00Z,0.000000
2026-06-27T22:00:00Z,0.000000
2026-06-27T23:00:00Z,0.000000
2026-06-28T00:00:00Z,0.000000
2026-06-28T01:00:00Z,0.000000
2026-06-28T02:00:00Z,0.000000
2026-06-28T03:00:00Z,0.000000
2026-06-28T04:00:00Z,0.000000
2026-06-28T05:00:00Z,0.000000
2026-06-28T06:00:00Z,0.000000
2026-06-28T07:00:00Z,0.000000
2026-06-28T08:00:00Z,1.264197
2026-06-28T09:00:00Z,2.260636
2026-06-28T10:00:00Z,10.018015
2026-06-28T11:00:00Z,13.281200
2026-06-28T12:00:00Z,15.110466
2026-06-28T13:00:00Z,11.372477
2026-06-28T14:00:00Z,9.888992
2026-06-28T15:00:00Z,6.457892
2026-06-28T16:00:00Z,2.511573
2026-06-28T17:00:00Z,0.000000
2026-06-28T18:00:00Z,0.000000
2026-06-28T19:00:00Z,0.000000
2026-06-28T20:00:00Z,0.000000
2026-06-28T21:00:00Z,0.000000
2026-06-28T22:00:00Z,0.000000
2026-06-28T23:00:00Z,0.000000
2026-06-29T00:00:00Z,0.000000
2026-06-29T01:00:00Z,0.000000
2026-06-29T02:00:00Z,0.000000
2026-06-29T03:00:00Z,0.000000
2026-06-29T04:00:00Z,0.000000
2026-06-29T05:00:00Z,0.000000
2026-06-29T06:00:00Z,0.995053
2026-06-29T07:00:00Z,3.340637
2026-06-29T08:00:00Z,8.297004
2026-06-29T09:00:00Z,11.120296
2026-06-29T10:00:00Z,16.649661
2026-06-29T11:00:00Z,15.321953
2026-06-29T12:00:00Z,15.695463
2026-06-29T13:00:00Z,13.748229
2026-06-29T14:00:00Z,10.743617
2026-06-29T15:00:00Z,6.719679
2026-06-29T16:00:00Z,2.264237
2026-06-29T17:00:00Z,0.000000
2026-06-29T18:00:00Z,0.000000
2026-06-29T19:00:00Z,0.000000
2026-06-29T20:00:00Z,0.000000
2026-06-29T21:00:00Z,0.000000
2026-06-29T22:00:00Z,0.000000
2026-06-29T23:00:00Z,0.000000
2026-06-30T00:00:00Z,0.000000
2026-06-30T01:00:00Z,0.000000
2026-06-30T02:00:00Z,0.000000
2026-06-30T03:00:00Z,0.000000
2026-06-30T04:00:00Z,0.000000
2026-06-30T05:00:00Z,0.000000
2026-06-30T06:00:00Z,0.272095
2026-06-30T07:00:00Z,1.400820
2026-06-30T08:00:00Z,4.132753
2026-06-30T09:00:00Z,4.752755
2026-06-30T10:00:00Z,8.849593
2026-06-30T11:00:00Z,6.351940
2026-06-30T12:00:00Z,2.863361
2026-06-30T13:00:00Z,7.437497
2026-06-30T14:00:00Z,5.067447
2026-06-30T15:00:00Z,2.327492
2026-06-30T16:00:00Z,0.168331
2026-06-30T17:00:00Z,0.000000
2026-06-30T18:00:00Z,0.000000
2026-06-30T19:00:00Z,0.000000
2026-06-30T20:00:00Z,0.000000
2026-06-30T21:00:00Z,0.000000
2026-06-30T22:00:00Z,0.000000
2026-06-30T23:00:00Z,0.000000
2026-07-01T00:00:00Z,0.000000
2026-07-01T01:00:00Z,0.000000
2026-07-01T02:00:00Z,0.000000
2026-07-01T03:00:00Z,0.000000
2026-07-01T04:00:00Z,0.000000
2026-07-01T05:00:00Z,0.000000
2026-07-01T06:00:00Z,1.192338
2026-07-01T07:00:00Z,7.358102
2026-07-01T08:00:00Z,8.852843
2026-07-01T09:00:00Z,7.619658
2026-07-01T10:00:00Z,7.310301
2026-07-01T11:00:00Z,10.959391
2026-07-01T12:00:00Z,12.715418
2026-07-01T13:00:00Z,9.219251
2026-07-01T14:00:00Z,6.498157
2026-07-01T15:00:00Z,6.360977
2026-07-01T16:00:00Z,1.742149
2026-07-01T17:00:00Z,0.000000
2026-07-01T18:00:00Z,0.000000
2026-07-01T19:00:00Z,0.000000
2026-07-01T20:00:00Z,0.000000
2026-07-01T21:00:00Z,0.000000
2026-07-01T22:00:00Z,0.000000
2026-07-01T23:00:00Z,0.000000
2026-07-02T00:00:00Z,0.000000
2026-07-02T01:00:00Z,0.000000
2026-07-02T02:00:00Z,0.000000
2026-07-02T03:00:00Z,0.000000
2026-07-02T04:00:00Z,0.000000
2026-07-02T05:00:00Z,0.000000
2026-07-02T06:00:00Z,0.000000
2026-07-02T07:00:00Z,0.000000
2026-07-02T08:00:00Z,0.000000
2026-07-02T09:00:00Z,0.000000
2026-07-02T10:00:00Z,0.987227
2026-07-02T11:00:00Z,2.115149
2026-07-02T12:00:00Z,1.650795
2026-07-02T13:00:00Z,5.064857
2026-07-02T14:00:00Z,4.440790
2026-07-02T15:00:00Z,1.120971
2026-07-02T16:00:00Z,0.000000
2026-07-02T17:00:00Z,0.000000
2026-07-02T18:00:00Z,0.000000
2026-07-02T19:00:00Z,0.000000
2026-07-02T20:00:00Z,0.000000
2026-07-02T21:00:00Z,0.000000
2026-07-02T22:00:00Z,0.000000
2026-07-02T23:00:00Z,0.000000
2026-07-03T00:00:00Z,0.000000
2026-07-03T01:00:00Z,0.000000
2026-07-03T02:00:00Z,0.000000
2026-07-03T03:00:00Z,0.000000
2026-07-03T04:00:00Z,0.000000
2026-07-03T05:00:00Z,0.000000
2026-07-03T06:00:00Z,0.000000
2026-07-03T07:00:00Z,0.000000
2026-07-03T08:00:00Z,0.000000
2026-07-03T09:00:00Z,0.000000
2026-07-03T10:00:00Z,1.135216
2026-07-03T11:00:00Z,0.549622
2026-07-03T12:00:00Z,1.625196
2026-07-03T13:00:00Z,1.690321
2026-07-03T14:00:00Z,4.007119
2026-07-03T15:00:00Z,2.685627
2026-07-03T16:00:00Z,0.000000
2026-07-03T17:00:00Z,0.000000
2026-07-03T18:00:00Z,0.000000
2026-07-03T19:00:00Z,0.000000
2026-07-03T20:00:00Z,0.000000
2026-07-03T21:00:00Z,0.000000
2026-07-03T22:00:00Z,0.000000
2026-07-03T23:00:00Z,0.000000
2026-07-04T00:00:00Z,0.000000
2026-07-04T01:00:00Z,0.000000
2026-07-04T02:00:00Z,0.000000
2026-07-04T03:00:00Z,0.000000
2026-07-04T04:00:00Z,0.000000
2026-07-04T05:00:00Z,0.000000
2026-07-04T06:00:00Z,1.830448
2026-07-04T07:00:00Z,6.211732
2026-07-04T08:00:00Z,8.867862
2026-07-04T09:00:00Z,12.003405
2026-07-04T10:00:00Z,11.095066
2026-07-04T11:00:00Z,7.255486
2026-07-04T12:00:00Z,11.761154
2026-07-04T13:00:00Z,14.011497
2026-07-04T14:00:00Z,3.924105
2026-07-04T15:00:00Z,0.000000
2026-07-04T16:00:00Z,0.000000
2026-07-04T17:00:00Z,0.000000
2026-07-04T18:00:00Z,0.000000
2026-07-04T19:00:00Z,0.000000
2026-07-04T20:00:00Z,0.000000
2026-07-04T21:00:00Z,0.000000
2026-07-04T22:00:00Z,0.000000
2026-07-04T23:00:00Z,0.000000
2026-07-05T00:00:00Z,0.000000
2026-07-05T01:00:00Z,0.000000
2026-07-05T02:00:00Z,0.000000
2026-07-05T03:00:00Z,0.000000
2026-07-05T04:00:00Z,0.000000
2026-07-05T05:00:00Z,0.000000
2026-07-05T06:00:00Z,0.877254
2026-07-05T07:00:00Z,2.010116
2026-07-05T08:00:00Z,8.629924
2026-07-05T09:00:00Z,11.393927
2026-07-05T10:00:00Z,12.766231
2026-07-05T11:00:00Z,15.407352
2026-07-05T12:00:00Z,15.014067
2026-07-05T13:00:00Z,13.589661
2026-07-05T14:00:00Z,9.375897
2026-07-05T15:00:00Z,4.841050
2026-07-05T16:00:00Z,1.580658
2026-07-05T17:00:00Z,0.000000
2026-07-05T18:00:00Z,0.000000
2026-07-05T19:00:00Z,0.000000
2026-07-05T20:00:00Z,0.000000
2026-07-05T21:00:00Z,0.000000
2026-07-05T22:00:00Z,0.000000
2026-07-05T23:00:00Z,0.000000
2026-07-06T00:00:00Z,0.000000
2026-07-06T01:00:00Z,0.000000
2026-07-06T02:00:00Z,0.000000
2026-07-06T03:00:00Z,0.000000
2026-07-06T04:00:00Z,0.000000
2026-07-06T05:00:00Z,0.000000
2026-07-06T06:00:00Z,0.000000
2026-07-06T07:00:00Z,0.000000
2026-07-06T08:00:00Z,0.000000
2026-07-06T09:00:00Z,0.000000
2026-07-06T10:00:00Z,0.000000
2026-07-06T11:00:00Z,0.000000
2026-07-06T12:00:00Z,0.000000
2026-07-06T13:00:00Z,0.000000
2026-07-06T14:00:00Z,0.000000
2026-07-06T15:00:00Z,0.000000
2026-07-06T16:00:00Z,0.000000
2026-07-06T17:00:00Z,0.000000
2026-07-06T18:00:00Z,0.000000
2026-07-06T19:00:00Z,0.000000
2026-07-06T20:00:00Z,0.000000
2026-07-06T21:00:00Z,0.000000
2026-07-06T22:00:00Z,0.000000
2026-07-06T23:00:00Z,0.000000
2026-07-07T00:00:00Z,0.000000
2026-07-07T01:00:00Z,0.000000
2026-07-07T02:00:00Z,0.000000
2026-07-07T03:00:00Z,0.000000
2026-07-07T04:00:00Z,0.000000
2026-07-07T05:00:00Z,0.000000
2026-07-07T06:00:00Z,0.000000
2026-07-07T07:00:00Z,0.194050
2026-07-07T08:00:00Z,2.394287
2026-07-07T09:00:00Z,2.390739
2026-07-07T10:00:00Z,1.998764
2026-07-07T11:00:00Z,4.404156
2026-07-07T12:00:00Z,9.464788
2026-07-07T13:00:00Z,10.113227
2026-07-07T14:00:00Z,6.935171
2026-07-07T15:00:00Z,3.438523
2026-07-07T16:00:00Z,1.356209
2026-07-07T17:00:00Z,0.000000
2026-07-07T18:00:00Z,0.000000
2026-07-07T19:00:00Z,0.000000
2026-07-07T20:00:00Z,0.000000
2026-07-07T21:00:00Z,0.000000
2026-07-07T22:00:00Z,0.000000
2026-07-07T23:00:00Z,0.000000
2026-07-08T00:00:00Z,0.000000
2026-07-08T01:00:00Z,0.000000
2026-07-08T02:00:00Z,0.000000
2026-07-08T03:00:00Z,0.000000
2026-07-08T04:00:00Z,0.000000
2026-07-08T05:00:00Z,0.000000
2026-07-08T06:00:00Z,0.760297
2026-07-08T07:00:00Z,4.859113
2026-07-08T08:00:00Z,7.436064
2026-07-08T09:00:00Z,12.976126
2026-07-08T10:00:00Z,15.446148
2026-07-08T11:00:00Z,16.811509
2026-07-08T12:00:00Z,15.991540
2026-07-08T13:00:00Z,13.838884
2026-07-08T14:00:00Z,10.617949
2026-07-08T15:00:00Z,6.341727
2026-07-08T16:00:00Z,1.235029
2026-07-08T17:00:00Z,0.000000
2026-07-08T18:00:00Z,0.000000
2026-07-08T19:00:00Z,0.000000
2026-07-08T20:00:00Z,0.000000
2026-07-08T21:00:00Z,0.000000
2026-07-08T22:00:00Z,0.000000
2026-07-08T23:00:00Z,0.000000
2026-07-09T00:00:00Z,0.000000
2026-07-09T01:00:00Z,0.000000
2026-07-09T02:00:00Z,0.000000
2026-07-09T03:00:00Z,0.000000
2026-07-09T04:00:00Z,0.000000
2026-07-09T05:00:00Z,0.000000
2026-07-09T06:00:00Z,1.633255
2026-07-09T07:00:00Z,6.064722
2026-07-09T08:00:00Z,10.149222
2026-07-09T09:00:00Z,13.534604
2026-07-09T10:00:00Z,15.624116
2026-07-09T11:00:00Z,16.361527
2026-07-09T12:00:00Z,15.708024
2026-07-09T13:00:00Z,13.660787
2026-07-09T14:00:00Z,10.459653
2026-07-09T15:00:00Z,6.399873
2026-07-09T16:00:00Z,2.043097
2026-07-09T17:00:00Z,0.000000
2026-07-09T18:00:00Z,0.000000
2026-07-09T19:00:00Z,0.000000
2026-07-09T20:00:00Z,0.000000
2026-07-09T21:00:00Z,0.000000
2026-07-09T22:00:00Z,0.000000
2026-07-09T23:00:00Z,0.000000
2026-07-10T00:00:00Z,0.000000
2026-07-10T01:00:00Z,0.000000
2026-07-10T02:00:00Z,0.000000
2026-07-10T03:00:00Z,0.000000
2026-07-10T04:00:00Z,0.000000
2026-07-10T05:00:00Z,0.000000
2026-07-10T06:00:00Z,0.840327
2026-07-10T07:00:00Z,7.011730
2026-07-10T08:00:00Z,10.211272
2026-07-10T09:00:00Z,13.596247
2026-07-10T10:00:00Z,15.802439
2026-07-10T11:00:00Z,16.880113
2026-07-10T12:00:00Z,15.967476
2026-07-10T13:00:00Z,14.311046
2026-07-10T14:00:00Z,11.270631
2026-07-10T15:00:00Z,7.050077
2026-07-10T16:00:00Z,2.520274
2026-07-10T17:00:00Z,0.000000
2026-07-10T18:00:00Z,0.000000
2026-07-10T19:00:00Z,0.000000
2026-07-10T20:00:00Z,0.000000
2026-07-10T21:00:00Z,0.000000
2026-07-10T22:00:00Z,0.000000
2026-07-10T23:00:00Z,0.000000
2026-07-11T00:00:00Z,0.000000
2026-07-11T01:00:00Z,0.000000
2026-07-11T02:00:00Z,0.000000
2026-07-11T03:00:00Z,0.000000
2026-07-11T04:00:00Z,0.000000
2026-07-11T05:00:00Z,0.000000
2026-07-11T06:00:00Z,1.745882
2026-07-11T07:00:00Z,6.434519
2026-07-11T08:00:00Z,10.435849
2026-07-11T09:00:00Z,13.633786
2026-07-11T10:00:00Z,15.764151
2026-07-11T11:00:00Z,15.671809
2026-07-11T12:00:00Z,15.761598
2026-07-11T13:00:00Z,13.542023
2026-07-11T14:00:00Z,9.480729
2026-07-11T15:00:00Z,5.824646
2026-07-11T16:00:00Z,2.287691
2026-07-11T17:00:00Z,0.000000
2026-07-11T18:00:00Z,0.000000
2026-07-11T19:00:00Z,0.000000
2026-07-11T20:00:00Z,0.000000
2026-07-11T21:00:00Z,0.000000
2026-07-11T22:00:00Z,0.000000
2026-07-11T23:00:00Z,0.000000
2026-07-12T00:00:00Z,0.000000
2026-07-12T01:00:00Z,0.000000
2026-07-12T02:00:00Z,0.000000
2026-07-12T03:00:00Z,0.000000
2026-07-12T04:00:00Z,0.000000
2026-07-12T05:00:00Z,0.000000
2026-07-12T06:00:00Z,2.061746
2026-07-12T07:00:00Z,5.272259
2026-07-12T08:00:00Z,10.947824
2026-07-12T09:00:00Z,13.873239
2026-07-12T10:00:00Z,15.999551
2026-07-12T11:00:00Z,16.679047
2026-07-12T12:00:00Z,16.278122
2026-07-12T13:00:00Z,12.854903
2026-07-12T14:00:00Z,6.134525
2026-07-12T15:00:00Z,5.985311
2026-07-12T16:00:00Z,2.292752
2026-07-12T17:00:00Z,0.000000
2026-07-12T18:00:00Z,0.000000
2026-07-12T19:00:00Z,0.000000
2026-07-12T20:00:00Z,0.000000
2026-07-12T21:00:00Z,0.000000
2026-07-12T22:00:00Z,0.000000
2026-07-12T23:00:00Z,0.000000
2026-07-13T00:00:00Z,0.000000
2026-07-13T01:00:00Z,0.000000
2026-07-13T02:00:00Z,0.000000
2026-07-13T03:00:00Z,0.000000
2026-07-13T04:00:00Z,0.000000
2026-07-13T05:00:00Z,0.000000
2026-07-13T06:00:00Z,0.000000
2026-07-13T07:00:00Z,0.191300
2026-07-13T08:00:00Z,2.242350
2026-07-13T09:00:00Z,8.183488
2026-07-13T10:00:00Z,8.565789
2026-07-13T11:00:00Z,5.708232
2026-07-13T12:00:00Z,4.811900
2026-07-13T13:00:00Z,5.462980
2026-07-13T14:00:00Z,7.460818
2026-07-13T15:00:00Z,2.628911
2026-07-13T16:00:00Z,1.830550
2026-07-13T17:00:00Z,0.000000
2026-07-13T18:00:00Z,0.000000
2026-07-13T19:00:00Z,0.000000
2026-07-13T20:00:00Z,0.000000
2026-07-13T21:00:00Z,0.000000
2026-07-13T22:00:00Z,0.000000
2026-07-13T23:00:00Z,0.000000
2026-07-14T00:00:00Z,0.000000
2026-07-14T01:00:00Z,0.000000
2026-07-14T02:00:00Z,0.000000
2026-07-14T03:00:00Z,0.000000
2026-07-14T04:00:00Z,0.000000
2026-07-14T05:00:00Z,0.000000
2026-07-14T06:00:00Z,2.258237
2026-07-14T07:00:00Z,6.710215
2026-07-14T08:00:00Z,10.834977
2026-07-14T09:00:00Z,12.744477
2026-07-14T10:00:00Z,12.390664
2026-07-14T11:00:00Z,7.292036
2026-07-14T12:00:00Z,7.026563
2026-07-14T13:00:00Z,11.663189
2026-07-14T14:00:00Z,10.986182
2026-07-14T15:00:00Z,7.026275
2026-07-14T16:00:00Z,2.539922
2026-07-14T17:00:00Z,0.000000
2026-07-14T18:00:00Z,0.000000
2026-07-14T19:00:00Z,0.000000
2026-07-14T20:00:00Z,0.000000
2026-07-14T21:00:00Z,0.000000
2026-07-14T22:00:00Z,0.000000
2026-07-14T23:00:00Z,0.000000
2026-07-15T00:00:00Z,0.000000
2026-07-15T01:00:00Z,0.000000
2026-07-15T02:00:00Z,0.000000
2026-07-15T03:00:00Z,0.000000
2026-07-15T04:00:00Z,0.000000
2026-07-15T05:00:00Z,0.000000
2026-07-15T06:00:00Z,2.198635
2026-07-15T07:00:00Z,6.710985
2026-07-15T08:00:00Z,10.854466
2026-07-15T09:00:00Z,14.064605
2026-07-15T10:00:00Z,16.219757
2026-07-15T11:00:00Z,16.574193
2026-07-15T12:00:00Z,16.489723
2026-07-15T13:00:00Z,14.458261
2026-07-15T14:00:00Z,11.133691
2026-07-15T15:00:00Z,7.383932
2026-07-15T16:00:00Z,2.248634
2026-07-15T17:00:00Z,0.000000
2026-07-15T18:00:00Z,0.000000
2026-07-15T19:00:00Z,0.000000
2026-07-15T20:00:00Z,0.000000
2026-07-15T21:00:00Z,0.000000
2026-07-15T22:00:00Z,0.000000
2026-07-15T23:00:00Z,0.000000
2026-07-16T00:00:00Z,0.000000
2026-07-16T01:00:00Z,0.000000
2026-07-16T02:00:00Z,0.000000
2026-07-16T03:00:00Z,0.000000
2026-07-16T04:00:00Z,0.000000
2026-07-16T05:00:00Z,0.000000
2026-07-16T06:00:00Z,0.295491
2026-07-16T07:00:00Z,1.891734
2026-07-16T08:00:00Z,7.555422
2026-07-16T09:00:00Z,11.700628
2026-07-16T10:00:00Z,15.799475
2026-07-16T11:00:00Z,16.763346
2026-07-16T12:00:00Z,16.095024
2026-07-16T13:00:00Z,14.147283
2026-07-16T14:00:00Z,10.864218
2026-07-16T15:00:00Z,7.520201
2026-07-16T16:00:00Z,2.040571
2026-07-16T17:00:00Z,0.000000
2026-07-16T18:00:00Z,0.000000
2026-07-16T19:00:00Z,0.000000
2026-07-16T20:00:00Z,0.000000
2026-07-16T21:00:00Z,0.000000
2026-07-16T22:00:00Z,0.000000
2026-07-16T23:00:00Z,0.000000
2026-07-17T00:00:00Z,0.000000
2026-07-17T01:00:00Z,0.000000
2026-07-17T02:00:00Z,0.000000
2026-07-17T03:00:00Z,0.000000
2026-07-17T04:00:00Z,0.000000
2026-07-17T05:00:00Z,0.000000
2026-07-17T06:00:00Z,1.423289
2026-07-17T07:00:00Z,0.000000
2026-07-17T08:00:00Z,2.330233
2026-07-17T09:00:00Z,4.108108
2026-07-17T10:00:00Z,7.986098
2026-07-17T11:00:00Z,11.648341
2026-07-17T12:00:00Z,7.972762
2026-07-17T13:00:00Z,10.619905
2026-07-17T14:00:00Z,11.141777
2026-07-17T15:00:00Z,6.998352
2026-07-17T16:00:00Z,2.294595
2026-07-17T17:00:00Z,0.000000
2026-07-17T18:00:00Z,0.000000
2026-07-17T19:00:00Z,0.000000
2026-07-17T20:00:00Z,0.000000
2026-07-17T21:00:00Z,0.000000
2026-07-17T22:00:00Z,0.000000
2026-07-17T23:00:00Z,0.000000
2026-07-18T00:00:00Z,0.000000
2026-07-18T01:00:00Z,0.000000
2026-07-18T02:00:00Z,0.000000
2026-07-18T03:00:00Z,0.000000
2026-07-18T04:00:00Z,0.000000
2026-07-18T05:00:00Z,0.000000
2026-07-18T06:00:00Z,0.000000
2026-07-18T07:00:00Z,0.336200
2026-07-18T08:00:00Z,6.180060
2026-07-18T09:00:00Z,8.661555
2026-07-18T10:00:00Z,7.786248
2026-07-18T11:00:00Z,1.771467
2026-07-18T12:00:00Z,5.121490
2026-07-18T13:00:00Z,3.437190
2026-07-18T14:00:00Z,2.744372
2026-07-18T15:00:00Z,0.615161
2026-07-18T16:00:00Z,0.000000
2026-07-18T17:00:00Z,0.000000
2026-07-18T18:00:00Z,0.000000
2026-07-18T19:00:00Z,0.000000
2026-07-18T20:00:00Z,0.000000
2026-07-18T21:00:00Z,0.000000
2026-07-18T22:00:00Z,0.000000
2026-07-18T23:00:00Z,0.000000
2026-07-19T00:00:00Z,0.000000
2026-07-19T01:00:00Z,0.000000
2026-07-19T02:00:00Z,0.000000
2026-07-19T03:00:00Z,0.000000
2026-07-19T04:00:00Z,0.000000
2026-07-19T05:00:00Z,0.000000
2026-07-19T06:00:00Z,0.000000
2026-07-19T07:00:00Z,1.457485
2026-07-19T08:00:00Z,0.334093
2026-07-19T09:00:00Z,0.524251
2026-07-19T10:00:00Z,1.339281
2026-07-19T11:00:00Z,0.359615
2026-07-19T12:00:00Z,1.564290
2026-07-19T13:00:00Z,0.144233
2026-07-19T14:00:00Z,0.000000
2026-07-19T15:00:00Z,0.000000
2026-07-19T16:00:00Z,0.000000
2026-07-19T17:00:00Z,0.000000
2026-07-19T18:00:00Z,0.000000
2026-07-19T19:00:00Z,0.000000
2026-07-19T20:00:00Z,0.000000
2026-07-19T21:00:00Z,0.000000
2026-07-19T22:00:00Z,0.000000
2026-07-19T23:00:00Z,0.000000
2026-07-20T00:00:00Z,0.000000
2026-07-20T01:00:00Z,0.000000
2026-07-20T02:00:00Z,0.000000
2026-07-20T03:00:00Z,0.000000
2026-07-20T04:00:00Z,0.000000
2026-07-20T05:00:00Z,0.000000
2026-07-20T06:00:00Z,0.618409
2026-07-20T07:00:00Z,4.348125
2026-07-20T08:00:00Z,10.528584
2026-07-20T09:00:00Z,13.249283
2026-07-20T10:00:00Z,16.499210
2026-07-20T11:00:00Z,11.583466
2026-07-20T12:00:00Z,6.769319
2026-07-20T13:00:00Z,12.138434
2026-07-20T14:00:00Z,10.254558
2026-07-20T15:00:00Z,6.659121
2026-07-20T16:00:00Z,2.215124
2026-07-20T17:00:00Z,0.000000
2026-07-20T18:00:00Z,0.000000
2026-07-20T19:00:00Z,0.000000
2026-07-20T20:00:00Z,0.000000
2026-07-20T21:00:00Z,0.000000
2026-07-20T22:00:00Z,0.000000
2026-07-20T23:00:00Z,0.000000
2026-07-21T00:00:00Z,0.000000
2026-07-21T01:00:00Z,0.000000
2026-07-21T02:00:00Z,0.000000
2026-07-21T03:00:00Z,0.000000
2026-07-21T04:00:00Z,0.000000
2026-07-21T05:00:00Z,0.000000
2026-07-21T06:00:00Z,1.740555
2026-07-21T07:00:00Z,5.638913
2026-07-21T08:00:00Z,10.357721
2026-07-21T09:00:00Z,13.647204
2026-07-21T10:00:00Z,15.490575
2026-07-21T11:00:00Z,15.997236
2026-07-21T12:00:00Z,15.455818
2026-07-21T13:00:00Z,13.579269
2026-07-21T14:00:00Z,10.292740
2026-07-21T15:00:00Z,6.250262
2026-07-21T16:00:00Z,1.907540
2026-07-21T17:00:00Z,0.000000
2026-07-21T18:00:00Z,0.000000
2026-07-21T19:00:00Z,0.000000
2026-07-21T20:00:00Z,0.000000
2026-07-21T21:00:00Z,0.000000
2026-07-21T22:00:00Z,0.000000
2026-07-21T23:00:00Z,0.000000
2026-07-22T00:00:00Z,0.000000
2026-07-22T01:00:00Z,0.000000
2026-07-22T02:00:00Z,0.000000
2026-07-22T03:00:00Z,0.000000
2026-07-22T04:00:00Z,0.000000
2026-07-22T05:00:00Z,0.000000
2026-07-22T06:00:00Z,0.000000
2026-07-22T07:00:00Z,0.640192
2026-07-22T08:00:00Z,3.959005
2026-07-22T09:00:00Z,7.529519
2026-07-22T10:00:00Z,0.990625
2026-07-22T11:00:00Z,0.721194
2026-07-22T12:00:00Z,0.916041
2026-07-22T13:00:00Z,8.491460
2026-07-22T14:00:00Z,9.296965
2026-07-22T15:00:00Z,6.162447
2026-07-22T16:00:00Z,1.896534
2026-07-22T17:00:00Z,0.000000
2026-07-22T18:00:00Z,0.000000
2026-07-22T19:00:00Z,0.000000
2026-07-22T20:00:00Z,0.000000
2026-07-22T21:00:00Z,0.000000
2026-07-22T22:00:00Z,0.000000
2026-07-22T23:00:00Z,0.000000
2026-07-23T00:00:00Z,0.000000
2026-07-23T01:00:00Z,0.000000
2026-07-23T02:00:00Z,0.000000
2026-07-23T03:00:00Z,0.000000
2026-07-23T04:00:00Z,0.000000
2026-07-23T05:00:00Z,0.000000
2026-07-23T06:00:00Z,1.584926
2026-07-23T07:00:00Z,5.761356
2026-07-23T08:00:00Z,9.978899
2026-07-23T09:00:00Z,13.522140
2026-07-23T10:00:00Z,15.712400
2026-07-23T11:00:00Z,16.445624
2026-07-23T12:00:00Z,15.808510
2026-07-23T13:00:00Z,13.766912
2026-07-23T14:00:00Z,10.458192
2026-07-23T15:00:00Z,5.841291
2026-07-23T16:00:00Z,2.004361
2026-07-23T17:00:00Z,0.000000
2026-07-23T18:00:00Z,0.000000
2026-07-23T19:00:00Z,0.000000
2026-07-23T20:00:00Z,0.000000
2026-07-23T21:00:00Z,0.000000
2026-07-23T22:00:00Z,0.000000
2026-07-23T23:00:00Z,0.000000
2026-07-24T00:00:00Z,0.000000
2026-07-24T01:00:00Z,0.000000
2026-07-24T02:00:00Z,0.000000
2026-07-24T03:00:00Z,0.000000
2026-07-24T04:00:00Z,0.000000
2026-07-24T05:00:00Z,0.000000
2026-07-24T06:00:00Z,0.000000
2026-07-24T07:00:00Z,0.965931
2026-07-24T08:00:00Z,0.000000
2026-07-24T09:00:00Z,1.435918
2026-07-24T10:00:00Z,1.977569
2026-07-24T11:00:00Z,6.072172
2026-07-24T12:00:00Z,9.451866
2026-07-24T13:00:00Z,4.348119
2026-07-24T14:00:00Z,4.885532
2026-07-24T15:00:00Z,0.898230
2026-07-24T16:00:00Z,0.000000
2026-07-24T17:00:00Z,0.000000
2026-07-24T18:00:00Z,0.000000
2026-07-24T19:00:00Z,0.000000
2026-07-24T20:00:00Z,0.000000
2026-07-24T21:00:00Z,0.000000
2026-07-24T22:00:00Z,0.000000
2026-07-24T23:00:00Z,0.000000
2026-07-25T00:00:00Z,0.000000
2026-07-25T01:00:00Z,0.000000
2026-07-25T02:00:00Z,0.000000
2026-07-25T03:00:00Z,0.000000
2026-07-25T04:00:00Z,0.000000
2026-07-25T05:00:00Z,0.000000
2026-07-25T06:00:00Z,0.000000
2026-07-25T07:00:00Z,0.000000
2026-07-25T08:00:00Z,0.000000
2026-07-25T09:00:00Z,0.000000
2026-07-25T10:00:00Z,0.000000
2026-07-25T11:00:00Z,1.124444
2026-07-25T12:00:00Z,2.752135
2026-07-25T13:00:00Z,0.551572
2026-07-25T14:00:00Z,0.212473
2026-07-25T15:00:00Z,0.000000
2026-07-25T16:00:00Z,0.000000
2026-07-25T17:00:00Z,0.000000
2026-07-25T18:00:00Z,0.000000
2026-07-25T19:00:00Z,0.000000
2026-07-25T20:00:00Z,0.000000
2026-07-25T21:00:00Z,0.000000
2026-07-25T22:00:00Z,0.000000
2026-07-25T23:00:00Z,0.000000
2026-07-26T00:00:00Z,0.000000
2026-07-26T01:00:00Z,0.000000
2026-07-26T02:00:00Z,0.000000
2026-07-26T03:00:00Z,0.000000
2026-07-26T04:00:00Z,0.000000
2026-07-26T05:00:00Z,0.000000
2026-07-26T06:00:00Z,1.519619
2026-07-26T07:00:00Z,5.462110
2026-07-26T08:00:00Z,7.576704
2026-07-26T09:00:00Z,3.548704
2026-07-26T10:00:00Z,2.105449
2026-07-26T11:00:00Z,2.646573
2026-07-26T12:00:00Z,0.595891
2026-07-26T13:00:00Z,0.079808
2026-07-26T14:00:00Z,0.000000
2026-07-26T15:00:00Z,0.000000
2026-07-26T16:00:00Z,0.000000
2026-07-26T17:00:00Z,0.000000
2026-07-26T18:00:00Z,0.000000
2026-07-26T19:00:00Z,0.000000
2026-07-26T20:00:00Z,0.000000
2026-07-26T21:00:00Z,0.000000
2026-07-26T22:00:00Z,0.000000
2026-07-26T23:00:00Z,0.000000
2026-07-27T00:00:00Z,0.000000
2026-07-27T01:00:00Z,0.000000
2026-07-27T02:00:00Z,0.000000
2026-07-27T03:00:00Z,0.000000
2026-07-27T04:00:00Z,0.000000
2026-07-27T05:00:00Z,0.000000
2026-07-27T06:00:00Z,1.504325
2026-07-27T07:00:00Z,1.088556
2026-07-27T08:00:00Z,2.542504
2026-07-27T09:00:00Z,4.514786
2026-07-27T10:00:00Z,6.161555
2026-07-27T11:00:00Z,8.439992
2026-07-27T12:00:00Z,6.128462
2026-07-27T13:00:00Z,2.011839
2026-07-27T14:00:00Z,2.712469
2026-07-27T15:00:00Z,0.774851
2026-07-27T16:00:00Z,0.000000
2026-07-27T17:00:00Z,0.000000
2026-07-27T18:00:00Z,0.000000
2026-07-27T19:00:00Z,0.000000
2026-07-27T20:00:00Z,0.000000
2026-07-27T21:00:00Z,0.000000
2026-07-27T22:00:00Z,0.000000
2026-07-27T23:00:00Z,0.000000
2026-07-28T00:00:00Z,0.000000
2026-07-28T01:00:00Z,0.000000
2026-07-28T02:00:00Z,0.000000
2026-07-28T03:00:00Z,0.000000
2026-07-28T04:00:00Z,0.000000
2026-07-28T05:00:00Z,0.000000
2026-07-28T06:00:00Z,1.128798
2026-07-28T07:00:00Z,3.263089
2026-07-28T08:00:00Z,3.550827
2026-07-28T09:00:00Z,8.772607
2026-07-28T10:00:00Z,12.115445
2026-07-28T11:00:00Z,7.822811
2026-07-28T12:00:00Z,6.622512
2026-07-28T13:00:00Z,1.966643
2026-07-28T14:00:00Z,1.221052
2026-07-28T15:00:00Z,0.000000
2026-07-28T16:00:00Z,0.000000
2026-07-28T17:00:00Z,0.000000
2026-07-28T18:00:00Z,0.000000
2026-07-28T19:00:00Z,0.000000
2026-07-28T20:00:00Z,0.000000
2026-07-28T21:00:00Z,0.000000
2026-07-28T22:00:00Z,0.000000
2026-07-28T23:00:00Z,0.000000
2026-07-29T00:00:00Z,0.000000
2026-07-29T01:00:00Z,0.000000
2026-07-29T02:00:00Z,0.000000
2026-07-29T03:00:00Z,0.000000
2026-07-29T04:00:00Z,0.000000
2026-07-29T05:00:00Z,0.000000
2026-07-29T06:00:00Z,0.000000
2026-07-29T07:00:00Z,0.692161
2026-07-29T08:00:00Z,2.557837
2026-07-29T09:00:00Z,8.986531
2026-07-29T10:00:00Z,7.743934
2026-07-29T11:00:00Z,8.364514
2026-07-29T12:00:00Z,11.800043
2026-07-29T13:00:00Z,12.689238
2026-07-29T14:00:00Z,4.281619
2026-07-29T15:00:00Z,6.044691
2026-07-29T16:00:00Z,1.770626
2026-07-29T17:00:00Z,0.000000
2026-07-29T18:00:00Z,0.000000
2026-07-29T19:00:00Z,0.000000
2026-07-29T20:00:00Z,0.000000
2026-07-29T21:00:00Z,0.000000
2026-07-29T22:00:00Z,0.000000
2026-07-29T23:00:00Z,0.000000
2026-07-30T00:00:00Z,0.000000
2026-07-30T01:00:00Z,0.000000
2026-07-30T02:00:00Z,0.000000
2026-07-30T03:00:00Z,0.000000
2026-07-30T04:00:00Z,0.000000
2026-07-30T05:00:00Z,0.000000
2026-07-30T06:00:00Z,1.990242
2026-07-30T07:00:00Z,6.262998
2026-07-30T08:00:00Z,10.265611
2026-07-30T09:00:00Z,12.961412
2026-07-30T10:00:00Z,15.729592
2026-07-30T11:00:00Z,16.670969
2026-07-30T12:00:00Z,16.181253
2026-07-30T13:00:00Z,13.507154
2026-07-30T14:00:00Z,9.180501
2026-07-30T15:00:00Z,3.809510
2026-07-30T16:00:00Z,0.308389
2026-07-30T17:00:00Z,0.000000
2026-07-30T18:00:00Z,0.000000
2026-07-30T19:00:00Z,0.000000
2026-07-30T20:00:00Z,0.000000
2026-07-30T21:00:00Z,0.000000
2026-07-30T22:00:00Z,0.000000
2026-07-30T23:00:00Z,0.000000
2026-07-31T00:00:00Z,0.000000
2026-07-31T01:00:00Z,0.000000
2026-07-31T02:00:00Z,0.000000
2026-07-31T03:00:00Z,0.000000
2026-07-31T04:00:00Z,0.000000
2026-07-31T05:00:00Z,0.000000
2026-07-31T06:00:00Z,1.025330
2026-07-31T07:00:00Z,1.249522
2026-07-31T08:00:00Z,0.440404
2026-07-31T09:00:00Z,0.000000
2026-07-31T10:00:00Z,0.000000
2026-07-31T11:00:00Z,7.070744
2026-07-31T12:00:00Z,7.397217
2026-07-31T13:00:00Z,3.083725
2026-07-31T14:00:00Z,1.386396
2026-07-31T15:00:00Z,0.415134
2026-07-31T16:00:00Z,0.915627
2026-07-31T17:00:00Z,0.000000
2026-07-31T18:00:00Z,0.000000
2026-07-31T19:00:00Z,0.000000
2026-07-31T20:00:00Z,0.000000
2026-07-31T21:00:00Z,0.000000
2026-07-31T22:00:00Z,0.000000
2026-07-31T23:00:00Z,0.000000
2026-08-01T00:00:00Z,0.000000
2026-08-01T01:00:00Z,0.000000
2026-08-01T02:00:00Z,0.000000
2026-08-01T03:00:00Z,0.000000
2026-08-01T04:00:00Z,0.000000
2026-08-01T05:00:00Z,0.000000
2026-08-01T06:00:00Z,1.381086
2026-08-01T07:00:00Z,4.014021
2026-08-01T08:00:00Z,6.515421
2026-08-01T09:00:00Z,10.213473
2026-08-01T10:00:00Z,5.943635
2026-08-01T11:00:00Z,2.027730
2026-08-01T12:00:00Z,9.935147
2026-08-01T13:00:00Z,0.446871
2026-08-01T14:00:00Z,0.520535
2026-08-01T15:00:00Z,0.000000
2026-08-01T16:00:00Z,1.545678
2026-08-01T17:00:00Z,0.000000
2026-08-01T18:00:00Z,0.000000
2026-08-01T19:00:00Z,0.000000
2026-08-01T20:00:00Z,0.000000
2026-08-01T21:00:00Z,0.000000
2026-08-01T22:00:00Z,0.000000
2026-08-01T23:00:00Z,0.000000
2026-08-02T00:00:00Z,0.000000
2026-08-02T01:00:00Z,0.000000
2026-08-02T02:00:00Z,0.000000
2026-08-02T03:00:00Z,0.000000
2026-08-02T04:00:00Z,0.000000
2026-08-02T05:00:00Z,0.000000
2026-08-02T06:00:00Z,0.000000
2026-08-02T07:00:00Z,4.101683
2026-08-02T08:00:00Z,6.156287
2026-08-02T09:00:00Z,7.128979
2026-08-02T10:00:00Z,10.171296
2026-08-02T11:00:00Z,5.850064
2026-08-02T12:00:00Z,6.055702
2026-08-02T13:00:00Z,7.066393
2026-08-02T14:00:00Z,7.333439
2026-08-02T15:00:00Z,4.569158
2026-08-02T16:00:00Z,0.971040
2026-08-02T17:00:00Z,0.000000
2026-08-02T18:00:00Z,0.000000
2026-08-02T19:00:00Z,0.000000
2026-08-02T20:00:00Z,0.000000
2026-08-02T21:00:00Z,0.000000
2026-08-02T22:00:00Z,0.000000
2026-08-02T23:00:00Z,0.000000
2026-08-03T00:00:00Z,0.000000
2026-08-03T01:00:00Z,0.000000
2026-08-03T02:00:00Z,0.000000
2026-08-03T03:00:00Z,0.000000
2026-08-03T04:00:00Z,0.000000
2026-08-03T05:00:00Z,0.000000
2026-08-03T06:00:00Z,0.000000
2026-08-03T07:00:00Z,4.439935
2026-08-03T08:00:00Z,8.775576
2026-08-03T09:00:00Z,10.951634
2026-08-03T10:00:00Z,15.547204
2026-08-03T11:00:00Z,15.403455
2026-08-03T12:00:00Z,11.218284
2026-08-03T13:00:00Z,4.425615
2026-08-03T14:00:00Z,5.987320
2026-08-03T15:00:00Z,5.059251
2026-08-03T16:00:00Z,1.626488
2026-08-03T17:00:00Z,0.000000
2026-08-03T18:00:00Z,0.000000
2026-08-03T19:00:00Z,0.000000
2026-08-03T20:00:00Z,0.000000
2026-08-03T21:00:00Z,0.000000
2026-08-03T22:00:00Z,0.000000
2026-08-03T23:00:00Z,0.000000
2026-08-04T00:00:00Z,0.000000
2026-08-04T01:00:00Z,0.000000
2026-08-04T02:00:00Z,0.000000
2026-08-04T03:00:00Z,0.000000
2026-08-04T04:00:00Z,0.000000
2026-08-04T05:00:00Z,0.000000
2026-08-04T06:00:00Z,0.168025
2026-08-04T07:00:00Z,4.220221
2026-08-04T08:00:00Z,6.670384
2026-08-04T09:00:00Z,3.756765
2026-08-04T10:00:00Z,0.092365
2026-08-04T11:00:00Z,10.583983
2026-08-04T12:00:00Z,15.065372
2026-08-04T13:00:00Z,13.393469
2026-08-04T14:00:00Z,8.329299
2026-08-04T15:00:00Z,4.265034
2026-08-04T16:00:00Z,0.596949
2026-08-04T17:00:00Z,0.000000
2026-08-04T18:00:00Z,0.000000
2026-08-04T19:00:00Z,0.000000
2026-08-04T20:00:00Z,0.000000
2026-08-04T21:00:00Z,0.000000
2026-08-04T22:00:00Z,0.000000
2026-08-04T23:00:00Z,0.000000
2026-08-05T00:00:00Z,0.000000
2026-08-05T01:00:00Z,0.000000
2026-08-05T02:00:00Z,0.000000
2026-08-05T03:00:00Z,0.000000
2026-08-05T04:00:00Z,0.000000
2026-08-05T05:00:00Z,0.000000
2026-08-05T06:00:00Z,0.000000
2026-08-05T07:00:00Z,0.362083
2026-08-05T08:00:00Z,6.468970
2026-08-05T09:00:00Z,9.872099
2026-08-05T10:00:00Z,3.250269
2026-08-05T11:00:00Z,5.724277
2026-08-05T12:00:00Z,6.766696
2026-08-05T13:00:00Z,3.528091
2026-08-05T14:00:00Z,3.742999
2026-08-05T15:00:00Z,3.673265
2026-08-05T16:00:00Z,0.000000
2026-08-05T17:00:00Z,0.000000
2026-08-05T18:00:00Z,0.000000
2026-08-05T19:00:00Z,0.000000
2026-08-05T20:00:00Z,0.000000
2026-08-05T21:00:00Z,0.000000
2026-08-05T22:00:00Z,0.000000
2026-08-05T23:00:00Z,0.000000
2026-08-06T00:00:00Z,0.000000
2026-08-06T01:00:00Z,0.000000
2026-08-06T02:00:00Z,0.000000
2026-08-06T03:00:00Z,0.000000
2026-08-06T04:00:00Z,0.000000
2026-08-06T05:00:00Z,0.000000
2026-08-06T06:00:00Z,0.647877
2026-08-06T07:00:00Z,2.292238
2026-08-06T08:00:00Z,1.257205
2026-08-06T09:00:00Z,2.442410
2026-08-06T10:00:00Z,2.456085
2026-08-06T11:00:00Z,3.143148
2026-08-06T12:00:00Z,3.451765
2026-08-06T13:00:00Z,3.852773
2026-08-06T14:00:00Z,0.153757
2026-08-06T15:00:00Z,0.000000
2026-08-06T16:00:00Z,0.000000
2026-08-06T17:00:00Z,0.000000
2026-08-06T18:00:00Z,0.000000
2026-08-06T19:00:00Z,0.000000
2026-08-06T20:00:00Z,0.000000
2026-08-06T21:00:00Z,0.000000
2026-08-06T22:00:00Z,0.000000
2026-08-06T23:00:00Z,0.000000
2026-08-07T00:00:00Z,0.000000
2026-08-07T01:00:00Z,0.000000
2026-08-07T02:00:00Z,0.000000
2026-08-07T03:00:00Z,0.000000
2026-08-07T04:00:00Z,0.000000
2026-08-07T05:00:00Z,0.000000
2026-08-07T06:00:00Z,0.000000
2026-08-07T07:00:00Z,0.000000
2026-08-07T08:00:00Z,0.007618
2026-08-07T09:00:00Z,0.078582
2026-08-07T10:00:00Z,3.482166
2026-08-07T11:00:00Z,3.010308
2026-08-07T12:00:00Z,6.561196
2026-08-07T13:00:00Z,9.654703
2026-08-07T14:00:00Z,2.457427
2026-08-07T15:00:00Z,4.366525
2026-08-07T16:00:00Z,0.727963
2026-08-07T17:00:00Z,0.000000
2026-08-07T18:00:00Z,0.000000
2026-08-07T19:00:00Z,0.000000
2026-08-07T20:00:00Z,0.000000
2026-08-07T21:00:00Z,0.000000
2026-08-07T22:00:00Z,0.000000
2026-08-07T23:00:00Z,0.000000
2026-08-08T00:00:00Z,0.000000
2026-08-08T01:00:00Z,0.000000
2026-08-08T02:00:00Z,0.000000
2026-08-08T03:00:00Z,0.000000
2026-08-08T04:00:00Z,0.000000
2026-08-08T05:00:00Z,0.000000
2026-08-08T06:00:00Z,0.823625
2026-08-08T07:00:00Z,5.563102
2026-08-08T08:00:00Z,6.503361
2026-08-08T09:00:00Z,6.900865
2026-08-08T10:00:00Z,5.529735
2026-08-08T11:00:00Z,2.204402
2026-08-08T12:00:00Z,5.546002
2026-08-08T13:00:00Z,3.879724
2026-08-08T14:00:00Z,1.580021
2026-08-08T15:00:00Z,1.686141
2026-08-08T16:00:00Z,1.138918
2026-08-08T17:00:00Z,0.000000
2026-08-08T18:00:00Z,0.000000
2026-08-08T19:00:00Z,0.000000
2026-08-08T20:00:00Z,0.000000
2026-08-08T21:00:00Z,0.000000
2026-08-08T22:00:00Z,0.000000
2026-08-08T23:00:00Z,0.000000
2026-08-09T00:00:00Z,0.000000
2026-08-09T01:00:00Z,0.000000
2026-08-09T02:00:00Z,0.000000
2026-08-09T03:00:00Z,0.000000
2026-08-09T04:00:00Z,0.000000
2026-08-09T05:00:00Z,0.000000
2026-08-09T06:00:00Z,1.151523
2026-08-09T07:00:00Z,4.520766
2026-08-09T08:00:00Z,10.006317
2026-08-09T09:00:00Z,10.230697
2026-08-09T10:00:00Z,15.655364
2026-08-09T11:00:00Z,15.400108
2026-08-09T12:00:00Z,12.939730
2026-08-09T13:00:00Z,12.423164
2026-08-09T14:00:00Z,9.270768
2026-08-09T15:00:00Z,3.495568
2026-08-09T16:00:00Z,1.165021
2026-08-09T17:00:00Z,0.000000
2026-08-09T18:00:00Z,0.000000
2026-08-09T19:00:00Z,0.000000
2026-08-09T20:00:00Z,0.000000
2026-08-09T21:00:00Z,0.000000
2026-08-09T22:00:00Z,0.000000
2026-08-09T23:00:00Z,0.000000
2026-08-10T00:00:00Z,0.000000
2026-08-10T01:00:00Z,0.000000
2026-08-10T02:00:00Z,0.000000
2026-08-10T03:00:00Z,0.000000
2026-08-10T04:00:00Z,0.000000
2026-08-10T05:00:00Z,0.000000
2026-08-10T06:00:00Z,0.000000
2026-08-10T07:00:00Z,4.630944
2026-08-10T08:00:00Z,2.608527
2026-08-10T09:00:00Z,12.852873
2026-08-10T10:00:00Z,7.819753
2026-08-10T11:00:00Z,9.515786
2026-08-10T12:00:00Z,6.793226
2026-08-10T13:00:00Z,4.948346
2026-08-10T14:00:00Z,5.997182
2026-08-10T15:00:00Z,2.149279
2026-08-10T16:00:00Z,0.000000
2026-08-10T17:00:00Z,0.000000
2026-08-10T18:00:00Z,0.000000
2026-08-10T19:00:00Z,0.000000
2026-08-10T20:00:00Z,0.000000
2026-08-10T21:00:00Z,0.000000
2026-08-10T22:00:00Z,0.000000
2026-08-10T23:00:00Z,0.000000
2026-08-11T00:00:00Z,0.000000
2026-08-11T01:00:00Z,0.000000
2026-08-11T02:00:00Z,0.000000
2026-08-11T03:00:00Z,0.000000
2026-08-11T04:00:00Z,0.000000
2026-08-11T05:00:00Z,0.000000
2026-08-11T06:00:00Z,1.026042
2026-08-11T07:00:00Z,1.531045
2026-08-11T08:00:00Z,7.392064
2026-08-11T09:00:00Z,11.069229
2026-08-11T10:00:00Z,7.495124
2026-08-11T11:00:00Z,8.567435
2026-08-11T12:00:00Z,2.529413
2026-08-11T13:00:00Z,4.014191
2026-08-11T14:00:00Z,5.877552
2026-08-11T15:00:00Z,0.238937
2026-08-11T16:00:00Z,0.000000
2026-08-11T17:00:00Z,0.000000
2026-08-11T18:00:00Z,0.000000
2026-08-11T19:00:00Z,0.000000
2026-08-11T20:00:00Z,0.000000
2026-08-11T21:00:00Z,0.000000
2026-08-11T22:00:00Z,0.000000
2026-08-11T23:00:00Z,0.000000
2026-08-12T00:00:00Z,0.000000
2026-08-12T01:00:00Z,0.000000
2026-08-12T02:00:00Z,0.000000
2026-08-12T03:00:00Z,0.000000
2026-08-12T04:00:00Z,0.000000
2026-08-12T05:00:00Z,0.000000
2026-08-12T06:00:00Z,0.441087
2026-08-12T07:00:00Z,4.261214
2026-08-12T08:00:00Z,9.706511
2026-08-12T09:00:00Z,12.898787
2026-08-12T10:00:00Z,15.189864
2026-08-12T11:00:00Z,15.497748
2026-08-12T12:00:00Z,12.938643
2026-08-12T13:00:00Z,7.786086
2026-08-12T14:00:00Z,8.844641
2026-08-12T15:00:00Z,3.844193
2026-08-12T16:00:00Z,0.480790
2026-08-12T17:00:00Z,0.000000
2026-08-12T18:00:00Z,0.000000
2026-08-12T19:00:00Z,0.000000
2026-08-12T20:00:00Z,0.000000
2026-08-12T21:00:00Z,0.000000
2026-08-12T22:00:00Z,0.000000
2026-08-12T23:00:00Z,0.000000
2026-08-13T00:00:00Z,0.000000
2026-08-13T01:00:00Z,0.000000
2026-08-13T02:00:00Z,0.000000
2026-08-13T03:00:00Z,0.000000
2026-08-13T04:00:00Z,0.000000
2026-08-13T05:00:00Z,0.000000
2026-08-13T06:00:00Z,0.726273
2026-08-13T07:00:00Z,4.676611
2026-08-13T08:00:00Z,7.530535
2026-08-13T09:00:00Z,12.437870
2026-08-13T10:00:00Z,15.696501
2026-08-13T11:00:00Z,14.735198
2026-08-13T12:00:00Z,13.486802
2026-08-13T13:00:00Z,12.300450
2026-08-13T14:00:00Z,8.841869
2026-08-13T15:00:00Z,5.772387
2026-08-13T16:00:00Z,1.737907
2026-08-13T17:00:00Z,0.000000
2026-08-13T18:00:00Z,0.000000
2026-08-13T19:00:00Z,0.000000
2026-08-13T20:00:00Z,0.000000
2026-08-13T21:00:00Z,0.000000
2026-08-13T22:00:00Z,0.000000
2026-08-13T23:00:00Z,0.000000
2026-08-14T00:00:00Z,0.000000
2026-08-14T01:00:00Z,0.000000
2026-08-14T02:00:00Z,0.000000
2026-08-14T03:00:00Z,0.000000
2026-08-14T04:00:00Z,0.000000
2026-08-14T05:00:00Z,0.000000
2026-08-14T06:00:00Z,0.865456
2026-08-14T07:00:00Z,1.969651
2026-08-14T08:00:00Z,9.051619
2026-08-14T09:00:00Z,13.726743
2026-08-14T10:00:00Z,15.716538
2026-08-14T11:00:00Z,15.884493
2026-08-14T12:00:00Z,15.143624
2026-08-14T13:00:00Z,13.000936
2026-08-14T14:00:00Z,9.902287
2026-08-14T15:00:00Z,3.821618
2026-08-14T16:00:00Z,1.607906
2026-08-14T17:00:00Z,0.000000
2026-08-14T18:00:00Z,0.000000
2026-08-14T19:00:00Z,0.000000
2026-08-14T20:00:00Z,0.000000
2026-08-14T21:00:00Z,0.000000
2026-08-14T22:00:00Z,0.000000
2026-08-14T23:00:00Z,0.000000
2026-08-15T00:00:00Z,0.000000
2026-08-15T01:00:00Z,0.000000
2026-08-15T02:00:00Z,0.000000
2026-08-15T03:00:00Z,0.000000
2026-08-15T04:00:00Z,0.000000
2026-08-15T05:00:00Z,0.000000
2026-08-15T06:00:00Z,0.000000
2026-08-15T07:00:00Z,0.000000
2026-08-15T08:00:00Z,0.279782
2026-08-15T09:00:00Z,1.567727
2026-08-15T10:00:00Z,2.032442
2026-08-15T11:00:00Z,3.049727
2026-08-15T12:00:00Z,11.175350
2026-08-15T13:00:00Z,2.701365
2026-08-15T14:00:00Z,1.411111
2026-08-15T15:00:00Z,0.799493
2026-08-15T16:00:00Z,0.554911
2026-08-15T17:00:00Z,0.000000
2026-08-15T18:00:00Z,0.000000
2026-08-15T19:00:00Z,0.000000
2026-08-15T20:00:00Z,0.000000
2026-08-15T21:00:00Z,0.000000
2026-08-15T22:00:00Z,0.000000
2026-08-15T23:00:00Z,0.000000
2026-08-16T00:00:00Z,0.000000
2026-08-16T01:00:00Z,0.000000
2026-08-16T02:00:00Z,0.000000
2026-08-16T03:00:00Z,0.000000
2026-08-16T04:00:00Z,0.000000
2026-08-16T05:00:00Z,0.000000
2026-08-16T06:00:00Z,0.000000
2026-08-16T07:00:00Z,0.799615
2026-08-16T08:00:00Z,3.033270
2026-08-16T09:00:00Z,0.056084
2026-08-16T10:00:00Z,3.169182
2026-08-16T11:00:00Z,1.446830
2026-08-16T12:00:00Z,3.320162
2026-08-16T13:00:00Z,0.000000
2026-08-16T14:00:00Z,0.000000
2026-08-16T15:00:00Z,0.000000
2026-08-16T16:00:00Z,0.000000
2026-08-16T17:00:00Z,0.000000
2026-08-16T18:00:00Z,0.000000
2026-08-16T19:00:00Z,0.000000
2026-08-16T20:00:00Z,0.000000
2026-08-16T21:00:00Z,0.000000
2026-08-16T22:00:00Z,0.000000
2026-08-16T23:00:00Z,0.000000
2026-08-17T00:00:00Z,0.000000
2026-08-17T01:00:00Z,0.000000
2026-08-17T02:00:00Z,0.000000
2026-08-17T03:00:00Z,0.000000
2026-08-17T04:00:00Z,0.000000
2026-08-17T05:00:00Z,0.000000
2026-08-17T06:00:00Z,0.437508
2026-08-17T07:00:00Z,1.800533
2026-08-17T08:00:00Z,3.258921
2026-08-17T09:00:00Z,7.678537
2026-08-17T10:00:00Z,9.927435
2026-08-17T11:00:00Z,12.509595
2026-08-17T12:00:00Z,10.618941
2026-08-17T13:00:00Z,6.628187
2026-08-17T14:00:00Z,2.222482
2026-08-17T15:00:00Z,2.020522
2026-08-17T16:00:00Z,0.000000
2026-08-17T17:00:00Z,0.000000
2026-08-17T18:00:00Z,0.000000
2026-08-17T19:00:00Z,0.000000
2026-08-17T20:00:00Z,0.000000
2026-08-17T21:00:00Z,0.000000
2026-08-17T22:00:00Z,0.000000
2026-08-17T23:00:00Z,0.000000
2026-08-18T00:00:00Z,0.000000
2026-08-18T01:00:00Z,0.000000
2026-08-18T02:00:00Z,0.000000
2026-08-18T03:00:00Z,0.000000
2026-08-18T04:00:00Z,0.000000
2026-08-18T05:00:00Z,0.000000
2026-08-18T06:00:00Z,0.000000
2026-08-18T07:00:00Z,2.525685
2026-08-18T08:00:00Z,2.243146
2026-08-18T09:00:00Z,3.675491
2026-08-18T10:00:00Z,9.454852
2026-08-18T11:00:00Z,7.383363
2026-08-18T12:00:00Z,5.237419
2026-08-18T13:00:00Z,1.874668
2026-08-18T14:00:00Z,0.433873
2026-08-18T15:00:00Z,0.000000
2026-08-18T16:00:00Z,0.000000
2026-08-18T17:00:00Z,0.000000
2026-08-18T18:00:00Z,0.000000
2026-08-18T19:00:00Z,0.000000
2026-08-18T20:00:00Z,0.000000
2026-08-18T21:00:00Z,0.000000
2026-08-18T22:00:00Z,0.000000
2026-08-18T23:00:00Z,0.000000
2026-08-19T00:00:00Z,0.000000
2026-08-19T01:00:00Z,0.000000
2026-08-19T02:00:00Z,0.000000
2026-08-19T03:00:00Z,0.000000
2026-08-19T04:00:00Z,0.000000
2026-08-19T05:00:00Z,0.000000
2026-08-19T06:00:00Z,0.000000
2026-08-19T07:00:00Z,0.000000
2026-08-19T08:00:00Z,0.156273
2026-08-19T09:00:00Z,0.000000
2026-08-19T10:00:00Z,0.000000
2026-08-19T11:00:00Z,0.243565
2026-08-19T12:00:00Z,10.228112
2026-08-19T13:00:00Z,7.454776
2026-08-19T14:00:00Z,6.261763
2026-08-19T15:00:00Z,1.539854
2026-08-19T16:00:00Z,0.000000
2026-08-19T17:00:00Z,0.000000
2026-08-19T18:00:00Z,0.000000
2026-08-19T19:00:00Z,0.000000
2026-08-19T20:00:00Z,0.000000
2026-08-19T21:00:00Z,0.000000
2026-08-19T22:00:00Z,0.000000
2026-08-19T23:00:00Z,0.000000
2026-08-20T00:00:00Z,0.000000
2026-08-20T01:00:00Z,0.000000
2026-08-20T02:00:00Z,0.000000
2026-08-20T03:00:00Z,0.000000
2026-08-20T04:00:00Z,0.000000
2026-08-20T05:00:00Z,0.000000
2026-08-20T06:00:00Z,0.000000
2026-08-20T07:00:00Z,0.000000
2026-08-20T08:00:00Z,4.425817
2026-08-20T09:00:00Z,12.354537
2026-08-20T10:00:00Z,3.823241
2026-08-20T11:00:00Z,1.752889
2026-08-20T12:00:00Z,3.996430
2026-08-20T13:00:00Z,7.830578
2026-08-20T14:00:00Z,0.000000
2026-08-20T15:00:00Z,1.341997
2026-08-20T16:00:00Z,0.000000
2026-08-20T17:00:00Z,0.000000
2026-08-20T18:00:00Z,0.000000
2026-08-20T19:00:00Z,0.000000
2026-08-20T20:00:00Z,0.000000
2026-08-20T21:00:00Z,0.000000
2026-08-20T22:00:00Z,0.000000
2026-08-20T23:00:00Z,0.000000
2026-08-21T00:00:00Z,0.000000
2026-08-21T01:00:00Z,0.000000
2026-08-21T02:00:00Z,0.000000
2026-08-21T03:00:00Z,0.000000
2026-08-21T04:00:00Z,0.000000
2026-08-21T05:00:00Z,0.000000
2026-08-21T06:00:00Z,0.508339
2026-08-21T07:00:00Z,4.234200
2026-08-21T08:00:00Z,4.240196
2026-08-21T09:00:00Z,7.883403
2026-08-21T10:00:00Z,8.846448
2026-08-21T11:00:00Z,7.770453
2026-08-21T12:00:00Z,10.865717
2026-08-21T13:00:00Z,6.477238
2026-08-21T14:00:00Z,1.510963
2026-08-21T15:00:00Z,3.454671
2026-08-21T16:00:00Z,0.000000
2026-08-21T17:00:00Z,0.000000
2026-08-21T18:00:00Z,0.000000
2026-08-21T19:00:00Z,0.000000
2026-08-21T20:00:00Z,0.000000
2026-08-21T21:00:00Z,0.000000
2026-08-21T22:00:00Z,0.000000
2026-08-21T23:00:00Z,0.000000
2026-08-22T00:00:00Z,0.000000
2026-08-22T01:00:00Z,0.000000
2026-08-22T02:00:00Z,0.000000
2026-08-22T03:00:00Z,0.000000
2026-08-22T04:00:00Z,0.000000
2026-08-22T05:00:00Z,0.000000
2026-08-22T06:00:00Z,0.718299
2026-08-22T07:00:00Z,1.466214
2026-08-22T08:00:00Z,1.824293
2026-08-22T09:00:00Z,4.362356
2026-08-22T10:00:00Z,6.458490
2026-08-22T11:00:00Z,4.728639
2026-08-22T12:00:00Z,9.462334
2026-08-22T13:00:00Z,3.280121
2026-08-22T14:00:00Z,6.961733
2026-08-22T15:00:00Z,5.416316
2026-08-22T16:00:00Z,0.000000
2026-08-22T17:00:00Z,0.000000
2026-08-22T18:00:00Z,0.000000
2026-08-22T19:00:00Z,0.000000
2026-08-22T20:00:00Z,0.000000
2026-08-22T21:00:00Z,0.000000
2026-08-22T22:00:00Z,0.000000
2026-08-22T23:00:00Z,0.000000
2026-08-23T00:00:00Z,0.000000
2026-08-23T01:00:00Z,0.000000
2026-08-23T02:00:00Z,0.000000
2026-08-23T03:00:00Z,0.000000
2026-08-23T04:00:00Z,0.000000
2026-08-23T05:00:00Z,0.000000
2026-08-23T06:00:00Z,0.000000
2026-08-23T07:00:00Z,0.000000
2026-08-23T08:00:00Z,2.041389
2026-08-23T09:00:00Z,6.111883
2026-08-23T10:00:00Z,1.376203
2026-08-23T11:00:00Z,7.427956
2026-08-23T12:00:00Z,2.626117
2026-08-23T13:00:00Z,4.145982
2026-08-23T14:00:00Z,3.359107
2026-08-23T15:00:00Z,0.907733
2026-08-23T16:00:00Z,0.000000
2026-08-23T17:00:00Z,0.000000
2026-08-23T18:00:00Z,0.000000
2026-08-23T19:00:00Z,0.000000
2026-08-23T20:00:00Z,0.000000
2026-08-23T21:00:00Z,0.000000
2026-08-23T22:00:00Z,0.000000
2026-08-23T23:00:00Z,0.000000
2026-08-24T00:00:00Z,0.000000
2026-08-24T01:00:00Z,0.000000
2026-08-24T02:00:00Z,0.000000
2026-08-24T03:00:00Z,0.000000
2026-08-24T04:00:00Z,0.000000
2026-08-24T05:00:00Z,0.000000
2026-08-24T06:00:00Z,0.634169
2026-08-24T07:00:00Z,5.401052
2026-08-24T08:00:00Z,9.451547
2026-08-24T09:00:00Z,13.179182
2026-08-24T10:00:00Z,15.398416
2026-08-24T11:00:00Z,16.192722
2026-08-24T12:00:00Z,15.354538
2026-08-24T13:00:00Z,13.170877
2026-08-24T14:00:00Z,9.404318
2026-08-24T15:00:00Z,5.027428
2026-08-24T16:00:00Z,0.616583
2026-08-24T17:00:00Z,0.000000
2026-08-24T18:00:00Z,0.000000
2026-08-24T19:00:00Z,0.000000
2026-08-24T20:00:00Z,0.000000
2026-08-24T21:00:00Z,0.000000
2026-08-24T22:00:00Z,0.000000
2026-08-24T23:00:00Z,0.000000
2026-08-25T00:00:00Z,0.000000
2026-08-25T01:00:00Z,0.000000
2026-08-25T02:00:00Z,0.000000
2026-08-25T03:00:00Z,0.000000
2026-08-25T04:00:00Z,0.000000
2026-08-25T05:00:00Z,0.000000
2026-08-25T06:00:00Z,0.646336
2026-08-25T07:00:00Z,5.465015
2026-08-25T08:00:00Z,9.817574
2026-08-25T09:00:00Z,13.215781
2026-08-25T10:00:00Z,15.415324
2026-08-25T11:00:00Z,16.188636
2026-08-25T12:00:00Z,15.535737
2026-08-25T13:00:00Z,12.153073
2026-08-25T14:00:00Z,7.963315
2026-08-25T15:00:00Z,5.167198
2026-08-25T16:00:00Z,0.759216
2026-08-25T17:00:00Z,0.000000
2026-08-25T18:00:00Z,0.000000
2026-08-25T19:00:00Z,0.000000
2026-08-25T20:00:00Z,0.000000
2026-08-25T21:00:00Z,0.000000
2026-08-25T22:00:00Z,0.000000
2026-08-25T23:00:00Z,0.000000
2026-08-26T00:00:00Z,0.000000
2026-08-26T01:00:00Z,0.000000
2026-08-26T02:00:00Z,0.000000
2026-08-26T03:00:00Z,0.000000
2026-08-26T04:00:00Z,0.000000
2026-08-26T05:00:00Z,0.000000
2026-08-26T06:00:00Z,0.807780
2026-08-26T07:00:00Z,5.481591
2026-08-26T08:00:00Z,9.837051
2026-08-26T09:00:00Z,13.268366
2026-08-26T10:00:00Z,15.507936
2026-08-26T11:00:00Z,16.323892
2026-08-26T12:00:00Z,13.520077
2026-08-26T13:00:00Z,8.230777
2026-08-26T14:00:00Z,4.856358
2026-08-26T15:00:00Z,5.097525
2026-08-26T16:00:00Z,0.496402
2026-08-26T17:00:00Z,0.000000
2026-08-26T18:00:00Z,0.000000
2026-08-26T19:00:00Z,0.000000
2026-08-26T20:00:00Z,0.000000
2026-08-26T21:00:00Z,0.000000
2026-08-26T22:00:00Z,0.000000
2026-08-26T23:00:00Z,0.000000
2026-08-27T00:00:00Z,0.000000
2026-08-27T01:00:00Z,0.000000
2026-08-27T02:00:00Z,0.000000
2026-08-27T03:00:00Z,0.000000
2026-08-27T04:00:00Z,0.000000
2026-08-27T05:00:00Z,0.000000
2026-08-27T06:00:00Z,0.000000
2026-08-27T07:00:00Z,0.298743
2026-08-27T08:00:00Z,4.440021
2026-08-27T09:00:00Z,9.831322
2026-08-27T10:00:00Z,13.252636
2026-08-27T11:00:00Z,15.670175
2026-08-27T12:00:00Z,13.640703
2026-08-27T13:00:00Z,12.164003
2026-08-27T14:00:00Z,5.119249
2026-08-27T15:00:00Z,3.258302
2026-08-27T16:00:00Z,0.000000
2026-08-27T17:00:00Z,0.000000
2026-08-27T18:00:00Z,0.000000
2026-08-27T19:00:00Z,0.000000
2026-08-27T20:00:00Z,0.000000
2026-08-27T21:00:00Z,0.000000
2026-08-27T22:00:00Z,0.000000
2026-08-27T23:00:00Z,0.000000
2026-08-28T00:00:00Z,0.000000
2026-08-28T01:00:00Z,0.000000
2026-08-28T02:00:00Z,0.000000
2026-08-28T03:00:00Z,0.000000
2026-08-28T04:00:00Z,0.000000
2026-08-28T05:00:00Z,0.000000
2026-08-28T06:00:00Z,0.000000
2026-08-28T07:00:00Z,0.000000
2026-08-28T08:00:00Z,0.000000
2026-08-28T09:00:00Z,0.000000
2026-08-28T10:00:00Z,0.000000
2026-08-28T11:00:00Z,0.000000
2026-08-28T12:00:00Z,0.000000
2026-08-28T13:00:00Z,0.000000
2026-08-28T14:00:00Z,0.000000
2026-08-28T15:00:00Z,0.000000
2026-08-28T16:00:00Z,0.000000
2026-08-28T17:00:00Z,0.000000
2026-08-28T18:00:00Z,0.000000
2026-08-28T19:00:00Z,0.000000
2026-08-28T20:00:00Z,0.000000
2026-08-28T21:00:00Z,0.000000
2026-08-28T22:00:00Z,0.000000
2026-08-28T23:00:00Z,0.000000
2026-08-29T00:00:00Z,0.000000
2026-08-29T01:00:00Z,0.000000
2026-08-29T02:00:00Z,0.000000
2026-08-29T03:00:00Z,0.000000
2026-08-29T04:00:00Z,0.000000
2026-08-29T05:00:00Z,0.000000
2026-08-29T06:00:00Z,0.000000
2026-08-29T07:00:00Z,0.000000
2026-08-29T08:00:00Z,0.144301
2026-08-29T09:00:00Z,2.716243
2026-08-29T10:00:00Z,0.912295
2026-08-29T11:00:00Z,1.428596
2026-08-29T12:00:00Z,7.048598
2026-08-29T13:00:00Z,2.846839
2026-08-29T14:00:00Z,0.000000
2026-08-29T15:00:00Z,0.000000
2026-08-29T16:00:00Z,0.000000
2026-08-29T17:00:00Z,0.000000
2026-08-29T18:00:00Z,0.000000
2026-08-29T19:00:00Z,0.000000
2026-08-29T20:00:00Z,0.000000
2026-08-29T21:00:00Z,0.000000
2026-08-29T22:00:00Z,0.000000
2026-08-29T23:00:00Z,0.000000
2026-08-30T00:00:00Z,0.000000
2026-08-30T01:00:00Z,0.000000
2026-08-30T02:00:00Z,0.000000
2026-08-30T03:00:00Z,0.000000
2026-08-30T04:00:00Z,0.000000
2026-08-30T05:00:00Z,0.000000
2026-08-30T06:00:00Z,0.000000
2026-08-30T07:00:00Z,0.000000
2026-08-30T08:00:00Z,0.760442
2026-08-30T09:00:00Z,0.279481
2026-08-30T10:00:00Z,0.000000
2026-08-30T11:00:00Z,0.028081
2026-08-30T12:00:00Z,1.068675
2026-08-30T13:00:00Z,1.627760
2026-08-30T14:00:00Z,1.072109
2026-08-30T15:00:00Z,0.000000
2026-08-30T16:00:00Z,0.000000
2026-08-30T17:00:00Z,0.000000
2026-08-30T18:00:00Z,0.000000
2026-08-30T19:00:00Z,0.000000
2026-08-30T20:00:00Z,0.000000
2026-08-30T21:00:00Z,0.000000
2026-08-30T22:00:00Z,0.000000
2026-08-30T23:00:00Z,0.000000
2026-08-31T00:00:00Z,0.000000
2026-08-31T01:00:00Z,0.000000
2026-08-31T02:00:00Z,0.000000
2026-08-31T03:00:00Z,0.000000
2026-08-31T04:00:00Z,0.000000
2026-08-31T05:00:00Z,0.000000
2026-08-31T06:00:00Z,0.000000
2026-08-31T07:00:00Z,0.000000
2026-08-31T08:00:00Z,0.000000
2026-08-31T09:00:00Z,0.000000
2026-08-31T10:00:00Z,1.342761
2026-08-31T11:00:00Z,1.138648
2026-08-31T12:00:00Z,2.690571
2026-08-31T13:00:00Z,0.623924
2026-08-31T14:00:00Z,2.378938
2026-08-31T15:00:00Z,0.000000
2026-08-31T16:00:00Z,0.000000
2026-08-31T17:00:00Z,0.000000
2026-08-31T18:00:00Z,0.000000
2026-08-31T19:00:00Z,0.000000
2026-08-31T20:00:00Z,0.000000
2026-08-31T21:00:00Z,0.000000
2026-08-31T22:00:00Z,0.000000
2026-08-31T23:00:00Z,0.000000
2026-09-01T00:00:00Z,0.000000
2026-09-01T01:00:00Z,0.000000
2026-09-01T02:00:00Z,0.000000
2026-09-01T03:00:00Z,0.000000
2026-09-01T04:00:00Z,0.000000
2026-09-01T05:00:00Z,0.000000
2026-09-01T06:00:00Z,0.000000
2026-09-01T07:00:00Z,2.262671
2026-09-01T08:00:00Z,4.709262
2026-09-01T09:00:00Z,8.264718
2026-09-01T10:00:00Z,2.932776
2026-09-01T11:00:00Z,0.236256
2026-09-01T12:00:00Z,2.664596
2026-09-01T13:00:00Z,4.807478
2026-09-01T14:00:00Z,7.697351
2026-09-01T15:00:00Z,0.607983
2026-09-01T16:00:00Z,0.000000
2026-09-01T17:00:00Z,0.000000
2026-09-01T18:00:00Z,0.000000
2026-09-01T19:00:00Z,0.000000
2026-09-01T20:00:00Z,0.000000
2026-09-01T21:00:00Z,0.000000
2026-09-01T22:00:00Z,0.000000
2026-09-01T23:00:00Z,0.000000
2026-09-02T00:00:00Z,0.000000
2026-09-02T01:00:00Z,0.000000
2026-09-02T02:00:00Z,0.000000
2026-09-02T03:00:00Z,0.000000
2026-09-02T04:00:00Z,0.000000
2026-09-02T05:00:00Z,0.000000
2026-09-02T06:00:00Z,0.000000
2026-09-02T07:00:00Z,0.000000
2026-09-02T08:00:00Z,0.000000
2026-09-02T09:00:00Z,0.000000
2026-09-02T10:00:00Z,0.941424
2026-09-02T11:00:00Z,2.130165
2026-09-02T12:00:00Z,2.819003
2026-09-02T13:00:00Z,4.720455
2026-09-02T14:00:00Z,1.338321
2026-09-02T15:00:00Z,1.276595
2026-09-02T16:00:00Z,0.000000
2026-09-02T17:00:00Z,0.000000
2026-09-02T18:00:00Z,0.000000
2026-09-02T19:00:00Z,0.000000
2026-09-02T20:00:00Z,0.000000
2026-09-02T21:00:00Z,0.000000
2026-09-02T22:00:00Z,0.000000
2026-09-02T23:00:00Z,0.000000
2026-09-03T00:00:00Z,0.000000
2026-09-03T01:00:00Z,0.000000
2026-09-03T02:00:00Z,0.000000
2026-09-03T03:00:00Z,0.000000
2026-09-03T04:00:00Z,0.000000
2026-09-03T05:00:00Z,0.000000
2026-09-03T06:00:00Z,0.000000
2026-09-03T07:00:00Z,0.000000
2026-09-03T08:00:00Z,0.000000
2026-09-03T09:00:00Z,0.000000
2026-09-03T10:00:00Z,0.000000
2026-09-03T11:00:00Z,0.000000
2026-09-03T12:00:00Z,0.184407
2026-09-03T13:00:00Z,1.360449
2026-09-03T14:00:00Z,4.109089
2026-09-03T15:00:00Z,0.000000
2026-09-03T16:00:00Z,0.000000
2026-09-03T17:00:00Z,0.000000
2026-09-03T18:00:00Z,0.000000
2026-09-03T19:00:00Z,0.000000
2026-09-03T20:00:00Z,0.000000
2026-09-03T21:00:00Z,0.000000
2026-09-03T22:00:00Z,0.000000
2026-09-03T23:00:00Z,0.000000
2026-09-04T00:00:00Z,0.000000
2026-09-04T01:00:00Z,0.000000
2026-09-04T02:00:00Z,0.000000
2026-09-04T03:00:00Z,0.000000
2026-09-04T04:00:00Z,0.000000
2026-09-04T05:00:00Z,0.000000
2026-09-04T06:00:00Z,0.000000
2026-09-04T07:00:00Z,0.000000
2026-09-04T08:00:00Z,0.000000
2026-09-04T09:00:00Z,0.000000
2026-09-04T10:00:00Z,0.000000
2026-09-04T11:00:00Z,0.000000
2026-09-04T12:00:00Z,4.379448
2026-09-04T13:00:00Z,0.001426
2026-09-04T14:00:00Z,0.000000
2026-09-04T15:00:00Z,0.000000
2026-09-04T16:00:00Z,0.000000
2026-09-04T17:00:00Z,0.000000
2026-09-04T18:00:00Z,0.000000
2026-09-04T19:00:00Z,0.000000
2026-09-04T20:00:00Z,0.000000
2026-09-04T21:00:00Z,0.000000
2026-09-04T22:00:00Z,0.000000
2026-09-04T23:00:00Z,0.000000
2026-09-05T00:00:00Z,0.000000
2026-09-05T01:00:00Z,0.000000
2026-09-05T02:00:00Z,0.000000
2026-09-05T03:00:00Z,0.000000
2026-09-05T04:00:00Z,0.000000
2026-09-05T05:00:00Z,0.000000
2026-09-05T06:00:00Z,0.000000
2026-09-05T07:00:00Z,0.000000
2026-09-05T08:00:00Z,0.000000
2026-09-05T09:00:00Z,10.459065
2026-09-05T10:00:00Z,8.527884
2026-09-05T11:00:00Z,13.079340
2026-09-05T12:00:00Z,8.363602
2026-09-05T13:00:00Z,4.678225
2026-09-05T14:00:00Z,1.715960
2026-09-05T15:00:00Z,0.742436
2026-09-05T16:00:00Z,0.000000
2026-09-05T17:00:00Z,0.000000
2026-09-05T18:00:00Z,0.000000
2026-09-05T19:00:00Z,0.000000
2026-09-05T20:00:00Z,0.000000
2026-09-05T21:00:00Z,0.000000
2026-09-05T22:00:00Z,0.000000
2026-09-05T23:00:00Z,0.000000
2026-09-06T00:00:00Z,0.000000
2026-09-06T01:00:00Z,0.000000
2026-09-06T02:00:00Z,0.000000
2026-09-06T03:00:00Z,0.000000
2026-09-06T04:00:00Z,0.000000
2026-09-06T05:00:00Z,0.000000
2026-09-06T06:00:00Z,0.125889
2026-09-06T07:00:00Z,4.153533
2026-09-06T08:00:00Z,4.615087
2026-09-06T09:00:00Z,4.483670
2026-09-06T10:00:00Z,9.007751
2026-09-06T11:00:00Z,13.173961
2026-09-06T12:00:00Z,4.635915
2026-09-06T13:00:00Z,5.202707
2026-09-06T14:00:00Z,1.950757
2026-09-06T15:00:00Z,0.000000
2026-09-06T16:00:00Z,0.000000
2026-09-06T17:00:00Z,0.000000
2026-09-06T18:00:00Z,0.000000
2026-09-06T19:00:00Z,0.000000
2026-09-06T20:00:00Z,0.000000
2026-09-06T21:00:00Z,0.000000
2026-09-06T22:00:00Z,0.000000
2026-09-06T23:00:00Z,0.000000
2026-09-07T00:00:00Z,0.000000
2026-09-07T01:00:00Z,0.000000
2026-09-07T02:00:00Z,0.000000
2026-09-07T03:00:00Z,0.000000
2026-09-07T04:00:00Z,0.000000
2026-09-07T05:00:00Z,0.000000
2026-09-07T06:00:00Z,0.000000
2026-09-07T07:00:00Z,0.000000
2026-09-07T08:00:00Z,5.975131
2026-09-07T09:00:00Z,6.905974
2026-09-07T10:00:00Z,10.851719
2026-09-07T11:00:00Z,14.067747
2026-09-07T12:00:00Z,10.411808
2026-09-07T13:00:00Z,8.508431
2026-09-07T14:00:00Z,6.892194
2026-09-07T15:00:00Z,0.989383
2026-09-07T16:00:00Z,0.000000
2026-09-07T17:00:00Z,0.000000
2026-09-07T18:00:00Z,0.000000
2026-09-07T19:00:00Z,0.000000
2026-09-07T20:00:00Z,0.000000
2026-09-07T21:00:00Z,0.000000
2026-09-07T22:00:00Z,0.000000
2026-09-07T23:00:00Z,0.000000
2026-09-08T00:00:00Z,0.000000
2026-09-08T01:00:00Z,0.000000
2026-09-08T02:00:00Z,0.000000
2026-09-08T03:00:00Z,0.000000
2026-09-08T04:00:00Z,0.000000
2026-09-08T05:00:00Z,0.000000
2026-09-08T06:00:00Z,0.000000
2026-09-08T07:00:00Z,0.000000
2026-09-08T08:00:00Z,1.443938
2026-09-08T09:00:00Z,2.962345
2026-09-08T10:00:00Z,0.738731
2026-09-08T11:00:00Z,2.479906
2026-09-08T12:00:00Z,1.280648
2026-09-08T13:00:00Z,0.000000
2026-09-08T14:00:00Z,0.000000
2026-09-08T15:00:00Z,0.000000
2026-09-08T16:00:00Z,0.000000
2026-09-08T17:00:00Z,0.000000
2026-09-08T18:00:00Z,0.000000
2026-09-08T19:00:00Z,0.000000
2026-09-08T20:00:00Z,0.000000
2026-09-08T21:00:00Z,0.000000
2026-09-08T22:00:00Z,0.000000
2026-09-08T23:00:00Z,0.000000
2026-09-09T00:00:00Z,0.000000
2026-09-09T01:00:00Z,0.000000
2026-09-09T02:00:00Z,0.000000
2026-09-09T03:00:00Z,0.000000
2026-09-09T04:00:00Z,0.000000
2026-09-09T05:00:00Z,0.000000
2026-09-09T06:00:00Z,0.000000
2026-09-09T07:00:00Z,1.412028
2026-09-09T08:00:00Z,8.646070
2026-09-09T09:00:00Z,9.098410
2026-09-09T10:00:00Z,6.022070
2026-09-09T11:00:00Z,6.354880
2026-09-09T12:00:00Z,11.024988
2026-09-09T13:00:00Z,2.017934
2026-09-09T14:00:00Z,2.045378
2026-09-09T15:00:00Z,0.000000
2026-09-09T16:00:00Z,0.000000
2026-09-09T17:00:00Z,0.000000
2026-09-09T18:00:00Z,0.000000
2026-09-09T19:00:00Z,0.000000
2026-09-09T20:00:00Z,0.000000
2026-09-09T21:00:00Z,0.000000
2026-09-09T22:00:00Z,0.000000
2026-09-09T23:00:00Z,0.000000
2026-09-10T00:00:00Z,0.000000
2026-09-10T01:00:00Z,0.000000
2026-09-10T02:00:00Z,0.000000
2026-09-10T03:00:00Z,0.000000
2026-09-10T04:00:00Z,0.000000
2026-09-10T05:00:00Z,0.000000
2026-09-10T06:00:00Z,0.000000
2026-09-10T07:00:00Z,4.766635
2026-09-10T08:00:00Z,5.403976
2026-09-10T09:00:00Z,3.098792
2026-09-10T10:00:00Z,0.663287
2026-09-10T11:00:00Z,2.549863
2026-09-10T12:00:00Z,0.956334
2026-09-10T13:00:00Z,0.102835
2026-09-10T14:00:00Z,0.355222
2026-09-10T15:00:00Z,0.000000
2026-09-10T16:00:00Z,0.000000
2026-09-10T17:00:00Z,0.000000
2026-09-10T18:00:00Z,0.000000
2026-09-10T19:00:00Z,0.000000
2026-09-10T20:00:00Z,0.000000
2026-09-10T21:00:00Z,0.000000
2026-09-10T22:00:00Z,0.000000
2026-09-10T23:00:00Z,0.000000
2026-09-11T00:00:00Z,0.000000
2026-09-11T01:00:00Z,0.000000
2026-09-11T02:00:00Z,0.000000
2026-09-11T03:00:00Z,0.000000
2026-09-11T04:00:00Z,0.000000
2026-09-11T05:00:00Z,0.000000
2026-09-11T06:00:00Z,0.000000
2026-09-11T07:00:00Z,0.000000
2026-09-11T08:00:00Z,0.000000
2026-09-11T09:00:00Z,0.000000
2026-09-11T10:00:00Z,0.000000
2026-09-11T11:00:00Z,0.000000
2026-09-11T12:00:00Z,0.000000
2026-09-11T13:00:00Z,0.000000
2026-09-11T14:00:00Z,0.000000
2026-09-11T15:00:00Z,0.000000
2026-09-11T16:00:00Z,0.000000
2026-09-11T17:00:00Z,0.000000
2026-09-11T18:00:00Z,0.000000
2026-09-11T19:00:00Z,0.000000
2026-09-11T20:00:00Z,0.000000
2026-09-11T21:00:00Z,0.000000
2026-09-11T22:00:00Z,0.000000
2026-09-11T23:00:00Z,0.000000
2026-09-12T00:00:00Z,0.000000
2026-09-12T01:00:00Z,0.000000
2026-09-12T02:00:00Z,0.000000
2026-09-12T03:00:00Z,0.000000
2026-09-12T04:00:00Z,0.000000
2026-09-12T05:00:00Z,0.000000
2026-09-12T06:00:00Z,0.000000
2026-09-12T07:00:00Z,2.958904
2026-09-12T08:00:00Z,0.318143
2026-09-12T09:00:00Z,2.885127
2026-09-12T10:00:00Z,0.667965
2026-09-12T11:00:00Z,2.812395
2026-09-12T12:00:00Z,2.359292
2026-09-12T13:00:00Z,0.000000
2026-09-12T14:00:00Z,0.000000
2026-09-12T15:00:00Z,0.000000
2026-09-12T16:00:00Z,0.000000
2026-09-12T17:00:00Z,0.000000
2026-09-12T18:00:00Z,0.000000
2026-09-12T19:00:00Z,0.000000
2026-09-12T20:00:00Z,0.000000
2026-09-12T21:00:00Z,0.000000
2026-09-12T22:00:00Z,0.000000
2026-09-12T23:00:00Z,0.000000
2026-09-13T00:00:00Z,0.000000
2026-09-13T01:00:00Z,0.000000
2026-09-13T02:00:00Z,0.000000
2026-09-13T03:00:00Z,0.000000
2026-09-13T04:00:00Z,0.000000
2026-09-13T05:00:00Z,0.000000
2026-09-13T06:00:00Z,0.000000
2026-09-13T07:00:00Z,0.000000
2026-09-13T08:00:00Z,1.955922
2026-09-13T09:00:00Z,5.961959
2026-09-13T10:00:00Z,7.580052
2026-09-13T11:00:00Z,10.807138
2026-09-13T12:00:00Z,7.277574
2026-09-13T13:00:00Z,7.147087
2026-09-13T14:00:00Z,0.825594
2026-09-13T15:00:00Z,0.000000
2026-09-13T16:00:00Z,0.000000
2026-09-13T17:00:00Z,0.000000
2026-09-13T18:00:00Z,0.000000
2026-09-13T19:00:00Z,0.000000
2026-09-13T20:00:00Z,0.000000
2026-09-13T21:00:00Z,0.000000
2026-09-13T22:00:00Z,0.000000
2026-09-13T23:00:00Z,0.000000
2026-09-14T00:00:00Z,0.000000
2026-09-14T01:00:00Z,0.000000
2026-09-14T02:00:00Z,0.000000
2026-09-14T03:00:00Z,0.000000
2026-09-14T04:00:00Z,0.000000
2026-09-14T05:00:00Z,0.000000
2026-09-14T06:00:00Z,0.000000
2026-09-14T07:00:00Z,0.600766
2026-09-14T08:00:00Z,3.148281
2026-09-14T09:00:00Z,3.054608
2026-09-14T10:00:00Z,5.340962
2026-09-14T11:00:00Z,2.404692
2026-09-14T12:00:00Z,6.253213
2026-09-14T13:00:00Z,3.325486
2026-09-14T14:00:00Z,0.203243
2026-09-14T15:00:00Z,0.000000
2026-09-14T16:00:00Z,0.000000
2026-09-14T17:00:00Z,0.000000
2026-09-14T18:00:00Z,0.000000
2026-09-14T19:00:00Z,0.000000
2026-09-14T20:00:00Z,0.000000
2026-09-14T21:00:00Z,0.000000
2026-09-14T22:00:00Z,0.000000
2026-09-14T23:00:00Z,0.000000
2026-09-15T00:00:00Z,0.000000
2026-09-15T01:00:00Z,0.000000
2026-09-15T02:00:00Z,0.000000
2026-09-15T03:00:00Z,0.000000
2026-09-15T04:00:00Z,0.000000
2026-09-15T05:00:00Z,0.000000
2026-09-15T06:00:00Z,0.000000
2026-09-15T07:00:00Z,0.000000
2026-09-15T08:00:00Z,0.000000
2026-09-15T09:00:00Z,0.000000
2026-09-15T10:00:00Z,0.000000
2026-09-15T11:00:00Z,0.000000
2026-09-15T12:00:00Z,0.000000
2026-09-15T13:00:00Z,0.000000
2026-09-15T14:00:00Z,0.000000
2026-09-15T15:00:00Z,0.000000
2026-09-15T16:00:00Z,0.000000
2026-09-15T17:00:00Z,0.000000
2026-09-15T18:00:00Z,0.000000
2026-09-15T19:00:00Z,0.000000
2026-09-15T20:00:00Z,0.000000
2026-09-15T21:00:00Z,0.000000
2026-09-15T22:00:00Z,0.000000
2026-09-15T23:00:00Z,0.000000
2026-09-16T00:00:00Z,0.000000
2026-09-16T01:00:00Z,0.000000
2026-09-16T02:00:00Z,0.000000
2026-09-16T03:00:00Z,0.000000
2026-09-16T04:00:00Z,0.000000
2026-09-16T05:00:00Z,0.000000
2026-09-16T06:00:00Z,0.000000
2026-09-16T07:00:00Z,3.882368
2026-09-16T08:00:00Z,4.870839
2026-09-16T09:00:00Z,6.198903
2026-09-16T10:00:00Z,4.882407
2026-09-16T11:00:00Z,7.912128
2026-09-16T12:00:00Z,4.455798
2026-09-16T13:00:00Z,6.439159
2026-09-16T14:00:00Z,2.824775
2026-09-16T15:00:00Z,0.000000
2026-09-16T16:00:00Z,0.000000
2026-09-16T17:00:00Z,0.000000
2026-09-16T18:00:00Z,0.000000
2026-09-16T19:00:00Z,0.000000
2026-09-16T20:00:00Z,0.000000
2026-09-16T21:00:00Z,0.000000
2026-09-16T22:00:00Z,0.000000
2026-09-16T23:00:00Z,0.000000
2026-09-17T00:00:00Z,0.000000
2026-09-17T01:00:00Z,0.000000
2026-09-17T02:00:00Z,0.000000
2026-09-17T03:00:00Z,0.000000
2026-09-17T04:00:00Z,0.000000
2026-09-17T05:00:00Z,0.000000
2026-09-17T06:00:00Z,0.000000
2026-09-17T07:00:00Z,0.000000
2026-09-17T08:00:00Z,0.000000
2026-09-17T09:00:00Z,0.000000
2026-09-17T10:00:00Z,0.000000
2026-09-17T11:00:00Z,0.000000
2026-09-17T12:00:00Z,0.000000
2026-09-17T13:00:00Z,0.000000
2026-09-17T14:00:00Z,0.000000
2026-09-17T15:00:00Z,0.000000
2026-09-17T16:00:00Z,0.000000
2026-09-17T17:00:00Z,0.000000
2026-09-17T18:00:00Z,0.000000
2026-09-17T19:00:00Z,0.000000
2026-09-17T20:00:00Z,0.000000
2026-09-17T21:00:00Z,0.000000
2026-09-17T22:00:00Z,0.000000
2026-09-17T23:00:00Z,0.000000
2026-09-18T00:00:00Z,0.000000
2026-09-18T01:00:00Z,0.000000
2026-09-18T02:00:00Z,0.000000
2026-09-18T03:00:00Z,0.000000
2026-09-18T04:00:00Z,0.000000
2026-09-18T05:00:00Z,0.000000
2026-09-18T06:00:00Z,0.000000
2026-09-18T07:00:00Z,0.000000
2026-09-18T08:00:00Z,1.003066
2026-09-18T09:00:00Z,11.888563
2026-09-18T10:00:00Z,4.391659
2026-09-18T11:00:00Z,4.783328
2026-09-18T12:00:00Z,0.573074
2026-09-18T13:00:00Z,0.000000
2026-09-18T14:00:00Z,1.386696
2026-09-18T15:00:00Z,0.774500
2026-09-18T16:00:00Z,0.000000
2026-09-18T17:00:00Z,0.000000
2026-09-18T18:00:00Z,0.000000
2026-09-18T19:00:00Z,0.000000
2026-09-18T20:00:00Z,0.000000
2026-09-18T21:00:00Z,0.000000
2026-09-18T22:00:00Z,0.000000
2026-09-18T23:00:00Z,0.000000
2026-09-19T00:00:00Z,0.000000
2026-09-19T01:00:00Z,0.000000
2026-09-19T02:00:00Z,0.000000
2026-09-19T03:00:00Z,0.000000
2026-09-19T04:00:00Z,0.000000
2026-09-19T05:00:00Z,0.000000
2026-09-19T06:00:00Z,0.000000
2026-09-19T07:00:00Z,0.000000
2026-09-19T08:00:00Z,0.000000
2026-09-19T09:00:00Z,0.000000
2026-09-19T10:00:00Z,0.000000
2026-09-19T11:00:00Z,0.000000
2026-09-19T12:00:00Z,0.000000
2026-09-19T13:00:00Z,0.000000
2026-09-19T14:00:00Z,0.000000
2026-09-19T15:00:00Z,0.000000
2026-09-19T16:00:00Z,0.000000
2026-09-19T17:00:00Z,0.000000
2026-09-19T18:00:00Z,0.000000
2026-09-19T19:00:00Z,0.000000
2026-09-19T20:00:00Z,0.000000
2026-09-19T21:00:00Z,0.000000
2026-09-19T22:00:00Z,0.000000
2026-09-19T23:00:00Z,0.000000
2026-09-20T00:00:00Z,0.000000
2026-09-20T01:00:00Z,0.000000
2026-09-20T02:00:00Z,0.000000
2026-09-20T03:00:00Z,0.000000
2026-09-20T04:00:00Z,0.000000
2026-09-20T05:00:00Z,0.000000
2026-09-20T06:00:00Z,0.000000
2026-09-20T07:00:00Z,3.090740
2026-09-20T08:00:00Z,2.492118
2026-09-20T09:00:00Z,4.081850
2026-09-20T10:00:00Z,2.656352
2026-09-20T11:00:00Z,3.064912
2026-09-20T12:00:00Z,3.673486
2026-09-20T13:00:00Z,0.156067
2026-09-20T14:00:00Z,0.034945
2026-09-20T15:00:00Z,0.000000
2026-09-20T16:00:00Z,0.000000
2026-09-20T17:00:00Z,0.000000
2026-09-20T18:00:00Z,0.000000
2026-09-20T19:00:00Z,0.000000
2026-09-20T20:00:00Z,0.000000
2026-09-20T21:00:00Z,0.000000
2026-09-20T22:00:00Z,0.000000
2026-09-20T23:00:00Z,0.000000
2026-09-21T00:00:00Z,0.000000
2026-09-21T01:00:00Z,0.000000
2026-09-21T02:00:00Z,0.000000
2026-09-21T03:00:00Z,0.000000
2026-09-21T04:00:00Z,0.000000
2026-09-21T05:00:00Z,0.000000
2026-09-21T06:00:00Z,0.000000
2026-09-21T07:00:00Z,3.793185
2026-09-21T08:00:00Z,8.404153
2026-09-21T09:00:00Z,5.964264
2026-09-21T10:00:00Z,3.396130
2026-09-21T11:00:00Z,6.577147
2026-09-21T12:00:00Z,1.641043
2026-09-21T13:00:00Z,3.054749
2026-09-21T14:00:00Z,0.000000
2026-09-21T15:00:00Z,0.000000
2026-09-21T16:00:00Z,0.000000
2026-09-21T17:00:00Z,0.000000
2026-09-21T18:00:00Z,0.000000
2026-09-21T19:00:00Z,0.000000
2026-09-21T20:00:00Z,0.000000
2026-09-21T21:00:00Z,0.000000
2026-09-21T22:00:00Z,0.000000
2026-09-21T23:00:00Z,0.000000
2026-09-22T00:00:00Z,0.000000
2026-09-22T01:00:00Z,0.000000
2026-09-22T02:00:00Z,0.000000
2026-09-22T03:00:00Z,0.000000
2026-09-22T04:00:00Z,0.000000
2026-09-22T05:00:00Z,0.000000
2026-09-22T06:00:00Z,0.000000
2026-09-22T07:00:00Z,2.759026
2026-09-22T08:00:00Z,7.698708
2026-09-22T09:00:00Z,4.682752
2026-09-22T10:00:00Z,9.892378
2026-09-22T11:00:00Z,9.793175
2026-09-22T12:00:00Z,12.903660
2026-09-22T13:00:00Z,10.712510
2026-09-22T14:00:00Z,3.703177
2026-09-22T15:00:00Z,0.000000
2026-09-22T16:00:00Z,0.000000
2026-09-22T17:00:00Z,0.000000
2026-09-22T18:00:00Z,0.000000
2026-09-22T19:00:00Z,0.000000
2026-09-22T20:00:00Z,0.000000
2026-09-22T21:00:00Z,0.000000
2026-09-22T22:00:00Z,0.000000
2026-09-22T23:00:00Z,0.000000
2026-09-23T00:00:00Z,0.000000
2026-09-23T01:00:00Z,0.000000
2026-09-23T02:00:00Z,0.000000
2026-09-23T03:00:00Z,0.000000
2026-09-23T04:00:00Z,0.000000
2026-09-23T05:00:00Z,0.000000
2026-09-23T06:00:00Z,0.000000
2026-09-23T07:00:00Z,0.000000
2026-09-23T08:00:00Z,0.000000
2026-09-23T09:00:00Z,0.375047
2026-09-23T10:00:00Z,0.963833
2026-09-23T11:00:00Z,1.182737
2026-09-23T12:00:00Z,0.833884
2026-09-23T13:00:00Z,0.000000
2026-09-23T14:00:00Z,0.000000
2026-09-23T15:00:00Z,0.000000
2026-09-23T16:00:00Z,0.000000
2026-09-23T17:00:00Z,0.000000
2026-09-23T18:00:00Z,0.000000
2026-09-23T19:00:00Z,0.000000
2026-09-23T20:00:00Z,0.000000
2026-09-23T21:00:00Z,0.000000
2026-09-23T22:00:00Z,0.000000
2026-09-23T23:00:00Z,0.000000
2026-09-24T00:00:00Z,0.000000
2026-09-24T01:00:00Z,0.000000
2026-09-24T02:00:00Z,0.000000
2026-09-24T03:00:00Z,0.000000
2026-09-24T04:00:00Z,0.000000
2026-09-24T05:00:00Z,0.000000
2026-09-24T06:00:00Z,0.000000
2026-09-24T07:00:00Z,0.000000
2026-09-24T08:00:00Z,0.000000
2026-09-24T09:00:00Z,0.000000
2026-09-24T10:00:00Z,0.000000
2026-09-24T11:00:00Z,0.000000
2026-09-24T12:00:00Z,0.000000
2026-09-24T13:00:00Z,0.000000
2026-09-24T14:00:00Z,0.176295
2026-09-24T15:00:00Z,0.000000
2026-09-24T16:00:00Z,0.000000
2026-09-24T17:00:00Z,0.000000
2026-09-24T18:00:00Z,0.000000
2026-09-24T19:00:00Z,0.000000
2026-09-24T20:00:00Z,0.000000
2026-09-24T21:00:00Z,0.000000
2026-09-24T22:00:00Z,0.000000
2026-09-24T23:00:00Z,0.000000
2026-09-25T00:00:00Z,0.000000
2026-09-25T01:00:00Z,0.000000
2026-09-25T02:00:00Z,0.000000
2026-09-25T03:00:00Z,0.000000
2026-09-25T04:00:00Z,0.000000
2026-09-25T05:00:00Z,0.000000
2026-09-25T06:00:00Z,0.000000
2026-09-25T07:00:00Z,2.232865
2026-09-25T08:00:00Z,7.851405
2026-09-25T09:00:00Z,5.806142
2026-09-25T10:00:00Z,5.817294
2026-09-25T11:00:00Z,0.000000
2026-09-25T12:00:00Z,3.335045
2026-09-25T13:00:00Z,1.754407
2026-09-25T14:00:00Z,0.000000
2026-09-25T15:00:00Z,0.000000
2026-09-25T16:00:00Z,0.000000
2026-09-25T17:00:00Z,0.000000
2026-09-25T18:00:00Z,0.000000
2026-09-25T19:00:00Z,0.000000
2026-09-25T20:00:00Z,0.000000
2026-09-25T21:00:00Z,0.000000
2026-09-25T22:00:00Z,0.000000
2026-09-25T23:00:00Z,0.000000
2026-09-26T00:00:00Z,0.000000
2026-09-26T01:00:00Z,0.000000
2026-09-26T02:00:00Z,0.000000
2026-09-26T03:00:00Z,0.000000
2026-09-26T04:00:00Z,0.000000
2026-09-26T05:00:00Z,0.000000
2026-09-26T06:00:00Z,0.000000
2026-09-26T07:00:00Z,3.845857
2026-09-26T08:00:00Z,4.936895
2026-09-26T09:00:00Z,6.609195
2026-09-26T10:00:00Z,10.446783
2026-09-26T11:00:00Z,15.870074
2026-09-26T12:00:00Z,14.802576
2026-09-26T13:00:00Z,4.144293
2026-09-26T14:00:00Z,3.050344
2026-09-26T15:00:00Z,1.189364
2026-09-26T16:00:00Z,0.000000
2026-09-26T17:00:00Z,0.000000
2026-09-26T18:00:00Z,0.000000
2026-09-26T19:00:00Z,0.000000
2026-09-26T20:00:00Z,0.000000
2026-09-26T21:00:00Z,0.000000
2026-09-26T22:00:00Z,0.000000
2026-09-26T23:00:00Z,0.000000
2026-09-27T00:00:00Z,0.000000
2026-09-27T01:00:00Z,0.000000
2026-09-27T02:00:00Z,0.000000
2026-09-27T03:00:00Z,0.000000
2026-09-27T04:00:00Z,0.000000
2026-09-27T05:00:00Z,0.000000
2026-09-27T06:00:00Z,0.000000
2026-09-27T07:00:00Z,3.288671
2026-09-27T08:00:00Z,8.025685
2026-09-27T09:00:00Z,11.727437
2026-09-27T10:00:00Z,13.575729
2026-09-27T11:00:00Z,12.420853
2026-09-27T12:00:00Z,9.259010
2026-09-27T13:00:00Z,7.384379
2026-09-27T14:00:00Z,2.271800
2026-09-27T15:00:00Z,0.000000
2026-09-27T16:00:00Z,0.000000
2026-09-27T17:00:00Z,0.000000
2026-09-27T18:00:00Z,0.000000
2026-09-27T19:00:00Z,0.000000
2026-09-27T20:00:00Z,0.000000
2026-09-27T21:00:00Z,0.000000
2026-09-27T22:00:00Z,0.000000
2026-09-27T23:00:00Z,0.000000
2026-09-28T00:00:00Z,0.000000
2026-09-28T01:00:00Z,0.000000
2026-09-28T02:00:00Z,0.000000
2026-09-28T03:00:00Z,0.000000
2026-09-28T04:00:00Z,0.000000
2026-09-28T05:00:00Z,0.000000
2026-09-28T06:00:00Z,0.000000
2026-09-28T07:00:00Z,0.000000
2026-09-28T08:00:00Z,0.000000
2026-09-28T09:00:00Z,0.000000
2026-09-28T10:00:00Z,0.000000
2026-09-28T11:00:00Z,0.000000
2026-09-28T12:00:00Z,0.000000
2026-09-28T13:00:00Z,0.000000
2026-09-28T14:00:00Z,0.000000
2026-09-28T15:00:00Z,0.000000
2026-09-28T16:00:00Z,0.000000
2026-09-28T17:00:00Z,0.000000
2026-09-28T18:00:00Z,0.000000
2026-09-28T19:00:00Z,0.000000
2026-09-28T20:00:00Z,0.000000
2026-09-28T21:00:00Z,0.000000
2026-09-28T22:00:00Z,0.000000
2026-09-28T23:00:00Z,0.000000
2026-09-29T00:00:00Z,0.000000
2026-09-29T01:00:00Z,0.000000
2026-09-29T02:00:00Z,0.000000
2026-09-29T03:00:00Z,0.000000
2026-09-29T04:00:00Z,0.000000
2026-09-29T05:00:00Z,0.000000
2026-09-29T06:00:00Z,0.000000
2026-09-29T07:00:00Z,0.000000
2026-09-29T08:00:00Z,0.438327
2026-09-29T09:00:00Z,0.000000
2026-09-29T10:00:00Z,0.000000
2026-09-29T11:00:00Z,0.000000
2026-09-29T12:00:00Z,0.000000
2026-09-29T13:00:00Z,0.000000
2026-09-29T14:00:00Z,0.000000
2026-09-29T15:00:00Z,0.000000
2026-09-29T16:00:00Z,0.000000
2026-09-29T17:00:00Z,0.000000
2026-09-29T18:00:00Z,0.000000
2026-09-29T19:00:00Z,0.000000
2026-09-29T20:00:00Z,0.000000
2026-09-29T21:00:00Z,0.000000
2026-09-29T22:00:00Z,0.000000
2026-09-29T23:00:00Z,0.000000
2026-09-30T00:00:00Z,0.000000
2026-09-30T01:00:00Z,0.000000
2026-09-30T02:00:00Z,0.000000
2026-09-30T03:00:00Z,0.000000
2026-09-30T04:00:00Z,0.000000
2026-09-30T05:00:00Z,0.000000
2026-09-30T06:00:00Z,0.000000
2026-09-30T07:00:00Z,2.178699
2026-09-30T08:00:00Z,7.483672
2026-09-30T09:00:00Z,10.944876
2026-09-30T10:00:00Z,13.046391
2026-09-30T11:00:00Z,13.519894
2026-09-30T12:00:00Z,12.378271
2026-09-30T13:00:00Z,9.627746
2026-09-30T14:00:00Z,5.321929
2026-09-30T15:00:00Z,0.907598
2026-09-30T16:00:00Z,0.000000
2026-09-30T17:00:00Z,0.000000
2026-09-30T18:00:00Z,0.000000
2026-09-30T19:00:00Z,0.000000
2026-09-30T20:00:00Z,0.000000
2026-09-30T21:00:00Z,0.000000
2026-09-30T22:00:00Z,0.000000
2026-09-30T23:00:00Z,0.000000
2026-10-01T00:00:00Z,0.000000
2026-10-01T01:00:00Z,0.000000
2026-10-01T02:00:00Z,0.000000
2026-10-01T03:00:00Z,0.000000
2026-10-01T04:00:00Z,0.000000
2026-10-01T05:00:00Z,0.000000
2026-10-01T06:00:00Z,0.000000
2026-10-01T07:00:00Z,0.000000
2026-10-01T08:00:00Z,0.239383
2026-10-01T09:00:00Z,0.000000
2026-10-01T10:00:00Z,0.419315
2026-10-01T11:00:00Z,0.000000
2026-10-01T12:00:00Z,0.000000
2026-10-01T13:00:00Z,0.000000
2026-10-01T14:00:00Z,0.000000
2026-10-01T15:00:00Z,0.000000
2026-10-01T16:00:00Z,0.000000
2026-10-01T17:00:00Z,0.000000
2026-10-01T18:00:00Z,0.000000
2026-10-01T19:00:00Z,0.000000
2026-10-01T20:00:00Z,0.000000
2026-10-01T21:00:00Z,0.000000
2026-10-01T22:00:00Z,0.000000
2026-10-01T23:00:00Z,0.000000
2026-10-02T00:00:00Z,0.000000
2026-10-02T01:00:00Z,0.000000
2026-10-02T02:00:00Z,0.000000
2026-10-02T03:00:00Z,0.000000
2026-10-02T04:00:00Z,0.000000
2026-10-02T05:00:00Z,0.000000
2026-10-02T06:00:00Z,0.000000
2026-10-02T07:00:00Z,0.000000
2026-10-02T08:00:00Z,0.141243
2026-10-02T09:00:00Z,6.895349
2026-10-02T10:00:00Z,11.917409
2026-10-02T11:00:00Z,13.260110
2026-10-02T12:00:00Z,11.218445
2026-10-02T13:00:00Z,9.305163
2026-10-02T14:00:00Z,4.997576
2026-10-02T15:00:00Z,0.449469
2026-10-02T16:00:00Z,0.000000
2026-10-02T17:00:00Z,0.000000
2026-10-02T18:00:00Z,0.000000
2026-10-02T19:00:00Z,0.000000
2026-10-02T20:00:00Z,0.000000
2026-10-02T21:00:00Z,0.000000
2026-10-02T22:00:00Z,0.000000
2026-10-02T23:00:00Z,0.000000
2026-10-03T00:00:00Z,0.000000
2026-10-03T01:00:00Z,0.000000
2026-10-03T02:00:00Z,0.000000
2026-10-03T03:00:00Z,0.000000
2026-10-03T04:00:00Z,0.000000
2026-10-03T05:00:00Z,0.000000
2026-10-03T06:00:00Z,0.000000
2026-10-03T07:00:00Z,2.108189
2026-10-03T08:00:00Z,6.536144
2026-10-03T09:00:00Z,9.931269
2026-10-03T10:00:00Z,10.682273
2026-10-03T11:00:00Z,7.226938
2026-10-03T12:00:00Z,11.213905
2026-10-03T13:00:00Z,8.774283
2026-10-03T14:00:00Z,0.000000
2026-10-03T15:00:00Z,0.000000
2026-10-03T16:00:00Z,0.000000
2026-10-03T17:00:00Z,0.000000
2026-10-03T18:00:00Z,0.000000
2026-10-03T19:00:00Z,0.000000
2026-10-03T20:00:00Z,0.000000
2026-10-03T21:00:00Z,0.000000
2026-10-03T22:00:00Z,0.000000
2026-10-03T23:00:00Z,0.000000
